365,185,9,114,302
365,185,9,114,304
365,185,9,114,27
365,185,9,114,305
365,185,9,201,23
365,185,9,201,303
365,185,9,201,26
365,185,9,202,24
365,185,9,202,26
365,185,9,115,303
365,185,9,203,25
365,185,9,116,304
365,185,9,117,305
365,185,287,200,22
365,185,287,200,25
365,185,287,113,301
365,185,287,113,303
365,185,287,114,302
365,185,287,201,23
365,185,287,202,24
365,185,287,115,303
365,185,287,203,25
365,185,10,202,24
365,185,10,202,26
365,185,10,115,303
365,185,10,203,25
365,185,10,116,304
365,185,10,117,305
365,185,288,114,302
365,185,288,201,23
365,185,288,202,24
365,185,288,115,303
365,185,288,203,25
365,185,11,115,303
365,185,11,203,25
365,185,11,116,304
365,185,11,117,305
365,185,289,202,24
365,185,289,115,303
365,185,289,203,25
365,185,12,116,304
365,185,12,117,305
365,185,290,115,303
365,185,290,203,25
365,185,13,117,305
365,98,286,114,302
365,98,286,114,304
365,98,286,201,23
365,98,286,201,303
365,98,286,202,24
365,98,286,115,303
365,98,286,203,25
365,98,286,116,304
365,98,291,114,304
365,98,291,116,304
365,98,291
365,98,14,205,27
365,98,14
365,98,292
365,98,15
365,98,293
365,98,16
365,186,8,202,24
365,186,8,202,26
365,186,8,202,304
365,186,8,115,303
365,186,8,203,25
365,186,8,116,304
365,186,8,117,305
365,186,13,117,305
365,186,13
365,186,291
365,186,14
365,186,292
365,186,15
365,99,287,202,24
365,99,287,115,303
365,99,287,203,25
365,99,287,116,304
365,99,292
365,99,15
365,99,293
365,99,16
365,187,9,115,303
365,187,9,203,25
365,187,9,116,304
365,187,9,117,305
365,187,14
365,187,292
365,187,15
365,100,288,114,302
365,100,288,114,304
365,100,288,201,23
365,100,288,201,303
365,100,288,202,24
365,100,288,115,303
365,100,288,203,25
365,100,288,116,304
365,100,291,114,304
365,100,291,116,304
365,100,291
365,100,14,205,27
365,100,14
365,100,292
365,100,15
365,100,293
365,100,16
365,188,10,116,304
365,188,10,117,305
365,188,13,117,305
365,188,13
365,188,291
365,188,14
365,188,292
365,188,15
365,101,289,202,24
365,101,289,115,303
365,101,289,203,25
365,101,289,116,304
365,101,292
365,101,15
365,101,293
365,101,16
365,189,11,117,305
365,189,14
365,189,292
365,189,15
365,102,290,115,303
365,102,290,203,25
365,102,290,116,304
365,102,292
365,102,15
365,102,293
365,102,16
365,190,12
365,190,292
365,190,15
365,103,291,116,304
365,103,291
365,103,293
365,103,16
365,191,13
365,191,15
365,192,14
365,104,292
365,105,293
366,1,194,19,208
366,1,194,19,211
366,1,194,297,120
366,1,194,297,123
366,1,194,297,210
366,1,194,20,209
366,1,194,298,121
366,1,194,21,210
366,1,194,299,122
366,1,194,22,211
366,1,194,300,123
366,1,107,298,211
366,1,195,20,209
366,1,195,298,121
366,1,195,21,210
366,1,195,299,122
366,1,195,22,211
366,1,195,300,123
366,1,196,21,210
366,1,196,299,122
366,1,196,22,211
366,1,196,300,123
366,1,197,22,211
366,1,197,300,123
366,281,104,20,209
366,281,104,20,212
366,281,104,298,121
366,281,104,21,210
366,281,104,299,122
366,281,104,22,211
366,281,104,300,123
366,281,110
366,281,197
366,281,198
366,281,111
366,281,199
366,281,112
366,282,105,21,210
366,282,105,299,122
366,282,105,22,211
366,282,105,300,123
366,282,198
366,282,111
366,282,199
366,282,112
366,4,193,20,209
366,4,193,298,121
366,4,193,21,210
366,4,193,299,122
366,4,193,22,211
366,4,193,300,123
366,4,198
366,4,111
366,4,199
366,4,112
366,4,200
366,4,113
366,5,194,21,210
366,5,194,299,122
366,5,194,22,211
366,5,194,300,123
366,5,110,298,211
366,5,110
366,5,197,22,211
366,5,197,300,123
366,5,197
366,5,198
366,5,111
366,5,199
366,5,112
366,5,200
366,5,113
366,283,106,22,211
366,283,106,300,123
366,283,110
366,283,197
366,283,198
366,283,111
366,283,199
366,283,112
366,6,195,22,211
366,6,195,300,123
366,6,198
366,6,111
366,6,199
366,6,112
366,6,200
366,6,113
366,284,107,300,123
366,284,110
366,284,197
366,284,198
366,284,111
366,284,199
366,284,112
366,7,199
366,7,112
366,7,200
366,7,113
366,285,108,299,122
366,285,108,22,211
366,285,108,300,123
366,285,198
366,285,111
366,285,199
366,285,112
366,8,197
366,8,200
366,8,113
366,286,109,300,123
366,286,109
366,286,199
366,286,112
366,9,198
366,287,110
366,10,199
366,288,111
366,11,200
366,289,112
92,280,106,20,209
92,280,106,20,212
92,280,106,298,121
92,280,106,298,124
92,280,106,298,211
92,280,106,21,210
92,280,106,299,122
92,280,106,22,211
92,280,106,300,123
92,280,106,23,212
92,280,194,19,208
92,280,194,19,211
92,280,194,297,120
92,280,194,20,209
92,280,194,298,121
92,280,194,21,210
92,280,194,299,122
92,280,194,22,211
92,280,107,298,121
92,280,107,298,124
92,280,107,298,211
92,280,107,21,210
92,280,107,299,122
92,280,107,22,211
92,280,107,300,123
92,280,107,23,212
92,280,108,299,122
92,280,108,22,211
92,280,108,300,123
92,280,108,23,212
92,280,195,20,209
92,280,195,298,121
92,280,195,21,210
92,280,195,299,122
92,280,195,22,211
92,280,109,300,123
92,280,109,23,212
92,280,196,21,210
92,280,196,299,122
92,280,196,22,211
92,280,197,22,211
92,282,105,21,210
92,282,105,299,122
92,282,105,22,211
92,282,105,300,123
92,282,105,23,212
92,282,198
92,282,111
92,282,199
92,282,112
92,282,200
92,282,113
92,4,193,20,209
92,4,193,20,212
92,4,193,298,121
92,4,193,298,124
92,4,193,298,211
92,4,193,21,210
92,4,193,299,122
92,4,193,22,211
92,4,193,300,123
92,4,193,23,212
92,4,198,23,212
92,4,198
92,4,111,299,125
92,4,111,299,212
92,4,111,302,125
92,4,111
92,4,199
92,4,112
92,4,200
92,4,113
92,4,114
92,4,201
92,5,194,21,210
92,5,194,299,122
92,5,194,22,211
92,5,194,300,123
92,5,194,23,212
92,5,199
92,5,112
92,5,200
92,5,113
92,5,114
92,5,201
92,283,106,22,211
92,283,106,300,123
92,283,106,23,212
92,283,199
92,283,112
92,283,200
92,283,113
92,6,195,22,211
92,6,195,300,123
92,6,195,23,212
92,6,198,23,212
92,6,198
92,6,111,299,125
92,6,111,299,212
92,6,111,302,125
92,6,111
92,6,199
92,6,112
92,6,200
92,6,113
92,6,114
92,6,201
92,284,107,300,123
92,284,107,23,212
92,284,110,298,124
92,284,110,298,211
92,284,110
92,284,197,22,211
92,284,197
92,284,198
92,284,111
92,284,199
92,284,112
92,284,200
92,284,113
92,7,196,23,212
92,7,199
92,7,112
92,7,200
92,7,113
92,7,114
92,7,201
92,285,108,299,122
92,285,108,22,211
92,285,108,300,123
92,285,108,23,212
92,285,198
92,285,111
92,285,199
92,285,112
92,285,200
92,285,113
92,8,200
92,8,113
92,8,114
92,8,201
92,286,109,300,123
92,286,109,23,212
92,286,109
92,286,199
92,286,112
92,286,200
92,286,113
92,9,198
92,9,114
92,9,201
92,287,110
92,287,200
92,287,113
92,10,199
92,288,111
92,11,200
92,289,112
92,12,201
367,93,281,110,301
367,93,281,110,24
367,93,281,110,302
367,93,281,110,25
367,93,281,110,303
367,93,281,197,22
367,93,281,197,300
367,93,281,197,23
367,93,281,197,301
367,93,281,197,24
367,93,281,197,302
367,93,281,197,25
367,93,281,198,23
367,93,281,198,301
367,93,281,198,24
367,93,281,198,302
367,93,281,198,25
367,93,281,111,302
367,93,281,111,25
367,93,281,111,303
367,93,281,199,24
367,93,281,199,302
367,93,281,199,25
367,93,281,112,303
367,93,281,200,22
367,93,281,200,25
367,93,281,113,301
367,93,281,113,303
367,93,281,114,302
367,93,281,201,23
367,93,281,202,24
367,93,281,203,25
367,93,6,200,22
367,93,6,200,25
367,93,6,113,301
367,93,6,113,303
367,93,6,113,26
367,93,6,113,304
367,93,6,114,302
367,93,6,114,304
367,93,6,201,23
367,93,6,202,24
367,93,6,203,25
367,93,6,116,304
367,93,284,199,21
367,93,284,199,24
367,93,284,199,302
367,93,284,112,300
367,93,284,200,22
367,93,284,113,301
367,93,284,114,302
367,93,284,201,23
367,93,284,202,24
367,93,7,114,302
367,93,7,114,304
367,93,7,201,23
367,93,7,202,24
367,93,7,203,25
367,93,7,116,304
367,93,285,200,22
367,93,285,113,301
367,93,285,114,302
367,93,285,201,23
367,93,285,202,24
367,93,8,200,22
367,93,8,200,25
367,93,8,113,301
367,93,8,113,303
367,93,8,113,26
367,93,8,113,304
367,93,8,114,302
367,93,8,114,304
367,93,8,201,23
367,93,8,202,24
367,93,8,203,25
367,93,8,116,304
367,93,286,199,21
367,93,286,199,24
367,93,286,199,302
367,93,286,112,300
367,93,286,200,22
367,93,286,113,301
367,93,286,114,302
367,93,286,201,23
367,93,286,202,24
367,93,9,114,302
367,93,9,114,304
367,93,9,201,23
367,93,9,202,24
367,93,9,203,25
367,93,9,116,304
367,93,287,200,22
367,93,287,113,301
367,93,287,114,302
367,93,287,201,23
367,93,287,202,24
367,93,10,202,24
367,93,10,203,25
367,93,10,116,304
367,93,288,114,302
367,93,288,201,23
367,93,288,202,24
367,93,11,203,25
367,93,11,116,304
367,93,289,202,24
367,93,12,116,304
368,0,192,18,207
368,0,192,18,210
368,0,192,296,119
368,0,192,296,122
368,0,192,296,209
368,0,192,19,208
368,0,192,297,120
368,0,192,20,209
368,0,192,298,121
368,0,192,21,210
368,0,192,299,122
368,0,104,20,209
368,0,104,298,121
368,0,104,21,210
368,0,104,299,122
368,0,104,300,123
368,0,105,21,210
368,0,105,299,122
368,0,105,300,123
368,0,193,18,207
368,0,193,18,210
368,0,193,296,119
368,0,193,296,122
368,0,193,296,209
368,0,193,19,208
368,0,193,297,120
368,0,193,20,209
368,0,193,298,121
368,0,193,21,210
368,0,193,299,122
368,0,106,20,209
368,0,106,298,121
368,0,106,21,210
368,0,106,299,122
368,0,106,300,123
368,0,194,19,208
368,0,194,297,120
368,0,194,20,209
368,0,194,298,121
368,0,194,21,210
368,0,194,299,122
368,0,107,298,121
368,0,107,21,210
368,0,107,299,122
368,0,107,300,123
368,0,108,299,122
368,0,108,300,123
368,0,195,20,209
368,0,195,298,121
368,0,195,21,210
368,0,195,299,122
368,0,109,300,123
368,0,196,21,210
368,0,196,299,122
369,186,13,117
369,186,13,204
369,186,13,118
369,186,13,205
369,186,13,119
369,186,13,206
369,186,13,120
369,186,13,207
369,186,13,121
369,186,13,208
369,186,291,116
369,186,291,117
369,186,291,204
369,186,291,118
369,186,291,205
369,186,291,119
369,186,291,206
369,186,14,205
369,186,14,119
369,186,14,206
369,186,14,120
369,186,14,207
369,186,14,121
369,186,14,208
369,186,292,205
369,186,292,119
369,186,292,206
369,186,15,204
369,186,15,207
369,186,15,121
369,186,15,208
369,186,293,116
369,186,293,206
369,186,16,205
369,186,16,208
369,186,294,117
369,186,17,206
369,186,295,118
369,186,18,207
369,186,296,119
369,189,15,204
369,189,15,207
369,189,293,116
369,189,293,206
369,189,16,205
369,189,294,117
369,189,17,206
369,189,295,118
369,189,18,207
369,189,296,119
369,102,294,117
369,102,294,207
369,102,17,206
369,102,295,118
369,102,18,207
369,102,296,119
369,102,297,120
369,190,16,205
369,190,294,117
369,190,17,206
369,190,295,118
369,190,18,207
369,190,296,119
369,103,18,207
369,103,296,119
369,103,297,120
369,191,15,204
369,191,15,207
369,191,293,116
369,191,293,206
369,191,16,205
369,191,294,117
369,191,17,206
369,191,295,118
369,191,18,207
369,191,296,119
369,192,16,205
369,192,294,117
369,192,17,206
369,192,295,118
369,192,18,207
369,192,296,119
369,104,18,207
369,104,296,119
369,104,297,120
369,105,297,120
369,193,18,207
369,193,296,119
93,281,110,301
93,281,110,24
93,281,110,302
93,281,110,25
93,281,110,303
93,281,197,22
93,281,197,300
93,281,197,23
93,281,197,301
93,281,197,24
93,281,197,302
93,281,197,25
93,281,198,23
93,281,198,301
93,281,198,24
93,281,198,302
93,281,198,25
93,281,111,302
93,281,111,25
93,281,111,303
93,281,199,24
93,281,199,302
93,281,199,25
93,281,112,303
93,281,200,22
93,281,200,25
93,281,113,301
93,281,113,303
93,281,114,302
93,281,201,23
93,281,202,24
93,281,203,25
93,6,200,22
93,6,200,25
93,6,113,301
93,6,113,303
93,6,113,26
93,6,113,304
93,6,114,302
93,6,114,304
93,6,201,23
93,6,202,24
93,6,203,25
93,6,116,304
93,284,199,21
93,284,199,24
93,284,199,302
93,284,112,300
93,284,200,22
93,284,113,301
93,284,114,302
93,284,201,23
93,284,202,24
93,7,114,302
93,7,114,304
93,7,201,23
93,7,202,24
93,7,203,25
93,7,116,304
93,285,200,22
93,285,113,301
93,285,114,302
93,285,201,23
93,285,202,24
93,8,200,22
93,8,200,25
93,8,113,301
93,8,113,303
93,8,113,26
93,8,113,304
93,8,114,302
93,8,114,304
93,8,201,23
93,8,202,24
93,8,203,25
93,8,116,304
93,286,199,21
93,286,199,24
93,286,199,302
93,286,112,300
93,286,200,22
93,286,113,301
93,286,114,302
93,286,201,23
93,286,202,24
93,9,114,302
93,9,114,304
93,9,201,23
93,9,202,24
93,9,203,25
93,9,116,304
93,287,200,22
93,287,113,301
93,287,114,302
93,287,201,23
93,287,202,24
93,10,202,24
93,10,203,25
93,10,116,304
93,288,114,302
93,288,201,23
93,288,202,24
93,11,203,25
93,11,116,304
93,289,202,24
93,12,116,304
276,96,287,202
276,96,287,115
276,96,287,203
276,96,287,116
276,96,287,117
276,96,287,204
276,96,287,118
276,96,10,116
276,96,10,117
276,96,10,204
276,96,10,118
276,96,10,205
276,96,10,119
276,96,10,206
276,96,288,115
276,96,288,203
276,96,288,116
276,96,288,117
276,96,288,204
276,96,288,118
276,96,11,117
276,96,11,204
276,96,11,118
276,96,11,205
276,96,11,119
276,96,11,206
276,96,289,202
276,96,289,115
276,96,289,203
276,96,289,116
276,96,289,117
276,96,289,204
276,96,289,118
276,96,12,116
276,96,12,117
276,96,12,204
276,96,12,118
276,96,12,205
276,96,12,119
276,96,12,206
276,96,290,115
276,96,290,203
276,96,290,116
276,96,290,117
276,96,290,204
276,96,290,118
276,96,13,117
276,96,13,204
276,96,13,118
276,96,13,205
276,96,13,119
276,96,13,206
276,96,291,116
276,96,291,117
276,96,291,204
276,96,291,118
276,96,14,205
276,96,14,119
276,96,14,206
276,96,292,115
276,96,15,204
276,96,293,116
276,96,16,205
276,96,294,117
276,96,17,206
370,2,193,20
370,2,193,298
370,2,193,21
370,2,193,299
370,2,193,22
370,2,193,300
370,2,193,23
370,2,193,301
370,2,106,22
370,2,106,300
370,2,106,23
370,2,106,301
370,2,106,24
370,2,106,302
370,2,106,25
370,2,194,21
370,2,194,299
370,2,194,22
370,2,194,300
370,2,194,23
370,2,194,301
370,2,107,300
370,2,107,23
370,2,107,301
370,2,107,24
370,2,107,302
370,2,107,25
370,2,108,299
370,2,108,22
370,2,108,300
370,2,108,23
370,2,108,301
370,2,108,24
370,2,108,302
370,2,108,25
370,2,195,20
370,2,195,298
370,2,195,21
370,2,195,299
370,2,195,22
370,2,195,300
370,2,195,23
370,2,195,301
370,2,109,300
370,2,109,23
370,2,109,301
370,2,109,24
370,2,109,302
370,2,109,25
370,2,196,21
370,2,196,299
370,2,196,22
370,2,196,300
370,2,196,23
370,2,196,301
370,2,110,301
370,2,110,24
370,2,110,302
370,2,110,25
370,2,197,22
370,2,197,300
370,2,197,23
370,2,197,301
370,2,198,20
370,2,198,23
370,2,198,301
370,2,111,299
370,2,111,302
370,2,111,25
370,2,199,21
370,2,112,300
370,2,200,22
370,2,113,301
370,2,114,302
370,2,201,23
371,277,98,291,116
371,277,98,291,117
371,277,98,291,204
371,277,98,291,118
371,277,98,291,205
371,277,98,291,119
371,277,98,291,206
371,277,98,291,120
371,277,98,291,207
371,277,98,14,205
371,277,98,14,119
371,277,98,14,206
371,277,98,14,120
371,277,98,14,207
371,277,98,14,121
371,277,98,14,208
371,277,98,292,205
371,277,98,292,119
371,277,98,292,206
371,277,98,292,120
371,277,98,292,207
371,277,98,15,207
371,277,98,15,121
371,277,98,15,208
371,277,98,293,116
371,277,98,293,206
371,277,98,293,120
371,277,98,293,207
371,277,98,16,205
371,277,98,16,208
371,277,98,294,117
371,277,98,294,207
371,277,98,17,206
371,277,98,295,118
371,277,98,18,207
371,277,98,296,119
371,277,98,19,208
372,94,282,198,23
372,94,282,198,301
372,94,282,198,24
372,94,282,198,302
372,94,282,198,25
372,94,282,111,302
372,94,282,111,25
372,94,282,111,303
372,94,282,111,26
372,94,282,111,304
372,94,282,199,24
372,94,282,199,302
372,94,282,199,25
372,94,282,112,303
372,94,282,112,26
372,94,282,112,304
372,94,282,200,25
372,94,282,113,303
372,94,282,113,26
372,94,282,113,304
372,94,282,114,302
372,94,282,114,304
372,94,282,201,23
372,94,282,202,24
372,94,282,115,303
372,94,282,203,25
372,94,7,114,302
372,94,7,114,304
372,94,7,114,27
372,94,7,114,305
372,94,7,201,23
372,94,7,201,303
372,94,7,201,26
372,94,7,202,24
372,94,7,202,26
372,94,7,115,303
372,94,7,203,25
372,94,7,117,305
372,94,7,204,26
372,94,285,200,22
372,94,285,200,25
372,94,285,113,301
372,94,285,113,303
372,94,285,114,302
372,94,285,201,23
372,94,285,202,24
372,94,285,115,303
372,94,285,203,25
372,94,8,202,24
372,94,8,202,26
372,94,8,115,303
372,94,8,203,25
372,94,8,117,305
372,94,8,204,26
372,94,286,114,302
372,94,286,201,23
372,94,286,202,24
372,94,286,115,303
372,94,286,203,25
372,94,9,114,302
372,94,9,114,304
372,94,9,114,27
372,94,9,114,305
372,94,9,201,23
372,94,9,201,303
372,94,9,201,26
372,94,9,202,24
372,94,9,202,26
372,94,9,115,303
372,94,9,203,25
372,94,9,117,305
372,94,9,204,26
372,94,287,200,22
372,94,287,200,25
372,94,287,113,301
372,94,287,113,303
372,94,287,114,302
372,94,287,201,23
372,94,287,202,24
372,94,287,115,303
372,94,287,203,25
372,94,10,202,24
372,94,10,202,26
372,94,10,115,303
372,94,10,203,25
372,94,10,117,305
372,94,10,204,26
372,94,288,114,302
372,94,288,201,23
372,94,288,202,24
372,94,288,115,303
372,94,288,203,25
372,94,11,115,303
372,94,11,203,25
372,94,11,117,305
372,94,11,204,26
372,94,289,202,24
372,94,289,115,303
372,94,289,203,25
372,94,12,117,305
372,94,12,204,26
372,94,290,115,303
372,94,290,203,25
372,94,13,117,305
372,94,13,204,26
277,98,291,116
277,98,291,117
277,98,291,204
277,98,291,118
277,98,291,205
277,98,291,119
277,98,291,206
277,98,291,120
277,98,291,207
277,98,14,205
277,98,14,119
277,98,14,206
277,98,14,120
277,98,14,207
277,98,14,121
277,98,14,208
277,98,292,205
277,98,292,119
277,98,292,206
277,98,292,120
277,98,292,207
277,98,15,207
277,98,15,121
277,98,15,208
277,98,293,116
277,98,293,206
277,98,293,120
277,98,293,207
277,98,16,205
277,98,16,208
277,98,294,117
277,98,294,207
277,98,17,206
277,98,295,118
277,98,18,207
277,98,296,119
277,98,19,208
277,101,293,116
277,101,293,206
277,101,293,120
277,101,293,207
277,101,16,205
277,101,16,208
277,101,294,117
277,101,294,207
277,101,17,206
277,101,295,118
277,101,18,207
277,101,296,119
277,101,19,208
277,189,15,204
277,189,15,207
277,189,293,116
277,189,293,206
277,189,16,205
277,189,294,117
277,189,17,206
277,189,295,118
277,189,18,207
277,189,296,119
277,102,294,117
277,102,294,207
277,102,17,206
277,102,295,118
277,102,18,207
277,102,296,119
277,102,19,208
277,190,16,205
277,190,294,117
277,190,17,206
277,190,295,118
277,190,18,207
277,190,296,119
277,103,293,116
277,103,293,206
277,103,293,120
277,103,293,207
277,103,16,205
277,103,16,208
277,103,294,117
277,103,294,207
277,103,17,206
277,103,295,118
277,103,18,207
277,103,296,119
277,103,19,208
277,191,15,204
277,191,15,207
277,191,293,116
277,191,293,206
277,191,16,205
277,191,294,117
277,191,17,206
277,191,295,118
277,191,18,207
277,191,296,119
277,192,16,205
277,192,294,117
277,192,17,206
277,192,295,118
277,192,18,207
277,104,18,207
277,104,296,119
277,104,19,208
277,105,19,208
277,193,18,207
373,187,14,205
373,187,14,119
373,187,14,206
373,187,14,120
373,187,14,207
373,187,14,121
373,187,14,208
373,187,14,122
373,187,14,209
373,187,292,205
373,187,292,119
373,187,292,206
373,187,292,120
373,187,292,207
373,187,15,207
373,187,15,121
373,187,15,208
373,187,15,122
373,187,15,209
373,187,293,206
373,187,293,120
373,187,293,207
373,187,16,205
373,187,16,208
373,187,16,122
373,187,16,209
373,187,294,117
373,187,294,207
373,187,17,206
373,187,17,209
373,187,295,118
373,187,18,207
373,187,296,119
373,187,19,208
373,187,297,120
374,278,99,292,205
374,278,99,292,119
374,278,99,292,206
374,278,99,292,120
374,278,99,292,207
374,278,99,292,121
374,278,99,292,208
374,278,99,15,207
374,278,99,15,121
374,278,99,15,208
374,278,99,15,122
374,278,99,15,209
374,278,99,293,206
374,278,99,293,120
374,278,99,293,207
374,278,99,293,121
374,278,99,293,208
374,278,99,16,208
374,278,99,16,122
374,278,99,16,209
374,278,99,294,117
374,278,99,294,207
374,278,99,294,121
374,278,99,294,208
374,278,99,17,206
374,278,99,17,209
374,278,99,295,118
374,278,99,295,121
374,278,99,295,208
374,278,99,18,207
374,278,99,296,119
374,278,99,19,208
374,278,99,297,120
374,278,99,20,209
278,99,292,205
278,99,292,119
278,99,292,206
278,99,292,120
278,99,292,207
278,99,292,121
278,99,292,208
278,99,15,207
278,99,15,121
278,99,15,208
278,99,15,122
278,99,15,209
278,99,293,206
278,99,293,120
278,99,293,207
278,99,293,121
278,99,293,208
278,99,16,208
278,99,16,122
278,99,16,209
278,99,294,117
278,99,294,207
278,99,294,121
278,99,294,208
278,99,17,206
278,99,17,209
278,99,295,118
278,99,295,121
278,99,295,208
278,99,18,207
278,99,296,119
278,99,19,208
278,99,297,120
278,99,20,209
278,102,294,117
278,102,294,207
278,102,294,121
278,102,294,208
278,102,17,206
278,102,17,209
278,102,295,118
278,102,295,121
278,102,295,208
278,102,18,207
278,102,296,119
278,102,19,208
278,102,297,120
278,102,20,209
278,190,16,205
278,190,16,208
278,190,294,117
278,190,294,207
278,190,17,206
278,190,295,118
278,190,18,207
278,190,296,119
278,190,19,208
278,190,297,120
278,103,18,207
278,103,296,119
278,103,19,208
278,103,297,120
278,103,20,209
278,191,17,206
278,191,295,118
278,191,18,207
278,191,296,119
278,191,19,208
278,191,297,120
278,192,16,205
278,192,16,208
278,192,294,117
278,192,17,206
278,192,295,118
278,192,18,207
278,192,296,119
278,192,19,208
278,104,18,207
278,104,296,119
278,104,19,208
278,104,297,120
278,104,20,209
278,105,19,208
278,105,297,120
278,105,20,209
278,193,18,207
278,193,296,119
278,193,19,208
278,106,20,209
278,194,19,208
375,95,283,199,24
375,95,283,199,302
375,95,283,199,25
375,95,283,199,303
375,95,283,199,26
375,95,283,112,303
375,95,283,112,26
375,95,283,112,304
375,95,283,112,27
375,95,283,112,305
375,95,283,200,25
375,95,283,200,303
375,95,283,200,26
375,95,283,113,303
375,95,283,113,26
375,95,283,113,304
375,95,283,113,27
375,95,283,113,305
375,95,283,114,304
375,95,283,114,27
375,95,283,114,305
375,95,283,201,303
375,95,283,201,26
375,95,283,202,24
375,95,283,202,26
375,95,283,115,303
375,95,283,203,25
375,95,283,116,304
375,95,283,204,26
375,95,286,114,302
375,95,286,114,304
375,95,286,114,27
375,95,286,201,23
375,95,286,201,303
375,95,286,202,24
375,95,286,115,303
375,95,286,203,25
375,95,286,116,304
375,95,9,115,303
375,95,9,203,25
375,95,9,203,27
375,95,9,116,304
375,95,9,204,26
375,95,9,118,306
375,95,9,205,27
375,95,287,202,24
375,95,287,115,303
375,95,287,203,25
375,95,287,116,304
375,95,10,116,304
375,95,10,204,26
375,95,10,118,306
375,95,10,205,27
375,95,288,114,302
375,95,288,114,304
375,95,288,114,27
375,95,288,201,23
375,95,288,201,303
375,95,288,202,24
375,95,288,115,303
375,95,288,203,25
375,95,288,116,304
375,95,11,115,303
375,95,11,203,25
375,95,11,203,27
375,95,11,116,304
375,95,11,204,26
375,95,11,118,306
375,95,11,205,27
375,95,289,202,24
375,95,289,115,303
375,95,289,203,25
375,95,289,116,304
375,95,12,116,304
375,95,12,204,26
375,95,12,118,306
375,95,12,205,27
375,95,290,115,303
375,95,290,203,25
375,95,290,116,304
375,95,13,204,26
375,95,13,118,306
375,95,13,205,27
375,95,291,116,304
375,95,14,205,27
94,282,198,23
94,282,198,301
94,282,198,24
94,282,198,302
94,282,198,25
94,282,111,302
94,282,111,25
94,282,111,303
94,282,111,26
94,282,111,304
94,282,199,24
94,282,199,302
94,282,199,25
94,282,112,303
94,282,112,26
94,282,112,304
94,282,200,25
94,282,113,303
94,282,113,26
94,282,113,304
94,282,114,302
94,282,114,304
94,282,201,23
94,282,202,24
94,282,115,303
94,282,203,25
94,7,114,302
94,7,114,304
94,7,114,27
94,7,114,305
94,7,201,23
94,7,201,303
94,7,201,26
94,7,202,24
94,7,202,26
94,7,115,303
94,7,203,25
94,7,117,305
94,7,204,26
94,285,200,22
94,285,200,25
94,285,113,301
94,285,113,303
94,285,114,302
94,285,201,23
94,285,202,24
94,285,115,303
94,285,203,25
94,8,202,24
94,8,202,26
94,8,115,303
94,8,203,25
94,8,117,305
94,8,204,26
94,286,114,302
94,286,201,23
94,286,202,24
94,286,115,303
94,286,203,25
94,9,114,302
94,9,114,304
94,9,114,27
94,9,114,305
94,9,201,23
94,9,201,303
94,9,201,26
94,9,202,24
94,9,202,26
94,9,115,303
94,9,203,25
94,9,117,305
94,9,204,26
94,287,200,22
94,287,200,25
94,287,113,301
94,287,113,303
94,287,114,302
94,287,201,23
94,287,202,24
94,287,115,303
94,287,203,25
94,10,202,24
94,10,202,26
94,10,115,303
94,10,203,25
94,10,117,305
94,10,204,26
94,288,114,302
94,288,201,23
94,288,202,24
94,288,115,303
94,288,203,25
94,11,115,303
94,11,203,25
94,11,117,305
94,11,204,26
94,289,202,24
94,289,115,303
94,289,203,25
94,12,117,305
94,12,204,26
94,290,115,303
94,290,203,25
94,13,117,305
94,13,204,26
376,188,13,206
376,188,13,120
376,188,13,207
376,188,13,121
376,188,13,208
376,188,13,122
376,188,13,209
376,188,13,123
376,188,13,210
376,188,291,205
376,188,291,119
376,188,291,206
376,188,291,120
376,188,291,207
376,188,291,121
376,188,291,208
376,188,14,207
376,188,14,121
376,188,14,208
376,188,14,122
376,188,14,209
376,188,14,123
376,188,14,210
376,188,292,205
376,188,292,119
376,188,292,206
376,188,292,120
376,188,292,207
376,188,292,121
376,188,292,208
376,188,15,207
376,188,15,121
376,188,15,208
376,188,15,122
376,188,15,209
376,188,15,123
376,188,15,210
376,188,293,206
376,188,293,120
376,188,293,207
376,188,293,121
376,188,293,208
376,188,16,208
376,188,16,122
376,188,16,209
376,188,16,123
376,188,16,210
376,188,294,207
376,188,294,121
376,188,294,208
376,188,17,206
376,188,17,209
376,188,17,123
376,188,17,210
376,188,295,118
376,188,295,121
376,188,295,208
376,188,18,207
376,188,18,210
376,188,296,119
376,188,19,208
376,188,297,120
376,188,20,209
376,188,298,121
378,3,194,16,210,313
378,3,194,21
378,3,194,299,122,313
378,3,194,299,125,313
378,3,194,299,212,34
378,3,194,299
378,3,194,22
378,3,194,300
378,3,194,23
378,3,194,301
378,3,194,24
378,3,194,302
378,3,194,25
378,3,107,295,210,313
378,3,107,300
378,3,107,23
378,3,107,301
378,3,107,24
378,3,107,302
378,3,107,25
378,3,107,303
378,3,108,301
378,3,108,24
378,3,108,302
378,3,108,25
378,3,108,303
378,3,195,22
378,3,195,300
378,3,195,23
378,3,195,301
378,3,195,24
378,3,195,302
378,3,195,25
378,3,109,297,210,313
378,3,109,300
378,3,109,23
378,3,109,301
378,3,109,24
378,3,109,302
378,3,109,25
378,3,109,303
378,3,196,21
378,3,196,299,122,313
378,3,196,299,125,313
378,3,196,299,212,34
378,3,196,299
378,3,196,22
378,3,196,300
378,3,196,23
378,3,196,301
378,3,196,24
378,3,196,302
378,3,196,25
378,3,110,301
378,3,110,24
378,3,110,302
378,3,110,25
378,3,110,303
378,3,197,22
378,3,197,300
378,3,197,23
378,3,197,301
378,3,197,24
378,3,197,302
378,3,197,25
378,3,198,23
378,3,198,301
378,3,198,24
378,3,198,302
378,3,198,25
378,3,111,302
378,3,111,25
378,3,111,303
378,3,199,21
378,3,199,24
378,3,199,302
378,3,199,25
378,3,112,300
378,3,112,303
378,3,200,22
378,3,200,25
378,3,113,301
378,3,113,303
378,3,114,302
378,3,201,23
378,3,202,24
378,3,115,303
377,279,101,293,206
377,279,101,293,120
377,279,101,293,207
377,279,101,293,121
377,279,101,293,208
377,279,101,293,122
377,279,101,293,209
377,279,101,293,123
377,279,101,293,210
377,279,101,16,208
377,279,101,16,122
377,279,101,16,209
377,279,101,16,123
377,279,101,16,210
377,279,101,16,124
377,279,101,16,211
377,279,101,294,207
377,279,101,294,121
377,279,101,294,208
377,279,101,294,122
377,279,101,294,209
377,279,101,294,123
377,279,101,294,210
377,279,101,17,209
377,279,101,17,123
377,279,101,17,210
377,279,101,17,124
377,279,101,17,211
377,279,101,295,121
377,279,101,295,208
377,279,101,295,122
377,279,101,295,209
377,279,101,295,123
377,279,101,295,210
377,279,101,18,210
377,279,101,18,124
377,279,101,18,211
377,279,101,296,122
377,279,101,296,209
377,279,101,296,123
377,279,101,296,210
377,279,101,19,208
377,279,101,19,211
377,279,101,297,120
377,279,101,297,123
377,279,101,297,210
377,279,101,20,209
377,279,101,298,121
377,279,101,21,210
377,279,101,299,122
377,279,101,22,211
377,279,192,18,207
377,279,192,18,210
377,279,192,296,119
377,279,192,19,208
377,279,192,297,120
377,279,192,20,209
377,279,192,298,121
377,279,192,21,210
377,279,104,20,209
377,279,104,298,121
377,279,104,21,210
377,279,104,299,122
377,279,104,22,211
377,279,105,19,208
377,279,105,19,211
377,279,105,297,120
377,279,105,297,123
377,279,105,297,210
377,279,105,20,209
377,279,105,298,121
377,279,105,21,210
377,279,105,299,122
377,279,105,22,211
377,279,193,18,207
377,279,193,18,210
377,279,193,296,119
377,279,193,19,208
377,279,193,297,120
377,279,193,20,209
377,279,193,298,121
377,279,193,21,210
377,279,106,20,209
377,279,106,298,121
377,279,106,21,210
377,279,106,299,122
377,279,106,22,211
377,279,194,19,208
377,279,194,297,120
377,279,194,20,209
377,279,194,298,121
377,279,194,21,210
377,279,107,298,121
377,279,107,21,210
377,279,107,299,122
377,279,107,22,211
377,279,108,299,122
377,279,108,22,211
377,279,195,20,209
377,279,195,298,121
377,279,195,21,210
377,279,196,21,210
185,4,198,23
185,4,198,301
185,4,198,24
185,4,198,302
185,4,198,25
185,4,198,303
185,4,198,26
185,4,111,302
185,4,111,25
185,4,111,303
185,4,111,26
185,4,111,304
185,4,111,27
185,4,111,305
185,4,199,24
185,4,199,302
185,4,199,25
185,4,199,303
185,4,199,26
185,4,112,303
185,4,112,26
185,4,112,304
185,4,112,27
185,4,112,305
185,4,200,25
185,4,200,303
185,4,200,26
185,4,113,303
185,4,113,26
185,4,113,304
185,4,113,27
185,4,113,305
185,4,114,302
185,4,114,304
185,4,114,27
185,4,114,305
185,4,201,23
185,4,201,303
185,4,201,26
185,4,202,24
185,4,202,26
185,4,115,303
185,4,203,25
185,4,116,304
185,4,117,305
185,7,114,302
185,7,114,304
185,7,114,27
185,7,114,305
185,7,201,23
185,7,201,303
185,7,201,26
185,7,202,24
185,7,202,26
185,7,115,303
185,7,203,25
185,7,116,304
185,7,117,305
185,285,200,22
185,285,200,25
185,285,113,301
185,285,113,303
185,285,114,302
185,285,201,23
185,285,202,24
185,285,115,303
185,285,203,25
185,8,202,24
185,8,202,26
185,8,115,303
185,8,203,25
185,8,116,304
185,8,117,305
185,286,114,302
185,286,201,23
185,286,202,24
185,286,115,303
185,286,203,25
185,9,114,302
185,9,114,304
185,9,114,27
185,9,114,305
185,9,201,23
185,9,201,303
185,9,201,26
185,9,202,24
185,9,202,26
185,9,115,303
185,9,203,25
185,9,116,304
185,9,117,305
185,287,200,22
185,287,200,25
185,287,113,301
185,287,113,303
185,287,114,302
185,287,201,23
185,287,202,24
185,287,115,303
185,287,203,25
185,10,202,24
185,10,202,26
185,10,115,303
185,10,203,25
185,10,116,304
185,10,117,305
185,288,114,302
185,288,201,23
185,288,202,24
185,288,115,303
185,288,203,25
185,11,115,303
185,11,203,25
185,11,116,304
185,11,117,305
185,289,202,24
185,289,115,303
185,289,203,25
185,12,116,304
185,12,117,305
185,290,115,303
185,290,203,25
185,13,117,305
95,283,199,24
95,283,199,302
95,283,199,25
95,283,199,303
95,283,199,26
95,283,112,303
95,283,112,26
95,283,112,304
95,283,112,27
95,283,112,305
95,283,200,25
95,283,200,303
95,283,200,26
95,283,113,303
95,283,113,26
95,283,113,304
95,283,113,27
95,283,113,305
95,283,114,304
95,283,114,27
95,283,114,305
95,283,201,303
95,283,201,26
95,283,202,24
95,283,202,26
95,283,115,303
95,283,203,25
95,283,116,304
95,283,204,26
95,286,114,302
95,286,114,304
95,286,114,27
95,286,201,23
95,286,201,303
95,286,202,24
95,286,115,303
95,286,203,25
95,286,116,304
95,9,115,303
95,9,203,25
95,9,203,27
95,9,116,304
95,9,204,26
95,9,118,306
95,9,205,27
95,287,202,24
95,287,115,303
95,287,203,25
95,287,116,304
95,10,116,304
95,10,204,26
95,10,118,306
95,10,205,27
95,288,114,302
95,288,114,304
95,288,114,27
95,288,201,23
95,288,201,303
95,288,202,24
95,288,115,303
95,288,203,25
95,288,116,304
95,11,115,303
95,11,203,25
95,11,203,27
95,11,116,304
95,11,204,26
95,11,118,306
95,11,205,27
95,289,202,24
95,289,115,303
95,289,203,25
95,289,116,304
95,12,116,304
95,12,204,26
95,12,118,306
95,12,205,27
95,290,115,303
95,290,203,25
95,290,116,304
95,13,204,26
95,13,118,306
95,13,205,27
95,291,116,304
95,14,205,27
0,189,15,207
0,189,15,121
0,189,15,208
0,189,15,122
0,189,15,209
0,189,15,123
0,189,15,210
0,189,15,124
0,189,15,211
0,189,293,206
0,189,293,120
0,189,293,207
0,189,293,121
0,189,293,208
0,189,293,122
0,189,293,209
0,189,16,208
0,189,16,122
0,189,16,209
0,189,16,123
0,189,16,210
0,189,16,124
0,189,16,211
0,189,294,207
0,189,294,121
0,189,294,208
0,189,294,122
0,189,294,209
0,189,17,209
0,189,17,123
0,189,17,210
0,189,17,124
0,189,17,211
0,189,295,121
0,189,295,208
0,189,295,122
0,189,295,209
0,189,18,207
0,189,18,210
0,189,18,124
0,189,18,211
0,189,296,119
0,189,296,122
0,189,296,209
0,189,19,208
0,189,19,211
0,189,297,120
0,189,20,209
0,189,298,121
0,189,21,210
0,189,299,122
0,192,18,207
0,192,18,210
0,192,296,119
0,192,296,122
0,192,296,209
0,192,19,208
0,192,297,120
0,192,20,209
0,192,298,121
0,192,21,210
0,192,299,122
0,104,20,209
0,104,298,121
0,104,21,210
0,104,299,122
0,104,300,123
0,105,21,210
0,105,299,122
0,105,300,123
0,193,18,207
0,193,18,210
0,193,296,119
0,193,296,122
0,193,296,209
0,193,19,208
0,193,297,120
0,193,20,209
0,193,298,121
0,193,21,210
0,193,299,122
0,106,20,209
0,106,298,121
0,106,21,210
0,106,299,122
0,106,300,123
0,194,19,208
0,194,297,120
0,194,20,209
0,194,298,121
0,194,21,210
0,194,299,122
0,107,298,121
0,107,21,210
0,107,299,122
0,107,300,123
0,108,299,122
0,108,300,123
0,195,20,209
0,195,298,121
0,195,21,210
0,195,299,122
0,109,300,123
0,196,21,210
0,196,299,122
279,101,293,206
279,101,293,120
279,101,293,207
279,101,293,121
279,101,293,208
279,101,293,122
279,101,293,209
279,101,293,123
279,101,293,210
279,101,16,208
279,101,16,122
279,101,16,209
279,101,16,123
279,101,16,210
279,101,16,124
279,101,16,211
279,101,294,207
279,101,294,121
279,101,294,208
279,101,294,122
279,101,294,209
279,101,294,123
279,101,294,210
279,101,17,209
279,101,17,123
279,101,17,210
279,101,17,124
279,101,17,211
279,101,295,121
279,101,295,208
279,101,295,122
279,101,295,209
279,101,295,123
279,101,295,210
279,101,18,210
279,101,18,124
279,101,18,211
279,101,296,122
279,101,296,209
279,101,296,123
279,101,296,210
279,101,19,208
279,101,19,211
279,101,297,120
279,101,297,123
279,101,297,210
279,101,20,209
279,101,298,121
279,101,21,210
279,101,299,122
279,101,22,211
279,192,18,207
279,192,18,210
279,192,296,119
279,192,19,208
279,192,297,120
279,192,20,209
279,192,298,121
279,192,21,210
279,104,20,209
279,104,298,121
279,104,21,210
279,104,299,122
279,104,22,211
279,105,19,208
279,105,19,211
279,105,297,120
279,105,297,123
279,105,297,210
279,105,20,209
279,105,298,121
279,105,21,210
279,105,299,122
279,105,22,211
279,193,18,207
279,193,18,210
279,193,296,119
279,193,19,208
279,193,297,120
279,193,20,209
279,193,298,121
279,193,21,210
279,106,20,209
279,106,298,121
279,106,21,210
279,106,299,122
279,106,22,211
279,194,19,208
279,194,297,120
279,194,20,209
279,194,298,121
279,194,21,210
279,107,298,121
279,107,21,210
279,107,299,122
279,107,22,211
279,108,299,122
279,108,22,211
279,195,20,209
279,195,298,121
279,195,21,210
279,196,21,210
379,97,285,200,25
379,97,285,200,303
379,97,285,200,26
379,97,285,200,304
379,97,285,200,27
379,97,285,200,305
379,97,285,200,28
379,97,285,113,303
379,97,285,113,26
379,97,285,113,304
379,97,285,113,27
379,97,285,113,305
379,97,285,113,28
379,97,285,113,306
379,97,285,113,29
379,97,285,113,307
379,97,285,114,304
379,97,285,114,27
379,97,285,114,305
379,97,285,114,28
379,97,285,114,306
379,97,285,114,29
379,97,285,114,307
379,97,285,201,303
379,97,285,201,26
379,97,285,201,304
379,97,285,201,27
379,97,285,201,305
379,97,285,201,28
379,97,285,202,26
379,97,285,202,304
379,97,285,202,27
379,97,285,202,305
379,97,285,202,28
379,97,285,115,303
379,97,285,115,29
379,97,285,115,307
379,97,285,203,25
379,97,285,203,27
379,97,285,203,305
379,97,285,203,28
379,97,285,116,304
379,97,285,117,305
379,97,285,204,26
379,97,285,118,306
379,97,285,205,27
379,97,285,206,28
379,97,288,115,303
379,97,288,115,29
379,97,288,115,307
379,97,288,203,25
379,97,288,203,27
379,97,288,203,305
379,97,288,203,28
379,97,288,116,304
379,97,288,117,305
379,97,288,204,26
379,97,288,118,306
379,97,288,205,27
379,97,288,206,28
379,97,11,117,305
379,97,11,204,26
379,97,11,204,29
379,97,11,204,307
379,97,11,118,306
379,97,11,205,27
379,97,11,206,28
379,97,11,120,308
379,97,11,207,29
379,97,289,116,304
379,97,289,117,305
379,97,289,204,26
379,97,289,118,306
379,97,289,205,27
379,97,289,206,28
379,97,12,205,27
379,97,12,206,28
379,97,12,120,308
379,97,12,207,29
379,97,290,115,303
379,97,290,115,29
379,97,290,115,307
379,97,290,203,25
379,97,290,203,27
379,97,290,203,305
379,97,290,203,28
379,97,290,116,304
379,97,290,117,305
379,97,290,204,26
379,97,290,118,306
379,97,290,205,27
379,97,290,206,28
379,97,13,117,305
379,97,13,204,26
379,97,13,204,29
379,97,13,204,307
379,97,13,118,306
379,97,13,205,27
379,97,13,206,28
379,97,13,120,308
379,97,13,207,29
379,97,291,116,304
379,97,291,117,305
379,97,291,204,26
379,97,291,118,306
379,97,291,205,27
379,97,291,206,28
379,97,14,205,27
379,97,14,206,28
379,97,14,120,308
379,97,14,207,29
379,97,292,205,27
379,97,292,206,28
379,97,15,207,29
379,97,293,206,28
96,284,199,24
96,284,199,302
96,284,199,25
96,284,199,303
96,284,199,26
96,284,199,304
96,284,199,27
96,284,112,303
96,284,112,26
96,284,112,304
96,284,112,27
96,284,112,305
96,284,112,28
96,284,112,306
96,284,200,25
96,284,200,303
96,284,200,26
96,284,200,304
96,284,200,27
96,284,113,303
96,284,113,26
96,284,113,304
96,284,113,27
96,284,113,305
96,284,113,28
96,284,113,306
96,284,114,304
96,284,114,27
96,284,114,305
96,284,114,28
96,284,114,306
96,284,201,303
96,284,201,26
96,284,201,304
96,284,201,27
96,284,202,24
96,284,202,26
96,284,202,304
96,284,202,27
96,284,115,303
96,284,203,25
96,284,203,27
96,284,116,304
96,284,117,305
96,284,204,26
96,284,205,27
96,287,202,24
96,287,202,26
96,287,202,304
96,287,115,303
96,287,203,25
96,287,116,304
96,287,117,305
96,287,204,26
96,10,116,304
96,10,117,305
96,10,204,26
96,10,205,27
96,10,119,307
96,10,206,28
96,288,115,303
96,288,203,25
96,288,116,304
96,288,117,305
96,288,204,26
96,11,117,305
96,11,204,26
96,11,205,27
96,11,119,307
96,11,206,28
96,289,202,24
96,289,202,26
96,289,202,304
96,289,115,303
96,289,203,25
96,289,116,304
96,289,117,305
96,289,204,26
96,12,116,304
96,12,117,305
96,12,204,26
96,12,205,27
96,12,119,307
96,12,206,28
96,290,115,303
96,290,203,25
96,290,116,304
96,290,117,305
96,290,204,26
96,13,117,305
96,13,204,26
96,13,205,27
96,13,119,307
96,13,206,28
96,291,116,304
96,291,117,305
96,291,204,26
96,14,205,27
96,14,119,307
96,14,206,28
1,190,16,208
1,190,16,122
1,190,16,209
1,190,16,123
1,190,16,210
1,190,16,124
1,190,16,211
1,190,16,125
1,190,16,212
1,190,294,207
1,190,294,121
1,190,294,208
1,190,294,122
1,190,294,209
1,190,294,123
1,190,294,210
1,190,17,209
1,190,17,123
1,190,17,210
1,190,17,124
1,190,17,211
1,190,17,125
1,190,17,212
1,190,295,121
1,190,295,208
1,190,295,122
1,190,295,209
1,190,295,123
1,190,295,210
1,190,18,210
1,190,18,124
1,190,18,211
1,190,18,125
1,190,18,212
1,190,296,122
1,190,296,209
1,190,296,123
1,190,296,210
1,190,19,208
1,190,19,211
1,190,19,125
1,190,19,212
1,190,297,120
1,190,297,123
1,190,297,210
1,190,20,209
1,190,20,212
1,190,298,121
1,190,21,210
1,190,299,122
1,190,22,211
1,190,300,123
1,105,21,210
1,105,21,213
1,105,299,122
1,105,22,211
1,105,300,123
1,105,301,124
1,105,24,213
1,193,20,209
1,193,298,121
1,193,21,210
1,193,299,122
1,193,22,211
1,193,300,123
1,106,22,211
1,106,300,123
1,106,301,124
1,106,24,213
1,194,19,208
1,194,19,211
1,194,297,120
1,194,297,123
1,194,297,210
1,194,20,209
1,194,298,121
1,194,21,210
1,194,299,122
1,194,22,211
1,194,300,123
1,107,298,121
1,107,298,124
1,107,298,211
1,107,21,210
1,107,21,213
1,107,299,122
1,107,22,211
1,107,300,123
1,107,301,124
1,107,24,213
1,108,299,122
1,108,22,211
1,108,300,123
1,108,301,124
1,108,24,213
1,195,20,209
1,195,298,121
1,195,21,210
1,195,299,122
1,195,22,211
1,195,300,123
1,109,300,123
1,109,301,124
1,109,24,213
1,196,21,210
1,196,299,122
1,196,22,211
1,196,300,123
1,110,301,124
1,110,24,213
1,197,22,211
1,197,300,123
280,102,294,117,31,220
280,102,294,117,309,132
280,102,294,207
280,102,294,121
280,102,294,208
280,102,294,122
280,102,294,209
280,102,294,123
280,102,294,210
280,102,294,124
280,102,294,211
280,102,17,206,31,220
280,102,17,206,309,132
280,102,17,209
280,102,17,123
280,102,17,210
280,102,17,124
280,102,17,211
280,102,17,125
280,102,17,212
280,102,295,118,309,132
280,102,295,121
280,102,295,208
280,102,295,122
280,102,295,209
280,102,295,123
280,102,295,210
280,102,295,124
280,102,295,211
280,102,18,210
280,102,18,124
280,102,18,211
280,102,18,125
280,102,18,212
280,102,296,122
280,102,296,209
280,102,296,123
280,102,296,210
280,102,296,124
280,102,296,211
280,102,19,211
280,102,19,125
280,102,19,212
280,102,297,123
280,102,297,210
280,102,297,124
280,102,297,211
280,102,20,209
280,102,20,212
280,102,298,121
280,102,298,124
280,102,298,211
280,102,21,210
280,102,299,122
280,102,22,211
280,102,300,123
280,102,23,212
280,104,20,209
280,104,20,212
280,104,298,121
280,104,298,124
280,104,298,211
280,104,21,210
280,104,299,122
280,104,22,211
280,104,300,123
280,104,23,212
280,105,21,210
280,105,299,122
280,105,22,211
280,105,300,123
280,105,23,212
280,193,20,209
280,193,298,121
280,193,21,210
280,193,299,122
280,193,22,211
280,106,20,209
280,106,20,212
280,106,298,121
280,106,298,124
280,106,298,211
280,106,21,210
280,106,299,122
280,106,22,211
280,106,300,123
280,106,23,212
280,194,19,208
280,194,19,211
280,194,297,120
280,194,20,209
280,194,298,121
280,194,21,210
280,194,299,122
280,194,22,211
280,107,298,121
280,107,298,124
280,107,298,211
280,107,21,210
280,107,299,122
280,107,22,211
280,107,300,123
280,107,23,212
280,108,299,122
280,108,22,211
280,108,300,123
280,108,23,212
280,195,20,209
280,195,298,121
280,195,21,210
280,195,299,122
280,195,22,211
280,109,300,123
280,109,23,212
280,196,21,210
280,196,299,122
280,196,22,211
280,197,22,211
2,191,17,206,309,132
2,191,17,206,310,133
2,191,17,209
2,191,17,123
2,191,17,210
2,191,17,124
2,191,17,211
2,191,17,125
2,191,17,212
2,191,17,213
2,191,295,118,309,132
2,191,295,118,310,133
2,191,295,121
2,191,295,208
2,191,295,122
2,191,295,209
2,191,295,123
2,191,295,210
2,191,295,124
2,191,295,211
2,191,18,207,310,133
2,191,18,210
2,191,18,124
2,191,18,211
2,191,18,125
2,191,18,212
2,191,18,213
2,191,296,119,310,133
2,191,296,122
2,191,296,209
2,191,296,123
2,191,296,210
2,191,296,124
2,191,296,211
2,191,19,211
2,191,19,125
2,191,19,212
2,191,19,213
2,191,297,123
2,191,297,210
2,191,297,124
2,191,297,211
2,191,20,209
2,191,20,212
2,191,20,213
2,191,298,121
2,191,298,124
2,191,298,211
2,191,21,210
2,191,21,213
2,191,299,122
2,191,22,211
2,191,300,123
2,191,23,212
2,191,301,124
2,193,20,209
2,193,20,212
2,193,298,121
2,193,298,124
2,193,298,211
2,193,21,210
2,193,299,122
2,193,22,211
2,193,300,123
2,193,23,212
2,193,301,124
2,106,22,211
2,106,22,214
2,106,300,123
2,106,23,212
2,106,301,124
2,106,302,125
2,106,25,214
2,194,21,210
2,194,299,122
2,194,22,211
2,194,300,123
2,194,23,212
2,194,301,124
2,107,300,123
2,107,23,212
2,107,301,124
2,107,302,125
2,107,25,214
2,108,299,122
2,108,299,125
2,108,299,212
2,108,22,211
2,108,22,214
2,108,300,123
2,108,23,212
2,108,301,124
2,108,302,125
2,108,25,214
2,195,20,209
2,195,20,212
2,195,298,121
2,195,298,124
2,195,298,211
2,195,21,210
2,195,299,122
2,195,22,211
2,195,300,123
2,195,23,212
2,195,301,124
2,109,300,123
2,109,23,212
2,109,301,124
2,109,302,125
2,109,25,214
2,196,21,210
2,196,299,122
2,196,22,211
2,196,300,123
2,196,23,212
2,196,301,124
2,110,301,124
2,110,302,125
2,110,25,214
2,197,22,211
2,197,300,123
2,197,23,212
2,197,301,124
2,198,23,212
2,198,301,124
2,111,302,125
2,111,25,214
97,285,198,20,214,36
97,285,198,20,127,315
97,285,198,25
97,285,198,303
97,285,198,26
97,285,198,304
97,285,198,27
97,285,198,305
97,285,198,28
97,285,111,299,126,314
97,285,111,299,214,36
97,285,111,299,127,315
97,285,111,303
97,285,111,26
97,285,111,304
97,285,111,27
97,285,111,305
97,285,111,28
97,285,111,306
97,285,111,29
97,285,111,307
97,285,199,303
97,285,199,26
97,285,199,304
97,285,199,27
97,285,199,305
97,285,199,28
97,285,112,300,127,315
97,285,112,304
97,285,112,27
97,285,112,305
97,285,112,28
97,285,112,306
97,285,112,29
97,285,112,307
97,285,200,25
97,285,200,303
97,285,200,26
97,285,200,304
97,285,200,27
97,285,200,305
97,285,200,28
97,285,113,301,126,314
97,285,113,301,214,36
97,285,113,301,127,315
97,285,113,303
97,285,113,26
97,285,113,304
97,285,113,27
97,285,113,305
97,285,113,28
97,285,113,306
97,285,113,29
97,285,113,307
97,285,114,302,127,315
97,285,114,304
97,285,114,27
97,285,114,305
97,285,114,28
97,285,114,306
97,285,114,29
97,285,114,307
97,285,201,303
97,285,201,26
97,285,201,304
97,285,201,27
97,285,201,305
97,285,201,28
97,285,202,26
97,285,202,304
97,285,202,27
97,285,202,305
97,285,202,28
97,285,115,303
97,285,115,29
97,285,115,307
97,285,203,25
97,285,203,27
97,285,203,305
97,285,203,28
97,285,116,304
97,285,117,305
97,285,204,26
97,285,118,306
97,285,205,27
97,285,206,28
97,288,115,303
97,288,115,29
97,288,115,307
97,288,203,25
97,288,203,27
97,288,203,305
97,288,203,28
97,288,116,304
97,288,117,305
97,288,204,26
97,288,118,306
97,288,205,27
97,288,206,28
97,11,117,305
97,11,204,26
97,11,204,29
97,11,204,307
97,11,118,306
97,11,205,27
97,11,206,28
97,11,120,308
97,11,207,29
97,289,116,304
97,289,117,305
97,289,204,26
97,289,118,306
97,289,205,27
97,289,206,28
97,12,205,27
97,12,206,28
97,12,120,308
97,12,207,29
97,290,115,303
97,290,115,29
97,290,115,307
97,290,203,25
97,290,203,27
97,290,203,305
97,290,203,28
97,290,116,304
97,290,117,305
97,290,204,26
97,290,118,306
97,290,205,27
97,290,206,28
97,13,117,305
97,13,204,26
97,13,204,29
97,13,204,307
97,13,118,306
97,13,205,27
97,13,206,28
97,13,120,308
97,13,207,29
97,291,116,304
97,291,117,305
97,291,204,26
97,291,118,306
97,291,205,27
97,291,206,28
97,14,205,27
97,14,206,28
97,14,120,308
97,14,207,29
97,292,205,27
97,292,206,28
97,15,207,29
97,293,206,28
380,5,110,298,213,35
380,5,110,298,213,37
380,5,110,298,213,315
380,5,110,298,126,314
380,5,110,298,214,36
380,5,110,298,127,315
380,5,110,298,128,316
380,5,110,298,215,37
380,5,110,303
380,5,110,26
380,5,110,304
380,5,110,27
380,5,110,305
380,5,110,28
380,5,110,306
380,5,197,19,213,35
380,5,197,19,213,37
380,5,197,19,213,315
380,5,197,19,126,314
380,5,197,19,214,36
380,5,197,19,127,315
380,5,197,19,128,316
380,5,197,19,215,37
380,5,197,24,215,37
380,5,197,24
380,5,197,302,125,315
380,5,197,302,127,315
380,5,197,302
380,5,197,25
380,5,197,303
380,5,197,26
380,5,197,304
380,5,197,27
380,5,198,20,214,36
380,5,198,20,127,315
380,5,198,20,128,316
380,5,198,20,215,37
380,5,198,25
380,5,198,303
380,5,198,26
380,5,198,304
380,5,198,27
380,5,111,299,126,314
380,5,111,299,214,36
380,5,111,299,127,315
380,5,111,299,128,316
380,5,111,299,215,37
380,5,111,303
380,5,111,26
380,5,111,304
380,5,111,27
380,5,111,305
380,5,111,28
380,5,111,306
380,5,199,21,128,316
380,5,199,21,215,37
380,5,199,24,215,37
380,5,199,24
380,5,199,302,125,315
380,5,199,302,127,315
380,5,199,302
380,5,199,25
380,5,199,303
380,5,199,26
380,5,199,304
380,5,199,27
380,5,112,300,213,35
380,5,112,300,213,37
380,5,112,300,213,315
380,5,112,300,126,314
380,5,112,300,214,36
380,5,112,300,127,315
380,5,112,300,128,316
380,5,112,300,215,37
380,5,112,303
380,5,112,26
380,5,112,304
380,5,112,27
380,5,112,305
380,5,112,28
380,5,112,306
380,5,200,22,215,37
380,5,200,25
380,5,200,303
380,5,200,26
380,5,200,304
380,5,200,27
380,5,113,301,126,314
380,5,113,301,214,36
380,5,113,301,127,315
380,5,113,301,128,316
380,5,113,301,215,37
380,5,113,303
380,5,113,26
380,5,113,304
380,5,113,27
380,5,113,305
380,5,113,28
380,5,113,306
380,5,114,302,127,315
380,5,114,302,128,316
380,5,114,302,215,37
380,5,114,304
380,5,114,27
380,5,114,305
380,5,114,28
380,5,114,306
380,5,201,303
380,5,201,26
380,5,201,304
380,5,201,27
380,5,202,24
380,5,202,26
380,5,202,304
380,5,202,27
380,5,115,303
380,5,203,25
380,5,203,27
380,5,116,304
380,5,117,305
380,5,204,26
380,5,118,306
98,286,199,21,128,316
98,286,199,21,215,37
98,286,199,21,129,317
98,286,199,303
98,286,199,26
98,286,199,304
98,286,199,27
98,286,199,305
98,286,199,28
98,286,199,306
98,286,199,29
98,286,112,300,127,315
98,286,112,300,128,316
98,286,112,300,215,37
98,286,112,300,129,317
98,286,112,304
98,286,112,27
98,286,112,305
98,286,112,28
98,286,112,306
98,286,112,29
98,286,112,307
98,286,112,30
98,286,112,308
98,286,200,22,215,37
98,286,200,22,129,317
98,286,200,26
98,286,200,304
98,286,200,27
98,286,200,305
98,286,200,28
98,286,200,306
98,286,200,29
98,286,113,301,128,316
98,286,113,301,215,37
98,286,113,301,129,317
98,286,113,305
98,286,113,28
98,286,113,306
98,286,113,29
98,286,113,307
98,286,113,30
98,286,113,308
98,286,114,302,127,315
98,286,114,302,128,316
98,286,114,302,215,37
98,286,114,302,129,317
98,286,114,304
98,286,114,27
98,286,114,305
98,286,114,28
98,286,114,306
98,286,114,29
98,286,114,307
98,286,114,30
98,286,114,308
98,286,201,303
98,286,201,26
98,286,201,304
98,286,201,27
98,286,201,305
98,286,201,28
98,286,201,306
98,286,201,29
98,286,202,26
98,286,202,304
98,286,202,27
98,286,202,305
98,286,202,28
98,286,202,306
98,286,202,29
98,286,115,29
98,286,115,307
98,286,115,30
98,286,115,308
98,286,203,27
98,286,203,305
98,286,203,28
98,286,203,306
98,286,203,29
98,286,116,304
98,286,116,30
98,286,116,308
98,286,117,305
98,286,204,26
98,286,204,29
98,286,118,306
98,286,205,27
98,286,119,307
98,286,206,28
98,286,207,29
98,289,116,304
98,289,116,30
98,289,116,308
98,289,117,305
98,289,204,26
98,289,204,29
98,289,118,306
98,289,205,27
98,289,119,307
98,289,206,28
98,289,207,29
98,12,205,27
98,12,205,30
98,12,205,308
98,12,119,307
98,12,206,28
98,12,207,29
98,12,121,309
98,12,208,30
98,290,117,305
98,290,204,26
98,290,204,29
98,290,118,306
98,290,205,27
98,290,119,307
98,290,206,28
98,290,207,29
98,13,206,28
98,13,207,29
98,13,121,309
98,13,208,30
98,291,116,304
98,291,116,30
98,291,116,308
98,291,117,305
98,291,204,26
98,291,204,29
98,291,118,306
98,291,205,27
98,291,119,307
98,291,206,28
98,291,207,29
98,14,205,27
98,14,205,30
98,14,205,308
98,14,119,307
98,14,206,28
98,14,207,29
98,14,121,309
98,14,208,30
98,292,205,27
98,292,119,307
98,292,206,28
98,292,207,29
98,15,207,29
98,15,121,309
98,15,208,30
98,293,206,28
98,293,207,29
98,16,208,30
98,294,207,29
3,192,18,207,32,221
3,192,18,207,310,133
3,192,18,207,33,222
3,192,18,207,311,134
3,192,18,210
3,192,18,124
3,192,18,211
3,192,18,125
3,192,18,212
3,192,18,213
3,192,18,126
3,192,18,214
3,192,296,119,310,133
3,192,296,119,33,222
3,192,296,119,311,134
3,192,296,122
3,192,296,209
3,192,296,123
3,192,296,210
3,192,296,124
3,192,296,211
3,192,296,125
3,192,296,212
3,192,19,208,33,222
3,192,19,208,311,134
3,192,19,211
3,192,19,125
3,192,19,212
3,192,19,213
3,192,19,126
3,192,19,214
3,192,297,120,311,134
3,192,297,123
3,192,297,210
3,192,297,124
3,192,297,211
3,192,297,125
3,192,297,212
3,192,20,212
3,192,20,213
3,192,20,126
3,192,20,214
3,192,298,124
3,192,298,211
3,192,298,125
3,192,298,212
3,192,21,210
3,192,21,213
3,192,21,126
3,192,21,214
3,192,299,122
3,192,299,125
3,192,299,212
3,192,22,211
3,192,22,214
3,192,300,123
3,192,23,212
3,192,301,124
3,192,24,213
3,192,302,125
3,194,21,210
3,194,21,213
3,194,21,126
3,194,21,214
3,194,299,122
3,194,299,125
3,194,299,212
3,194,22,211
3,194,22,214
3,194,300,123
3,194,23,212
3,194,301,124
3,194,24,213
3,194,302,125
3,107,300,123
3,107,300,213
3,107,300,126
3,107,23,212
3,107,301,124
3,107,301,126
3,107,24,213
3,107,302,125
3,107,303,126
3,108,301,124
3,108,301,126
3,108,24,213
3,108,302,125
3,108,303,126
3,195,22,211
3,195,22,214
3,195,300,123
3,195,23,212
3,195,301,124
3,195,24,213
3,195,302,125
3,109,300,123
3,109,300,213
3,109,300,126
3,109,23,212
3,109,301,124
3,109,301,126
3,109,24,213
3,109,302,125
3,109,303,126
3,196,21,210
3,196,21,213
3,196,21,126
3,196,21,214
3,196,299,122
3,196,299,125
3,196,299,212
3,196,22,211
3,196,22,214
3,196,300,123
3,196,23,212
3,196,301,124
3,196,24,213
3,196,302,125
3,110,301,124
3,110,301,126
3,110,24,213
3,110,302,125
3,110,303,126
3,197,22,211
3,197,22,214
3,197,300,123
3,197,23,212
3,197,301,124
3,197,24,213
3,197,302,125
3,198,23,212
3,198,301,124
3,198,24,213
3,198,302,125
3,111,302,125
3,111,303,126
3,199,24,213
3,199,302,125
3,112,303,126
3,113,303,126
186,8,202,26
186,8,202,304
186,8,202,27
186,8,202,305
186,8,202,28
186,8,202,306
186,8,202,29
186,8,202,307
186,8,202,30
186,8,115,29
186,8,115,307
186,8,115,30
186,8,115,308
186,8,115,31
186,8,115,309
186,8,203,27
186,8,203,305
186,8,203,28
186,8,203,306
186,8,203,29
186,8,203,307
186,8,203,30
186,8,116,30
186,8,116,308
186,8,116,31
186,8,116,309
186,8,117,305
186,8,117,31
186,8,117,309
186,8,204,26
186,8,204,29
186,8,204,307
186,8,204,30
186,8,118,306
186,8,118,309
186,8,205,27
186,8,205,30
186,8,119,307
186,8,206,28
186,8,120,308
186,8,207,29
186,8,121,309
186,11,117,305
186,11,117,31
186,11,117,309
186,11,204,26
186,11,204,29
186,11,204,307
186,11,204,30
186,11,118,306
186,11,118,309
186,11,205,27
186,11,205,30
186,11,119,307
186,11,206,28
186,11,120,308
186,11,207,29
186,11,121,309
186,289,116,304
186,289,117,305
186,289,204,26
186,289,118,306
186,289,205,27
186,289,119,307
186,289,206,28
186,12,205,27
186,12,205,30
186,12,119,307
186,12,206,28
186,12,120,308
186,12,207,29
186,12,121,309
186,290,117,305
186,290,204,26
186,290,118,306
186,290,205,27
186,290,119,307
186,290,206,28
186,13,117,305
186,13,117,31
186,13,117,309
186,13,204,26
186,13,204,29
186,13,204,307
186,13,204,30
186,13,118,306
186,13,118,309
186,13,205,27
186,13,205,30
186,13,119,307
186,13,206,28
186,13,120,308
186,13,207,29
186,13,121,309
186,291,116,304
186,291,117,305
186,291,204,26
186,291,118,306
186,291,205,27
186,291,119,307
186,291,206,28
186,14,205,27
186,14,205,30
186,14,119,307
186,14,206,28
186,14,120,308
186,14,207,29
186,14,121,309
186,292,205,27
186,292,119,307
186,292,206,28
186,15,207,29
186,15,121,309
186,293,206,28
381,6,198,20,214,36
381,6,198,20,214,38
381,6,198,20,214,316
381,6,198,20,214,317
381,6,198,20,127,315
381,6,198,20,128,316
381,6,198,20,215,37
381,6,198,20,129,317
381,6,198,20,216,38
381,6,198,25,216,38
381,6,198,25
381,6,198,303
381,6,198,26
381,6,198,304
381,6,198,27
381,6,198,305
381,6,198,28
381,6,111,299,126,314
381,6,111,299,214,36
381,6,111,299,214,38
381,6,111,299,214,316
381,6,111,299,127,315
381,6,111,299,128,316
381,6,111,299,215,37
381,6,111,299,129,317
381,6,111,299,216,38
381,6,111,303,216,38
381,6,111,303
381,6,111,26
381,6,111,304
381,6,111,27
381,6,111,305
381,6,111,28
381,6,111,306
381,6,111,29
381,6,111,307
381,6,199,21,128,316
381,6,199,21,215,37
381,6,199,21,129,317
381,6,199,21,216,38
381,6,199,303
381,6,199,26
381,6,199,304
381,6,199,27
381,6,199,305
381,6,199,28
381,6,112,300,127,315
381,6,112,300,128,316
381,6,112,300,215,37
381,6,112,300,129,317
381,6,112,300,216,38
381,6,112,304
381,6,112,27
381,6,112,305
381,6,112,28
381,6,112,306
381,6,112,29
381,6,112,307
381,6,200,22,215,37
381,6,200,22,129,317
381,6,200,22,216,38
381,6,200,25,216,38
381,6,200,25
381,6,200,303
381,6,200,26
381,6,200,304
381,6,200,27
381,6,200,305
381,6,200,28
381,6,113,301,126,314
381,6,113,301,214,36
381,6,113,301,214,38
381,6,113,301,214,316
381,6,113,301,127,315
381,6,113,301,128,316
381,6,113,301,215,37
381,6,113,301,129,317
381,6,113,301,216,38
381,6,113,303,216,38
381,6,113,303
381,6,113,26
381,6,113,304
381,6,113,27
381,6,113,305
381,6,113,28
381,6,113,306
381,6,113,29
381,6,113,307
381,6,114,302,127,315
381,6,114,302,128,316
381,6,114,302,215,37
381,6,114,302,129,317
381,6,114,302,216,38
381,6,114,304
381,6,114,27
381,6,114,305
381,6,114,28
381,6,114,306
381,6,114,29
381,6,114,307
381,6,201,23,216,38
381,6,201,303
381,6,201,26
381,6,201,304
381,6,201,27
381,6,201,305
381,6,201,28
381,6,202,26
381,6,202,304
381,6,202,27
381,6,202,305
381,6,202,28
381,6,115,303,216,38
381,6,115,303
381,6,115,29
381,6,115,307
381,6,203,25
381,6,203,27
381,6,203,305
381,6,203,28
381,6,116,304
381,6,117,305
381,6,204,26
381,6,118,306
381,6,205,27
381,6,119,307
382,100,288,115,29
382,100,288,115,307
382,100,288,115,30
382,100,288,115,308
382,100,288,115,31
382,100,288,115,309
382,100,288,115,32
382,100,288,115,310
382,100,288,203,27
382,100,288,203,305
382,100,288,203,28
382,100,288,203,306
382,100,288,203,29
382,100,288,203,307
382,100,288,203,30
382,100,288,203,308
382,100,288,203,31
382,100,288,116,30
382,100,288,116,308
382,100,288,116,31
382,100,288,116,309
382,100,288,116,32
382,100,288,116,310
382,100,288,117,31
382,100,288,117,309
382,100,288,117,32
382,100,288,117,310
382,100,288,204,29
382,100,288,204,307
382,100,288,204,30
382,100,288,204,308
382,100,288,204,31
382,100,288,118,309
382,100,288,118,32
382,100,288,118,310
382,100,288,205,27
382,100,288,205,30
382,100,288,205,308
382,100,288,205,31
382,100,288,119,307
382,100,288,119,310
382,100,288,206,28
382,100,288,206,31
382,100,288,120,308
382,100,288,207,29
382,100,288,121,309
382,100,288,208,30
382,100,288,209,31
382,100,291,205,27
382,100,291,205,30
382,100,291,205,308
382,100,291,205,31
382,100,291,119,307
382,100,291,119,310
382,100,291,206,28
382,100,291,206,31
382,100,291,120,308
382,100,291,207,29
382,100,291,121,309
382,100,291,208,30
382,100,291,209,31
382,100,14,207,29
382,100,14,207,32
382,100,14,207,310
382,100,14,121,309
382,100,14,208,30
382,100,14,209,31
382,100,14,123,311
382,100,14,210,32
382,100,292,205,27
382,100,292,205,30
382,100,292,205,308
382,100,292,205,31
382,100,292,119,307
382,100,292,119,310
382,100,292,206,28
382,100,292,206,31
382,100,292,120,308
382,100,292,207,29
382,100,292,121,309
382,100,292,208,30
382,100,292,209,31
382,100,15,207,29
382,100,15,207,32
382,100,15,207,310
382,100,15,121,309
382,100,15,208,30
382,100,15,209,31
382,100,15,123,311
382,100,15,210,32
382,100,293,206,28
382,100,293,206,31
382,100,293,120,308
382,100,293,207,29
382,100,293,121,309
382,100,293,208,30
382,100,293,209,31
382,100,16,208,30
382,100,16,209,31
382,100,16,123,311
382,100,16,210,32
382,100,294,207,29
382,100,294,121,309
382,100,294,208,30
382,100,294,209,31
382,100,17,209,31
382,100,17,123,311
382,100,17,210,32
382,100,295,121,309
382,100,295,208,30
382,100,295,209,31
382,100,18,210,32
382,100,296,209,31
99,287,200,22,215,37
99,287,200,22,215,318
99,287,200,22,129,317
99,287,200,22,216,38
99,287,200,22,130,318
99,287,200,26
99,287,200,304
99,287,200,27
99,287,200,305
99,287,200,28
99,287,200,306
99,287,200,29
99,287,200,307
99,287,200,30
99,287,113,301,128,316
99,287,113,301,215,37
99,287,113,301,215,318
99,287,113,301,129,317
99,287,113,301,216,38
99,287,113,301,130,318
99,287,113,305
99,287,113,28
99,287,113,306
99,287,113,29
99,287,113,307
99,287,113,30
99,287,113,308
99,287,113,31
99,287,113,309
99,287,114,302,216,38
99,287,114,302,130,318
99,287,114,29
99,287,114,307
99,287,114,30
99,287,114,308
99,287,114,31
99,287,114,309
99,287,201,23,216,38
99,287,201,23,130,318
99,287,201,27
99,287,201,305
99,287,201,28
99,287,201,306
99,287,201,29
99,287,201,307
99,287,201,30
99,287,202,26
99,287,202,304
99,287,202,27
99,287,202,305
99,287,202,28
99,287,202,306
99,287,202,29
99,287,202,307
99,287,202,30
99,287,115,303,216,38
99,287,115,303,130,318
99,287,115,29
99,287,115,307
99,287,115,30
99,287,115,308
99,287,115,31
99,287,115,309
99,287,203,27
99,287,203,305
99,287,203,28
99,287,203,306
99,287,203,29
99,287,203,307
99,287,203,30
99,287,116,30
99,287,116,308
99,287,116,31
99,287,116,309
99,287,117,305
99,287,117,31
99,287,117,309
99,287,204,26
99,287,204,29
99,287,204,307
99,287,204,30
99,287,118,306
99,287,118,309
99,287,205,27
99,287,205,30
99,287,119,307
99,287,206,28
99,287,120,308
99,287,207,29
99,287,208,30
99,290,117,305
99,290,117,31
99,290,117,309
99,290,204,26
99,290,204,29
99,290,204,307
99,290,204,30
99,290,118,306
99,290,118,309
99,290,205,27
99,290,205,30
99,290,119,307
99,290,206,28
99,290,120,308
99,290,207,29
99,290,208,30
99,13,206,28
99,13,206,31
99,13,206,309
99,13,120,308
99,13,207,29
99,13,208,30
99,13,122,310
99,13,209,31
99,291,205,27
99,291,205,30
99,291,119,307
99,291,206,28
99,291,120,308
99,291,207,29
99,291,208,30
99,14,207,29
99,14,208,30
99,14,122,310
99,14,209,31
99,292,205,27
99,292,205,30
99,292,119,307
99,292,206,28
99,292,120,308
99,292,207,29
99,292,208,30
99,15,207,29
99,15,208,30
99,15,122,310
99,15,209,31
99,293,206,28
99,293,120,308
99,293,207,29
99,293,208,30
99,16,208,30
99,16,122,310
99,16,209,31
99,294,207,29
99,294,208,30
99,17,209,31
99,295,208,30
281,104,20,212
281,104,20,213
281,104,20,126
281,104,20,214
281,104,20,127
281,104,298,124
281,104,298,211
281,104,298,125
281,104,298,212
281,104,298,213
281,104,298,126
281,104,298,214
281,104,21,213
281,104,21,126
281,104,21,214
281,104,21,127
281,104,299,125
281,104,299,212
281,104,299,213
281,104,299,126
281,104,299,214
281,104,22,214
281,104,22,127
281,104,300,213
281,104,300,126
281,104,300,214
281,104,23,212
281,104,301,124
281,104,301,126
281,104,301,214
281,104,24,213
281,104,302,125
281,104,25,214
281,108,301,124
281,108,301,126
281,108,301,214
281,108,24,213
281,108,302,125
281,108,25,214
281,195,22,211
281,195,22,214
281,195,300,123
281,195,23,212
281,195,301,124
281,195,24,213
281,195,302,125
281,195,25,214
281,109,302,125
281,109,25,214
281,196,23,212
281,196,301,124
281,196,24,213
281,196,302,125
281,196,25,214
281,110,301,124
281,110,301,126
281,110,301,214
281,110,24,213
281,110,302,125
281,110,25,214
281,197,22,211
281,197,22,214
281,197,300,123
281,197,23,212
281,197,301,124
281,197,24,213
281,197,302,125
281,197,25,214
281,198,23,212
281,198,301,124
281,198,24,213
281,198,302,125
281,198,25,214
281,111,302,125
281,111,25,214
281,199,24,213
281,199,302,125
281,199,25,214
281,200,25,214
187,9,115,29
187,9,115,307
187,9,115,30
187,9,115,308
187,9,115,31
187,9,115,309
187,9,115,32
187,9,115,310
187,9,203,27
187,9,203,305
187,9,203,28
187,9,203,306
187,9,203,29
187,9,203,307
187,9,203,30
187,9,203,308
187,9,203,31
187,9,116,30
187,9,116,308
187,9,116,31
187,9,116,309
187,9,116,32
187,9,116,310
187,9,117,31
187,9,117,309
187,9,117,32
187,9,117,310
187,9,204,29
187,9,204,307
187,9,204,30
187,9,204,308
187,9,204,31
187,9,118,309
187,9,118,32
187,9,118,310
187,9,205,27
187,9,205,30
187,9,205,308
187,9,205,31
187,9,119,307
187,9,119,310
187,9,206,28
187,9,206,31
187,9,120,308
187,9,207,29
187,9,121,309
187,9,208,30
187,9,122,310
187,12,205,27
187,12,205,30
187,12,205,308
187,12,205,31
187,12,119,307
187,12,119,310
187,12,206,28
187,12,206,31
187,12,120,308
187,12,207,29
187,12,121,309
187,12,208,30
187,12,122,310
187,290,117,305
187,290,204,26
187,290,204,29
187,290,204,307
187,290,118,306
187,290,205,27
187,290,119,307
187,290,206,28
187,290,120,308
187,290,207,29
187,13,206,28
187,13,206,31
187,13,120,308
187,13,207,29
187,13,121,309
187,13,208,30
187,13,122,310
187,291,205,27
187,291,119,307
187,291,206,28
187,291,120,308
187,291,207,29
187,14,205,27
187,14,205,30
187,14,205,308
187,14,205,31
187,14,119,307
187,14,119,310
187,14,206,28
187,14,206,31
187,14,120,308
187,14,207,29
187,14,121,309
187,14,208,30
187,14,122,310
187,292,205,27
187,292,119,307
187,292,206,28
187,292,120,308
187,292,207,29
187,15,207,29
187,15,121,309
187,15,208,30
187,15,122,310
187,293,206,28
187,293,120,308
187,293,207,29
187,16,208,30
187,16,122,310
187,294,207,29
383,7,199,21,128,316
383,7,199,21,215,37
383,7,199,21,215,318
383,7,199,21,129,317
383,7,199,21,216,38
383,7,199,21,130,318
383,7,199,21,217,39
383,7,199,303,216,38
383,7,199,303
383,7,199,26
383,7,199,304
383,7,199,27
383,7,199,305
383,7,199,28
383,7,199,306
383,7,199,29
383,7,112,300,127,315
383,7,112,300,128,316
383,7,112,300,215,37
383,7,112,300,129,317
383,7,112,300,216,38
383,7,112,300,130,318
383,7,112,300,217,39
383,7,112,304,217,39
383,7,112,304
383,7,112,27
383,7,112,305
383,7,112,28
383,7,112,306
383,7,112,29
383,7,112,307
383,7,112,30
383,7,112,308
383,7,200,22,215,37
383,7,200,22,215,318
383,7,200,22,129,317
383,7,200,22,216,38
383,7,200,22,130,318
383,7,200,22,217,39
383,7,200,26
383,7,200,304
383,7,200,27
383,7,200,305
383,7,200,28
383,7,200,306
383,7,200,29
383,7,113,301,128,316
383,7,113,301,215,37
383,7,113,301,129,317
383,7,113,301,216,38
383,7,113,301,130,318
383,7,113,301,217,39
383,7,113,305
383,7,113,28
383,7,113,306
383,7,113,29
383,7,113,307
383,7,113,30
383,7,113,308
383,7,114,302,127,315
383,7,114,302,128,316
383,7,114,302,215,37
383,7,114,302,129,317
383,7,114,302,216,38
383,7,114,302,130,318
383,7,114,302,217,39
383,7,114,304,217,39
383,7,114,304
383,7,114,27
383,7,114,305
383,7,114,28
383,7,114,306
383,7,114,29
383,7,114,307
383,7,114,30
383,7,114,308
383,7,201,23,216,38
383,7,201,23,130,318
383,7,201,23,217,39
383,7,201,303,216,38
383,7,201,303
383,7,201,26
383,7,201,304
383,7,201,27
383,7,201,305
383,7,201,28
383,7,201,306
383,7,201,29
383,7,202,24,217,39
383,7,202,26
383,7,202,304
383,7,202,27
383,7,202,305
383,7,202,28
383,7,202,306
383,7,202,29
383,7,115,303,216,38
383,7,115,303,130,318
383,7,115,303,217,39
383,7,115,29
383,7,115,307
383,7,115,30
383,7,115,308
383,7,203,27
383,7,203,305
383,7,203,28
383,7,203,306
383,7,203,29
383,7,116,304,217,39
383,7,116,304
383,7,116,30
383,7,116,308
383,7,117,305
383,7,204,26
383,7,204,29
383,7,118,306
383,7,205,27
383,7,119,307
383,7,206,28
383,7,120,308
100,288,114,302,216,38
100,288,114,302,216,319
100,288,114,302,130,318
100,288,114,302,217,39
100,288,114,302,131,319
100,288,114,29
100,288,114,307
100,288,114,30
100,288,114,308
100,288,114,31
100,288,114,309
100,288,114,32
100,288,114,310
100,288,201,23,216,38
100,288,201,23,216,319
100,288,201,23,130,318
100,288,201,23,217,39
100,288,201,23,131,319
100,288,201,27
100,288,201,305
100,288,201,28
100,288,201,306
100,288,201,29
100,288,201,307
100,288,201,30
100,288,201,308
100,288,201,31
100,288,202,24,217,39
100,288,202,24,131,319
100,288,202,28
100,288,202,306
100,288,202,29
100,288,202,307
100,288,202,30
100,288,202,308
100,288,202,31
100,288,115,303,216,38
100,288,115,303,216,319
100,288,115,303,130,318
100,288,115,303,217,39
100,288,115,303,131,319
100,288,115,29
100,288,115,307
100,288,115,30
100,288,115,308
100,288,115,31
100,288,115,309
100,288,115,32
100,288,115,310
100,288,203,27
100,288,203,305
100,288,203,28
100,288,203,306
100,288,203,29
100,288,203,307
100,288,203,30
100,288,203,308
100,288,203,31
100,288,116,304,217,39
100,288,116,304,131,319
100,288,116,30
100,288,116,308
100,288,116,31
100,288,116,309
100,288,116,32
100,288,116,310
100,288,117,31
100,288,117,309
100,288,117,32
100,288,117,310
100,288,204,29
100,288,204,307
100,288,204,30
100,288,204,308
100,288,204,31
100,288,118,309
100,288,118,32
100,288,118,310
100,288,205,27
100,288,205,30
100,288,205,308
100,288,205,31
100,288,119,307
100,288,119,310
100,288,206,28
100,288,206,31
100,288,120,308
100,288,207,29
100,288,121,309
100,288,208,30
100,288,209,31
100,291,205,27
100,291,205,30
100,291,205,308
100,291,205,31
100,291,119,307
100,291,119,310
100,291,206,28
100,291,206,31
100,291,120,308
100,291,207,29
100,291,121,309
100,291,208,30
100,291,209,31
100,14,207,29
100,14,207,32
100,14,207,310
100,14,121,309
100,14,208,30
100,14,209,31
100,14,123,311
100,14,210,32
100,292,205,27
100,292,205,30
100,292,205,308
100,292,205,31
100,292,119,307
100,292,119,310
100,292,206,28
100,292,206,31
100,292,120,308
100,292,207,29
100,292,121,309
100,292,208,30
100,292,209,31
100,15,207,29
100,15,207,32
100,15,207,310
100,15,121,309
100,15,208,30
100,15,209,31
100,15,123,311
100,15,210,32
100,293,206,28
100,293,206,31
100,293,120,308
100,293,207,29
100,293,121,309
100,293,208,30
100,293,209,31
100,16,208,30
100,16,209,31
100,16,123,311
100,16,210,32
100,294,207,29
100,294,121,309
100,294,208,30
100,294,209,31
100,17,209,31
100,17,123,311
100,17,210,32
100,295,121,309
100,295,208,30
100,295,209,31
100,18,210,32
100,296,209,31
282,105,21,213
282,105,21,126
282,105,21,214
282,105,21,127
282,105,21,128
282,105,21,215
282,105,299,125
282,105,299,212
282,105,299,213
282,105,299,126
282,105,299,214
282,105,299,127
282,105,22,214
282,105,22,127
282,105,22,128
282,105,22,215
282,105,300,213
282,105,300,126
282,105,300,214
282,105,300,127
282,105,23,128
282,105,23,215
282,105,301,126
282,105,301,214
282,105,301,127
282,105,24,213
282,105,24,215
282,105,302,125
282,105,302,127
282,105,25,214
282,105,303,126
282,105,26,215
282,109,302,125
282,109,302,127
282,109,25,214
282,109,303,126
282,109,26,215
282,196,23,212
282,196,301,124
282,196,24,213
282,196,302,125
282,196,25,214
282,110,303,126
282,110,26,215
282,197,24,213
282,197,302,125
282,197,25,214
282,198,23,212
282,198,301,124
282,198,24,213
282,198,302,125
282,198,25,214
282,111,302,125
282,111,302,127
282,111,25,214
282,111,303,126
282,111,26,215
282,199,24,213
282,199,302,125
282,199,25,214
282,112,303,126
282,112,26,215
282,200,25,214
282,113,303,126
282,113,26,215
4,193,20,209,34,223
4,193,20,209,312,135
4,193,20,209,35,224
4,193,20,209,313,136
4,193,20,212
4,193,20,213
4,193,20,126
4,193,20,214
4,193,20,127
4,193,20,128
4,193,20,215
4,193,298,121,312,135
4,193,298,121,35,224
4,193,298,121,313,136
4,193,298,124
4,193,298,211
4,193,298,125
4,193,298,212
4,193,298,213
4,193,298,126
4,193,298,214
4,193,21,210,35,224
4,193,21,210,313,136
4,193,21,213
4,193,21,126
4,193,21,214
4,193,21,127
4,193,21,128
4,193,21,215
4,193,299,122,313,136
4,193,299,125
4,193,299,212
4,193,299,213
4,193,299,126
4,193,299,214
4,193,22,214
4,193,22,127
4,193,22,128
4,193,22,215
4,193,300,213
4,193,300,126
4,193,300,214
4,193,23,212
4,193,23,128
4,193,23,215
4,193,301,124
4,193,301,126
4,193,301,214
4,193,24,213
4,193,24,215
4,193,302,125
4,193,25,214
4,193,303,126
4,109,302,125
4,109,302,127
4,109,302,128
4,109,25,214
4,109,25,216
4,109,303,126
4,109,304,127
4,109,27,216
4,109,305,128
4,196,23,212
4,196,23,128
4,196,23,215
4,196,301,124
4,196,301,126
4,196,301,214
4,196,24,213
4,196,24,215
4,196,302,125
4,196,25,214
4,196,303,126
4,110,303,126
4,110,304,127
4,110,27,216
4,110,305,128
4,197,24,213
4,197,24,215
4,197,302,125
4,197,25,214
4,197,303,126
4,198,23,212
4,198,23,128
4,198,23,215
4,198,301,124
4,198,301,126
4,198,301,214
4,198,24,213
4,198,24,215
4,198,302,125
4,198,25,214
4,198,303,126
4,111,302,125
4,111,302,127
4,111,302,128
4,111,25,214
4,111,25,216
4,111,303,126
4,111,304,127
4,111,27,216
4,111,305,128
4,199,24,213
4,199,24,215
4,199,302,125
4,199,25,214
4,199,303,126
4,112,303,126
4,112,304,127
4,112,27,216
4,112,305,128
4,200,25,214
4,200,303,126
4,113,303,126
4,113,304,127
4,113,27,216
4,113,305,128
4,114,304,127
4,114,27,216
4,114,305,128
4,201,303,126
188,10,116,30
188,10,116,308
188,10,116,31
188,10,116,309
188,10,116,32
188,10,116,310
188,10,116,33
188,10,116,311
188,10,117,31
188,10,117,309
188,10,117,32
188,10,117,310
188,10,117,33
188,10,117,311
188,10,204,29
188,10,204,307
188,10,204,30
188,10,204,308
188,10,204,31
188,10,204,309
188,10,204,32
188,10,118,309
188,10,118,32
188,10,118,310
188,10,118,33
188,10,118,311
188,10,205,30
188,10,205,308
188,10,205,31
188,10,205,309
188,10,205,32
188,10,119,310
188,10,119,33
188,10,119,311
188,10,206,28
188,10,206,31
188,10,206,309
188,10,206,32
188,10,120,308
188,10,120,311
188,10,207,29
188,10,207,32
188,10,121,309
188,10,208,30
188,10,122,310
188,10,209,31
188,10,123,311
188,13,206,28
188,13,206,31
188,13,206,309
188,13,206,32
188,13,120,308
188,13,120,311
188,13,207,29
188,13,207,32
188,13,121,309
188,13,208,30
188,13,122,310
188,13,209,31
188,13,123,311
188,291,205,27
188,291,205,30
188,291,205,308
188,291,119,307
188,291,206,28
188,291,120,308
188,291,207,29
188,291,121,309
188,291,208,30
188,14,207,29
188,14,207,32
188,14,121,309
188,14,208,30
188,14,122,310
188,14,209,31
188,14,123,311
188,292,205,27
188,292,205,30
188,292,205,308
188,292,119,307
188,292,206,28
188,292,120,308
188,292,207,29
188,292,121,309
188,292,208,30
188,15,207,29
188,15,207,32
188,15,121,309
188,15,208,30
188,15,122,310
188,15,209,31
188,15,123,311
188,293,206,28
188,293,120,308
188,293,207,29
188,293,121,309
188,293,208,30
188,16,208,30
188,16,122,310
188,16,209,31
188,16,123,311
188,294,207,29
188,294,121,309
188,294,208,30
188,17,209,31
188,17,123,311
188,295,121,309
188,295,208,30
101,289,202,24,217,39
101,289,202,24,217,320
101,289,202,24,131,319
101,289,202,24,218,40
101,289,202,24,132,320
101,289,202,28
101,289,202,306,129,320
101,289,202,306,132,320
101,289,202,306
101,289,202,29
101,289,202,307
101,289,202,30
101,289,202,308
101,289,202,31
101,289,202,309
101,289,202,32
101,289,115,303,218,40
101,289,115,303,132,320
101,289,115,31
101,289,115,309
101,289,115,32
101,289,115,310
101,289,115,33
101,289,115,311
101,289,203,25,218,40
101,289,203,25,132,320
101,289,203,29
101,289,203,307
101,289,203,30
101,289,203,308
101,289,203,31
101,289,203,309
101,289,203,32
101,289,116,304,217,39
101,289,116,304,217,320
101,289,116,304,131,319
101,289,116,304,218,40
101,289,116,304,132,320
101,289,116,30
101,289,116,308
101,289,116,31
101,289,116,309
101,289,116,32
101,289,116,310
101,289,116,33
101,289,116,311
101,289,117,305,218,40
101,289,117,305,132,320
101,289,117,31
101,289,117,309
101,289,117,32
101,289,117,310
101,289,117,33
101,289,117,311
101,289,204,29
101,289,204,307
101,289,204,30
101,289,204,308
101,289,204,31
101,289,204,309
101,289,204,32
101,289,118,306,132,320
101,289,118,309
101,289,118,32
101,289,118,310
101,289,118,33
101,289,118,311
101,289,205,30
101,289,205,308
101,289,205,31
101,289,205,309
101,289,205,32
101,289,119,310
101,289,119,33
101,289,119,311
101,289,206,28
101,289,206,31
101,289,206,309
101,289,206,32
101,289,120,308
101,289,120,311
101,289,207,29
101,289,207,32
101,289,121,309
101,289,208,30
101,289,122,310
101,289,209,31
101,289,210,32
101,292,207,29
101,292,207,32
101,292,121,309
101,292,208,30
101,292,122,310
101,292,209,31
101,292,210,32
101,15,209,31
101,15,210,32
101,15,124,312
101,15,211,33
101,293,206,28
101,293,206,31
101,293,206,309
101,293,206,32
101,293,120,308
101,293,120,311
101,293,207,29
101,293,207,32
101,293,121,309
101,293,208,30
101,293,122,310
101,293,209,31
101,293,210,32
101,16,208,30
101,16,208,33
101,16,208,311
101,16,122,310
101,16,209,31
101,16,210,32
101,16,124,312
101,16,211,33
101,294,207,29
101,294,207,32
101,294,121,309
101,294,208,30
101,294,122,310
101,294,209,31
101,294,210,32
101,17,209,31
101,17,210,32
101,17,124,312
101,17,211,33
101,295,121,309
101,295,208,30
101,295,122,310
101,295,209,31
101,295,210,32
101,18,210,32
101,18,124,312
101,18,211,33
101,296,122,310
101,296,209,31
101,296,210,32
101,19,211,33
101,297,210,32
5,194,21,210,35,224
5,194,21,210,313,136
5,194,21,210,36,225
5,194,21,213
5,194,21,126
5,194,21,214
5,194,21,127
5,194,21,128
5,194,21,215
5,194,21,129
5,194,21,216
5,194,299,122,313,136
5,194,299,122,36,225
5,194,299,125
5,194,299,212
5,194,299,213
5,194,299,126
5,194,299,214
5,194,299,127
5,194,22,211,36,225
5,194,22,214
5,194,22,127
5,194,22,128
5,194,22,215
5,194,22,129
5,194,22,216
5,194,300,213
5,194,300,126
5,194,300,214
5,194,300,127
5,194,23,128
5,194,23,215
5,194,23,129
5,194,23,216
5,194,301,126
5,194,301,214
5,194,301,127
5,194,24,213
5,194,24,215
5,194,24,129
5,194,24,216
5,194,302,125
5,194,302,127
5,194,25,214
5,194,25,216
5,194,303,126
5,194,26,215
5,194,304,127
5,110,303,126
5,110,26,215
5,110,304,127
5,110,305,128
5,110,28,217
5,110,306,129
5,197,24,213
5,197,24,215
5,197,24,129
5,197,24,216
5,197,302,125
5,197,302,127
5,197,25,214
5,197,25,216
5,197,303,126
5,197,26,215
5,197,304,127
5,198,25,214
5,198,25,216
5,198,303,126
5,198,26,215
5,198,304,127
5,111,303,126
5,111,26,215
5,111,304,127
5,111,305,128
5,111,28,217
5,111,306,129
5,199,24,213
5,199,24,215
5,199,24,129
5,199,24,216
5,199,302,125
5,199,302,127
5,199,25,214
5,199,25,216
5,199,303,126
5,199,26,215
5,199,304,127
5,112,303,126
5,112,26,215
5,112,304,127
5,112,305,128
5,112,28,217
5,112,306,129
5,200,25,214
5,200,25,216
5,200,303,126
5,200,26,215
5,200,304,127
5,113,303,126
5,113,26,215
5,113,304,127
5,113,305,128
5,113,28,217
5,113,306,129
5,114,304,127
5,114,305,128
5,114,28,217
5,114,306,129
5,201,303,126
5,201,26,215
5,201,304,127
5,202,26,215
5,202,304,127
283,106,22,214
283,106,22,127
283,106,22,128
283,106,22,215
283,106,22,129
283,106,22,216
283,106,300,213
283,106,300,126
283,106,300,214
283,106,300,127
283,106,300,128
283,106,300,215
283,106,23,128
283,106,23,215
283,106,23,129
283,106,23,216
283,106,301,126
283,106,301,214
283,106,301,127
283,106,301,128
283,106,301,215
283,106,24,215
283,106,24,129
283,106,24,216
283,106,302,127
283,106,302,128
283,106,302,215
283,106,25,214
283,106,25,216
283,106,303,126
283,106,26,215
283,106,304,127
283,106,27,216
283,110,303,126
283,110,26,215
283,110,304,127
283,110,27,216
283,197,24,213
283,197,24,215
283,197,302,125
283,197,25,214
283,197,303,126
283,197,26,215
283,198,25,214
283,198,303,126
283,198,26,215
283,111,303,126
283,111,26,215
283,111,304,127
283,111,27,216
283,199,24,213
283,199,24,215
283,199,302,125
283,199,25,214
283,199,303,126
283,199,26,215
283,112,303,126
283,112,26,215
283,112,304,127
283,112,27,216
283,200,25,214
283,200,303,126
283,200,26,215
283,113,303,126
283,113,26,215
283,113,304,127
283,113,27,216
283,114,304,127
283,114,27,216
283,201,303,126
283,201,26,215
283,202,26,215
189,11,117,31
189,11,117,309
189,11,117,32
189,11,117,310
189,11,117,33
189,11,117,311
189,11,117,34
189,11,117,312
189,11,204,29
189,11,204,307
189,11,204,30
189,11,204,308
189,11,204,31
189,11,204,309
189,11,204,32
189,11,204,310
189,11,204,33
189,11,118,309
189,11,118,32
189,11,118,310
189,11,118,33
189,11,118,311
189,11,118,34
189,11,118,312
189,11,205,30
189,11,205,308
189,11,205,31
189,11,205,309
189,11,205,32
189,11,205,310
189,11,205,33
189,11,119,310
189,11,119,33
189,11,119,311
189,11,119,34
189,11,119,312
189,11,206,31
189,11,206,309
189,11,206,32
189,11,206,310
189,11,206,33
189,11,120,311
189,11,120,34
189,11,120,312
189,11,207,29
189,11,207,32
189,11,207,310
189,11,207,33
189,11,121,309
189,11,121,312
189,11,208,30
189,11,208,33
189,11,122,310
189,11,209,31
189,11,123,311
189,11,210,32
189,11,124,312
189,14,207,29
189,14,207,32
189,14,207,310
189,14,207,33
189,14,121,309
189,14,121,312
189,14,208,30
189,14,208,33
189,14,122,310
189,14,209,31
189,14,123,311
189,14,210,32
189,14,124,312
189,292,207,29
189,292,121,309
189,292,208,30
189,292,122,310
189,292,209,31
189,15,207,29
189,15,207,32
189,15,207,310
189,15,207,33
189,15,121,309
189,15,121,312
189,15,208,30
189,15,208,33
189,15,122,310
189,15,209,31
189,15,123,311
189,15,210,32
189,15,124,312
189,293,206,28
189,293,206,31
189,293,206,309
189,293,120,308
189,293,207,29
189,293,121,309
189,293,208,30
189,293,122,310
189,293,209,31
189,16,208,30
189,16,208,33
189,16,122,310
189,16,209,31
189,16,123,311
189,16,210,32
189,16,124,312
189,294,207,29
189,294,121,309
189,294,208,30
189,294,122,310
189,294,209,31
189,17,209,31
189,17,123,311
189,17,210,32
189,17,124,312
189,295,121,309
189,295,208,30
189,295,122,310
189,295,209,31
189,18,210,32
189,18,124,312
189,296,122,310
189,296,209,31
384,103,291,205,30
384,103,291,205,308
384,103,291,205,31
384,103,291,205,309
384,103,291,205,32
384,103,291,205,310
384,103,291,205,33
384,103,291,205,311
384,103,291,205,34
384,103,291,119,310
384,103,291,119,33
384,103,291,119,311
384,103,291,119,34
384,103,291,119,312
384,103,291,119,35
384,103,291,119,313
384,103,291,206,31
384,103,291,206,309
384,103,291,206,32
384,103,291,206,310
384,103,291,206,33
384,103,291,206,311
384,103,291,206,34
384,103,291,120,311
384,103,291,120,34
384,103,291,120,312
384,103,291,120,35
384,103,291,120,313
384,103,291,207,32
384,103,291,207,310
384,103,291,207,33
384,103,291,207,311
384,103,291,207,34
384,103,291,121,312
384,103,291,121,35
384,103,291,121,313
384,103,291,208,30
384,103,291,208,33
384,103,291,208,311
384,103,291,208,34
384,103,291,122,310
384,103,291,122,313
384,103,291,209,31
384,103,291,209,34
384,103,291,123,311
384,103,291,210,32
384,103,291,124,312
384,103,291,211,33
384,103,291,212,34
384,103,293,208,30
384,103,293,208,33
384,103,293,208,311
384,103,293,208,34
384,103,293,122,310
384,103,293,122,313
384,103,293,209,31
384,103,293,209,34
384,103,293,123,311
384,103,293,210,32
384,103,293,124,312
384,103,293,211,33
384,103,293,212,34
384,103,16,210,32
384,103,16,210,35
384,103,16,210,313
384,103,16,124,312
384,103,16,211,33
384,103,16,212,34
384,103,16,213,35
384,103,294,209,31
384,103,294,209,34
384,103,294,123,311
384,103,294,210,32
384,103,294,124,312
384,103,294,211,33
384,103,294,212,34
384,103,17,211,33
384,103,17,212,34
384,103,17,213,35
384,103,295,123,311
384,103,295,210,32
384,103,295,124,312
384,103,295,211,33
384,103,295,212,34
384,103,18,210,32
384,103,18,210,35
384,103,18,210,313
384,103,18,124,312
384,103,18,211,33
384,103,18,212,34
384,103,18,213,35
384,103,296,122,310
384,103,296,122,313
384,103,296,209,31
384,103,296,209,34
384,103,296,123,311
384,103,296,210,32
384,103,296,124,312
384,103,296,211,33
384,103,296,212,34
384,103,19,211,33
384,103,19,212,34
384,103,19,213,35
384,103,297,123,311
384,103,297,210,32
384,103,297,124,312
384,103,297,211,33
384,103,297,212,34
384,103,20,212,34
384,103,20,213,35
384,103,298,124,312
384,103,298,211,33
384,103,298,212,34
384,103,21,213,35
384,103,299,212,34
102,290,115,303,218,40
102,290,115,303,218,321
102,290,115,303,132,320
102,290,115,303,219,41
102,290,115,303,133,321
102,290,115,31
102,290,115,309
102,290,115,32
102,290,115,310
102,290,115,33
102,290,115,311
102,290,115,34
102,290,115,312
102,290,203,25,218,40
102,290,203,25,218,321
102,290,203,25,132,320
102,290,203,25,219,41
102,290,203,25,133,321
102,290,203,29
102,290,203,307,130,321
102,290,203,307,133,321
102,290,203,307
102,290,203,30
102,290,203,308
102,290,203,31
102,290,203,309
102,290,203,32
102,290,203,310
102,290,203,33
102,290,116,304,219,41
102,290,116,304,133,321
102,290,116,32
102,290,116,310
102,290,116,33
102,290,116,311
102,290,116,34
102,290,116,312
102,290,117,305,218,40
102,290,117,305,218,321
102,290,117,305,132,320
102,290,117,305,219,41
102,290,117,305,133,321
102,290,117,31
102,290,117,309
102,290,117,32
102,290,117,310
102,290,117,33
102,290,117,311
102,290,117,34
102,290,117,312
102,290,204,29
102,290,204,307,130,321
102,290,204,307,133,321
102,290,204,307
102,290,204,30
102,290,204,308
102,290,204,31
102,290,204,309
102,290,204,32
102,290,204,310
102,290,204,33
102,290,118,306,132,320
102,290,118,306,219,41
102,290,118,306,133,321
102,290,118,309
102,290,118,32
102,290,118,310
102,290,118,33
102,290,118,311
102,290,118,34
102,290,118,312
102,290,205,30
102,290,205,308
102,290,205,31
102,290,205,309
102,290,205,32
102,290,205,310
102,290,205,33
102,290,119,307,133,321
102,290,119,310
102,290,119,33
102,290,119,311
102,290,119,34
102,290,119,312
102,290,206,31
102,290,206,309
102,290,206,32
102,290,206,310
102,290,206,33
102,290,120,311
102,290,120,34
102,290,120,312
102,290,207,29
102,290,207,32
102,290,207,310
102,290,207,33
102,290,121,309
102,290,121,312
102,290,208,30
102,290,208,33
102,290,122,310
102,290,209,31
102,290,123,311
102,290,210,32
102,290,211,33
102,292,207,29
102,292,207,32
102,292,207,310
102,292,207,33
102,292,121,309
102,292,121,312
102,292,208,30
102,292,208,33
102,292,122,310
102,292,209,31
102,292,123,311
102,292,210,32
102,292,211,33
102,15,209,31
102,15,209,34
102,15,209,312
102,15,123,311
102,15,210,32
102,15,211,33
102,15,125,313
102,15,212,34
102,293,208,30
102,293,208,33
102,293,122,310
102,293,209,31
102,293,123,311
102,293,210,32
102,293,211,33
102,16,210,32
102,16,211,33
102,16,125,313
102,16,212,34
102,294,207,29
102,294,207,32
102,294,207,310
102,294,207,33
102,294,121,309
102,294,121,312
102,294,208,30
102,294,208,33
102,294,122,310
102,294,209,31
102,294,123,311
102,294,210,32
102,294,211,33
102,17,209,31
102,17,209,34
102,17,209,312
102,17,123,311
102,17,210,32
102,17,211,33
102,17,125,313
102,17,212,34
102,295,121,309
102,295,121,312
102,295,208,30
102,295,208,33
102,295,122,310
102,295,209,31
102,295,123,311
102,295,210,32
102,295,211,33
102,18,210,32
102,18,211,33
102,18,125,313
102,18,212,34
102,296,122,310
102,296,209,31
102,296,123,311
102,296,210,32
102,296,211,33
102,19,211,33
102,19,125,313
102,19,212,34
102,297,123,311
102,297,210,32
102,297,211,33
102,20,212,34
102,298,211,33
6,195,22,211,36,225
6,195,22,211,314,137
6,195,22,214
6,195,22,127
6,195,22,128
6,195,22,215
6,195,22,129
6,195,22,216
6,195,22,130
6,195,22,217
6,195,300,123,314,137
6,195,300,213
6,195,300,126
6,195,300,214
6,195,300,127
6,195,300,128
6,195,300,215
6,195,23,212,314,137
6,195,23,128
6,195,23,215
6,195,23,129
6,195,23,216
6,195,23,130
6,195,23,217
6,195,301,124,314,137
6,195,301,126
6,195,301,214
6,195,301,127
6,195,301,128
6,195,301,215
6,195,24,215
6,195,24,129
6,195,24,216
6,195,24,130
6,195,24,217
6,195,302,127
6,195,302,128
6,195,302,215
6,195,25,214
6,195,25,216
6,195,25,130
6,195,25,217
6,195,303,126
6,195,26,215
6,195,304,127
6,195,27,216
6,195,305,128
6,198,25,214
6,198,25,216
6,198,25,130
6,198,25,217
6,198,303,126
6,198,26,215
6,198,304,127
6,198,27,216
6,198,305,128
6,111,303,126
6,111,303,216
6,111,303,130
6,111,26,215
6,111,26,218
6,111,304,127
6,111,27,216
6,111,305,128
6,111,306,129
6,111,29,218
6,111,307,130
6,199,303,126
6,199,26,215
6,199,304,127
6,199,27,216
6,199,305,128
6,112,304,127
6,112,27,216
6,112,305,128
6,112,306,129
6,112,29,218
6,112,307,130
6,200,25,214
6,200,25,216
6,200,25,130
6,200,25,217
6,200,303,126
6,200,26,215
6,200,304,127
6,200,27,216
6,200,305,128
6,113,303,126
6,113,303,216
6,113,303,130
6,113,26,215
6,113,26,218
6,113,304,127
6,113,27,216
6,113,305,128
6,113,306,129
6,113,29,218
6,113,307,130
6,114,304,127
6,114,27,216
6,114,305,128
6,114,306,129
6,114,29,218
6,114,307,130
6,201,303,126
6,201,26,215
6,201,304,127
6,201,27,216
6,201,305,128
6,202,26,215
6,202,304,127
6,202,27,216
6,202,305,128
6,115,29,218
6,115,307,130
6,203,27,216
6,203,305,128
284,107,300,123,314,137
284,107,300,213
284,107,300,126
284,107,300,214
284,107,300,127
284,107,300,128
284,107,300,215
284,107,300,129
284,107,23,212,314,137
284,107,23,128
284,107,23,215
284,107,23,129
284,107,23,216
284,107,23,130
284,107,23,217
284,107,301,124,314,137
284,107,301,126
284,107,301,214
284,107,301,127
284,107,301,128
284,107,301,215
284,107,301,129
284,107,24,215
284,107,24,129
284,107,24,216
284,107,24,130
284,107,24,217
284,107,302,127
284,107,302,128
284,107,302,215
284,107,302,129
284,107,25,216
284,107,25,130
284,107,25,217
284,107,303,126
284,107,26,215
284,107,304,127
284,107,27,216
284,107,305,128
284,107,28,217
284,110,303,126
284,110,26,215
284,110,304,127
284,110,27,216
284,110,305,128
284,110,28,217
284,197,24,213
284,197,24,215
284,197,24,129
284,197,24,216
284,197,302,125
284,197,302,127
284,197,25,214
284,197,25,216
284,197,303,126
284,197,26,215
284,197,304,127
284,197,27,216
284,198,25,214
284,198,25,216
284,198,303,126
284,198,26,215
284,198,304,127
284,198,27,216
284,111,303,126
284,111,26,215
284,111,304,127
284,111,27,216
284,111,305,128
284,111,28,217
284,199,24,213
284,199,24,215
284,199,24,129
284,199,24,216
284,199,302,125
284,199,302,127
284,199,25,214
284,199,25,216
284,199,303,126
284,199,26,215
284,199,304,127
284,199,27,216
284,112,303,126
284,112,26,215
284,112,304,127
284,112,27,216
284,112,305,128
284,112,28,217
284,200,25,214
284,200,25,216
284,200,303,126
284,200,26,215
284,200,304,127
284,200,27,216
284,113,303,126
284,113,26,215
284,113,304,127
284,113,27,216
284,113,305,128
284,113,28,217
284,114,304,127
284,114,27,216
284,114,305,128
284,114,28,217
284,201,303,126
284,201,26,215
284,201,304,127
284,201,27,216
284,202,26,215
284,202,304,127
284,202,27,216
284,203,27,216
190,12,205,30
190,12,205,308
190,12,205,31
190,12,205,309
190,12,205,32
190,12,205,310
190,12,205,33
190,12,205,311
190,12,205,34
190,12,119,307,133,321
190,12,119,310
190,12,119,33
190,12,119,311
190,12,119,34
190,12,119,312
190,12,119,35
190,12,119,313
190,12,206,31
190,12,206,309
190,12,206,32
190,12,206,310
190,12,206,33
190,12,206,311
190,12,206,34
190,12,120,311
190,12,120,34
190,12,120,312
190,12,120,35
190,12,120,313
190,12,207,32
190,12,207,310
190,12,207,33
190,12,207,311
190,12,207,34
190,12,121,312
190,12,121,35
190,12,121,313
190,12,208,30
190,12,208,33
190,12,208,311
190,12,208,34
190,12,122,310
190,12,122,313
190,12,209,31
190,12,209,34
190,12,123,311
190,12,210,32
190,12,124,312
190,12,211,33
190,12,125,313
190,292,207,29
190,292,207,32
190,292,207,310
190,292,121,309
190,292,208,30
190,292,122,310
190,292,209,31
190,292,123,311
190,292,210,32
190,15,209,31
190,15,209,34
190,15,123,311
190,15,210,32
190,15,124,312
190,15,211,33
190,15,125,313
190,293,208,30
190,293,122,310
190,293,209,31
190,293,123,311
190,293,210,32
190,16,208,30
190,16,208,33
190,16,208,311
190,16,208,34
190,16,122,310
190,16,122,313
190,16,209,31
190,16,209,34
190,16,123,311
190,16,210,32
190,16,124,312
190,16,211,33
190,16,125,313
190,294,207,29
190,294,207,32
190,294,207,310
190,294,121,309
190,294,208,30
190,294,122,310
190,294,209,31
190,294,123,311
190,294,210,32
190,17,209,31
190,17,209,34
190,17,123,311
190,17,210,32
190,17,124,312
190,17,211,33
190,17,125,313
190,295,121,309
190,295,208,30
190,295,122,310
190,295,209,31
190,295,123,311
190,295,210,32
190,18,210,32
190,18,124,312
190,18,211,33
190,18,125,313
190,296,122,310
190,296,209,31
190,296,123,311
190,296,210,32
190,19,211,33
190,19,125,313
190,297,123,311
190,297,210,32
103,291,116,304,219,41
103,291,116,304,219,322
103,291,116,304,133,321
103,291,116,304,220,42
103,291,116,304,134,322
103,291,116,32
103,291,116,310
103,291,116,33
103,291,116,311
103,291,116,34
103,291,116,312
103,291,116,35
103,291,116,313
103,291,117,305,220,42
103,291,117,305,134,322
103,291,117,33
103,291,117,311
103,291,117,34
103,291,117,312
103,291,117,35
103,291,117,313
103,291,204,26,220,42
103,291,204,26,134,322
103,291,204,31
103,291,204,309
103,291,204,32
103,291,204,310
103,291,204,33
103,291,204,311
103,291,204,34
103,291,118,306,134,322
103,291,118,311
103,291,118,34
103,291,118,312
103,291,118,35
103,291,118,313
103,291,205,30
103,291,205,308,131,322
103,291,205,308,134,322
103,291,205,308
103,291,205,31
103,291,205,309
103,291,205,32
103,291,205,310
103,291,205,33
103,291,205,311
103,291,205,34
103,291,119,307,133,321
103,291,119,307,220,42
103,291,119,307,134,322
103,291,119,310
103,291,119,33
103,291,119,311
103,291,119,34
103,291,119,312
103,291,119,35
103,291,119,313
103,291,206,31
103,291,206,309
103,291,206,32
103,291,206,310
103,291,206,33
103,291,206,311
103,291,206,34
103,291,120,308,134,322
103,291,120,311
103,291,120,34
103,291,120,312
103,291,120,35
103,291,120,313
103,291,207,32
103,291,207,310
103,291,207,33
103,291,207,311
103,291,207,34
103,291,121,312
103,291,121,35
103,291,121,313
103,291,208,30
103,291,208,33
103,291,208,311
103,291,208,34
103,291,122,310
103,291,122,313
103,291,209,31
103,291,209,34
103,291,123,311
103,291,210,32
103,291,124,312
103,291,211,33
103,291,212,34
103,293,208,30
103,293,208,33
103,293,208,311
103,293,208,34
103,293,122,310
103,293,122,313
103,293,209,31
103,293,209,34
103,293,123,311
103,293,210,32
103,293,124,312
103,293,211,33
103,293,212,34
103,16,210,32
103,16,210,35
103,16,210,313
103,16,124,312
103,16,211,33
103,16,212,34
103,16,213,35
103,294,209,31
103,294,209,34
103,294,123,311
103,294,210,32
103,294,124,312
103,294,211,33
103,294,212,34
103,17,211,33
103,17,212,34
103,17,213,35
103,295,123,311
103,295,210,32
103,295,124,312
103,295,211,33
103,295,212,34
103,18,210,32
103,18,210,35
103,18,210,313
103,18,124,312
103,18,211,33
103,18,212,34
103,18,213,35
103,296,122,310
103,296,122,313
103,296,209,31
103,296,209,34
103,296,123,311
103,296,210,32
103,296,124,312
103,296,211,33
103,296,212,34
103,19,211,33
103,19,212,34
103,19,213,35
103,297,123,311
103,297,210,32
103,297,124,312
103,297,211,33
103,297,212,34
103,20,212,34
103,20,213,35
103,298,124,312
103,298,211,33
103,298,212,34
103,21,213,35
103,299,212,34
7,196,23,212,314,137
7,196,23,212,37,226
7,196,23,212,315,138
7,196,23,128
7,196,23,215
7,196,23,129
7,196,23,216
7,196,23,130
7,196,23,217
7,196,23,131
7,196,23,218
7,196,301,124,314,137
7,196,301,124,37,226
7,196,301,124,315,138
7,196,301,126
7,196,301,214
7,196,301,127
7,196,301,128
7,196,301,215
7,196,301,129
7,196,301,216
7,196,24,213,37,226
7,196,24,213,315,138
7,196,24,215
7,196,24,129
7,196,24,216
7,196,24,130
7,196,24,217
7,196,24,131
7,196,24,218
7,196,302,125,315,138
7,196,302,127
7,196,302,128
7,196,302,215
7,196,302,129
7,196,302,216
7,196,25,216
7,196,25,130
7,196,25,217
7,196,25,131
7,196,25,218
7,196,303,126
7,196,303,216
7,196,26,215
7,196,26,218
7,196,304,127
7,196,27,216
7,196,305,128
7,196,28,217
7,196,306,129
7,199,303,126
7,199,303,216
7,199,26,215
7,199,26,218
7,199,304,127
7,199,27,216
7,199,305,128
7,199,28,217
7,199,306,129
7,112,304,127
7,112,304,217
7,112,304,131
7,112,27,216
7,112,27,219
7,112,305,128
7,112,28,217
7,112,306,129
7,112,307,130
7,112,30,219
7,112,308,131
7,200,26,215
7,200,26,218
7,200,304,127
7,200,27,216
7,200,305,128
7,200,28,217
7,200,306,129
7,113,305,128
7,113,28,217
7,113,306,129
7,113,307,130
7,113,30,219
7,113,308,131
7,114,304,127
7,114,304,217
7,114,304,131
7,114,27,216
7,114,27,219
7,114,305,128
7,114,28,217
7,114,306,129
7,114,307,130
7,114,30,219
7,114,308,131
7,201,303,126
7,201,303,216
7,201,26,215
7,201,26,218
7,201,304,127
7,201,27,216
7,201,305,128
7,201,28,217
7,201,306,129
7,202,26,215
7,202,26,218
7,202,304,127
7,202,27,216
7,202,305,128
7,202,28,217
7,202,306,129
7,115,307,130
7,115,30,219
7,115,308,131
7,203,27,216
7,203,305,128
7,203,28,217
7,203,306,129
7,116,30,219
7,116,308,131
191,13,206,31
191,13,206,309
191,13,206,32
191,13,206,310
191,13,206,33
191,13,206,311
191,13,206,34
191,13,206,312
191,13,206,35
191,13,120,308,134,322
191,13,120,311
191,13,120,34
191,13,120,312
191,13,120,35
191,13,120,313
191,13,120,36
191,13,207,32
191,13,207,310
191,13,207,33
191,13,207,311
191,13,207,34
191,13,207,312
191,13,207,35
191,13,121,312
191,13,121,35
191,13,121,313
191,13,121,36
191,13,208,33
191,13,208,311
191,13,208,34
191,13,208,312
191,13,208,35
191,13,122,313
191,13,122,36
191,13,209,31
191,13,209,34
191,13,209,312
191,13,209,35
191,13,123,311
191,13,210,32
191,13,210,35
191,13,124,312
191,13,211,33
191,13,125,313
191,13,212,34
191,15,209,31
191,15,209,34
191,15,209,312
191,15,209,35
191,15,123,311
191,15,210,32
191,15,210,35
191,15,124,312
191,15,211,33
191,15,125,313
191,15,212,34
191,293,208,30
191,293,208,33
191,293,208,311
191,293,122,310
191,293,209,31
191,293,123,311
191,293,210,32
191,293,124,312
191,293,211,33
191,16,210,32
191,16,210,35
191,16,124,312
191,16,211,33
191,16,125,313
191,16,212,34
191,294,209,31
191,294,123,311
191,294,210,32
191,294,124,312
191,294,211,33
191,17,209,31
191,17,209,34
191,17,209,312
191,17,209,35
191,17,123,311
191,17,210,32
191,17,210,35
191,17,124,312
191,17,211,33
191,17,125,313
191,17,212,34
191,295,121,309
191,295,121,312
191,295,208,30
191,295,208,33
191,295,208,311
191,295,122,310
191,295,209,31
191,295,123,311
191,295,210,32
191,295,124,312
191,295,211,33
191,18,210,32
191,18,210,35
191,18,124,312
191,18,211,33
191,18,125,313
191,18,212,34
191,296,122,310
191,296,209,31
191,296,123,311
191,296,210,32
191,296,124,312
191,296,211,33
191,19,211,33
191,19,125,313
191,19,212,34
191,297,123,311
191,297,210,32
191,297,124,312
191,297,211,33
191,20,212,34
191,298,124,312
191,298,211,33
285,108,299,122,314,137
285,108,299,122,37,226
285,108,299,122,315,138
285,108,299,126
285,108,299,214
285,108,299,127
285,108,299,128
285,108,299,215
285,108,299,129
285,108,299,216
285,108,299,130
285,108,22,211,37,226
285,108,22,211,315,138
285,108,22,215
285,108,22,129
285,108,22,216
285,108,22,130
285,108,22,217
285,108,22,131
285,108,22,218
285,108,300,123,315,138
285,108,300,127
285,108,300,128
285,108,300,215
285,108,300,129
285,108,300,216
285,108,300,130
285,108,23,216
285,108,23,130
285,108,23,217
285,108,23,131
285,108,23,218
285,108,301,124,314,137
285,108,301,124,37,226
285,108,301,124,315,138
285,108,301,126
285,108,301,214
285,108,301,127
285,108,301,128
285,108,301,215
285,108,301,129
285,108,301,216
285,108,301,130
285,108,24,215
285,108,24,129
285,108,24,216
285,108,24,130
285,108,24,217
285,108,24,131
285,108,24,218
285,108,302,125,315,138
285,108,302,127
285,108,302,128
285,108,302,215
285,108,302,129
285,108,302,216
285,108,302,130
285,108,25,216
285,108,25,130
285,108,25,217
285,108,25,131
285,108,25,218
285,108,303,126
285,108,303,216
285,108,303,130
285,108,26,215
285,108,26,218
285,108,304,127
285,108,27,216
285,108,305,128
285,108,28,217
285,108,306,129
285,108,29,218
285,198,25,214
285,198,25,216
285,198,25,130
285,198,25,217
285,198,303,126
285,198,26,215
285,198,304,127
285,198,27,216
285,198,305,128
285,198,28,217
285,111,303,126
285,111,303,216
285,111,303,130
285,111,26,215
285,111,26,218
285,111,304,127
285,111,27,216
285,111,305,128
285,111,28,217
285,111,306,129
285,111,29,218
285,199,303,126
285,199,26,215
285,199,304,127
285,199,27,216
285,199,305,128
285,199,28,217
285,112,304,127
285,112,27,216
285,112,305,128
285,112,28,217
285,112,306,129
285,112,29,218
285,200,25,214
285,200,25,216
285,200,25,130
285,200,25,217
285,200,303,126
285,200,26,215
285,200,304,127
285,200,27,216
285,200,305,128
285,200,28,217
285,113,303,126
285,113,303,216
285,113,303,130
285,113,26,215
285,113,26,218
285,113,304,127
285,113,27,216
285,113,305,128
285,113,28,217
285,113,306,129
285,113,29,218
285,114,304,127
285,114,27,216
285,114,305,128
285,114,28,217
285,114,306,129
285,114,29,218
285,201,303,126
285,201,26,215
285,201,304,127
285,201,27,216
285,201,305,128
285,201,28,217
285,202,26,215
285,202,304,127
285,202,27,216
285,202,305,128
285,202,28,217
285,115,29,218
285,203,27,216
285,203,305,128
285,203,28,217
8,197,24,213,37,226
8,197,24,213,315,138
8,197,24,213,38,227
8,197,24,213,316,139
8,197,24,215
8,197,24,129
8,197,24,216
8,197,24,130
8,197,24,217
8,197,24,131
8,197,24,218
8,197,24,132
8,197,24,219
8,197,302,125,315,138
8,197,302,125,38,227
8,197,302,125,316,139
8,197,302,127
8,197,302,128
8,197,302,215
8,197,302,129
8,197,302,216
8,197,302,130
8,197,302,217
8,197,25,214,38,227
8,197,25,214,316,139
8,197,25,216
8,197,25,130
8,197,25,217
8,197,25,131
8,197,25,218
8,197,25,132
8,197,25,219
8,197,303,216
8,197,303,130
8,197,303,217
8,197,26,215
8,197,26,218
8,197,26,132
8,197,26,219
8,197,304,127
8,197,304,217
8,197,27,216
8,197,27,219
8,197,305,128
8,197,28,217
8,197,306,129
8,197,29,218
8,197,307,130
8,200,26,215
8,200,26,218
8,200,26,132
8,200,26,219
8,200,304,127
8,200,304,217
8,200,27,216
8,200,27,219
8,200,305,128
8,200,28,217
8,200,306,129
8,200,29,218
8,200,307,130
8,113,305,128
8,113,305,218
8,113,305,132
8,113,28,217
8,113,28,220
8,113,306,129
8,113,306,132
8,113,29,218
8,113,307,130
8,113,308,131
8,113,31,220
8,113,309,132
8,114,29,218
8,114,307,130
8,114,308,131
8,114,31,220
8,114,309,132
8,201,27,216
8,201,27,219
8,201,305,128
8,201,28,217
8,201,306,129
8,201,29,218
8,201,307,130
8,202,26,215
8,202,26,218
8,202,26,132
8,202,26,219
8,202,304,127
8,202,304,217
8,202,27,216
8,202,27,219
8,202,305,128
8,202,28,217
8,202,306,129
8,202,29,218
8,202,307,130
8,115,29,218
8,115,307,130
8,115,308,131
8,115,31,220
8,115,309,132
8,203,27,216
8,203,27,219
8,203,305,128
8,203,28,217
8,203,306,129
8,203,29,218
8,203,307,130
8,116,308,131
8,116,31,220
8,116,309,132
8,117,31,220
8,117,309,132
8,204,29,218
8,204,307,130
8,118,309,132
286,109,300,123,315,138
286,109,300,123,38,227
286,109,300,123,316,139
286,109,300,123,317,140
286,109,300,127
286,109,300,128
286,109,300,215
286,109,300,129
286,109,300,216
286,109,300,130
286,109,300,217
286,109,300,131
286,109,23,212,38,227
286,109,23,212,316,139
286,109,23,212,317,140
286,109,23,216
286,109,23,130
286,109,23,217
286,109,23,131
286,109,23,218
286,109,23,132
286,109,23,219
286,109,301,124,316,139
286,109,301,124,317,140
286,109,301,128
286,109,301,215
286,109,301,129
286,109,301,216
286,109,301,130
286,109,301,217
286,109,301,131
286,109,24,213,317,140
286,109,24,217
286,109,24,131
286,109,24,218
286,109,24,132
286,109,24,219
286,109,302,125,315,138
286,109,302,125,38,227
286,109,302,125,316,139
286,109,302,125,317,140
286,109,302,127
286,109,302,128
286,109,302,215
286,109,302,129
286,109,302,216
286,109,302,130
286,109,302,217
286,109,302,131
286,109,25,216
286,109,25,130
286,109,25,217
286,109,25,131
286,109,25,218
286,109,25,132
286,109,25,219
286,109,303,216
286,109,303,130
286,109,303,217
286,109,303,131
286,109,26,218
286,109,26,132
286,109,26,219
286,109,304,127
286,109,304,217
286,109,304,131
286,109,27,216
286,109,27,219
286,109,305,128
286,109,28,217
286,109,306,129
286,109,29,218
286,109,307,130
286,109,30,219
286,199,303,126
286,199,303,216
286,199,26,215
286,199,26,218
286,199,304,127
286,199,27,216
286,199,305,128
286,199,28,217
286,199,306,129
286,199,29,218
286,112,304,127
286,112,304,217
286,112,304,131
286,112,27,216
286,112,27,219
286,112,305,128
286,112,28,217
286,112,306,129
286,112,29,218
286,112,307,130
286,112,30,219
286,200,26,215
286,200,26,218
286,200,304,127
286,200,27,216
286,200,305,128
286,200,28,217
286,200,306,129
286,200,29,218
286,113,305,128
286,113,28,217
286,113,306,129
286,113,29,218
286,113,307,130
286,113,30,219
286,114,304,127
286,114,304,217
286,114,304,131
286,114,27,216
286,114,27,219
286,114,305,128
286,114,28,217
286,114,306,129
286,114,29,218
286,114,307,130
286,114,30,219
286,201,303,126
286,201,303,216
286,201,26,215
286,201,26,218
286,201,304,127
286,201,27,216
286,201,305,128
286,201,28,217
286,201,306,129
286,201,29,218
286,202,26,215
286,202,26,218
286,202,304,127
286,202,27,216
286,202,305,128
286,202,28,217
286,202,306,129
286,202,29,218
286,115,29,218
286,115,307,130
286,115,30,219
286,203,27,216
286,203,305,128
286,203,28,217
286,203,306,129
286,203,29,218
286,116,30,219
286,204,29,218
192,14,207,29,221,43
192,14,207,29,135,323
192,14,207,29,222,44
192,14,207,32
192,14,207,310
192,14,207,33
192,14,207,311
192,14,207,34
192,14,207,312
192,14,207,35
192,14,207,313
192,14,207,36
192,14,121,309,135,323
192,14,121,309,222,44
192,14,121,312
192,14,121,35
192,14,121,313
192,14,121,36
192,14,121,314
192,14,208,30,222,44
192,14,208,33
192,14,208,311
192,14,208,34
192,14,208,312
192,14,208,35
192,14,208,313
192,14,208,36
192,14,122,313
192,14,122,36
192,14,122,314
192,14,209,34
192,14,209,312
192,14,209,35
192,14,209,313
192,14,209,36
192,14,123,314
192,14,210,32
192,14,210,35
192,14,210,313
192,14,210,36
192,14,124,312
192,14,124,314
192,14,211,33
192,14,211,36
192,14,125,313
192,14,212,34
192,14,213,35
192,14,126,314
192,16,210,32
192,16,210,35
192,16,210,313
192,16,210,36
192,16,124,312
192,16,124,314
192,16,211,33
192,16,211,36
192,16,125,313
192,16,212,34
192,16,213,35
192,16,126,314
192,294,209,31
192,294,209,34
192,294,209,312
192,294,123,311
192,294,210,32
192,294,124,312
192,294,211,33
192,294,125,313
192,294,212,34
192,17,211,33
192,17,211,36
192,17,125,313
192,17,212,34
192,17,213,35
192,17,126,314
192,295,123,311
192,295,210,32
192,295,124,312
192,295,211,33
192,295,125,313
192,295,212,34
192,18,210,32
192,18,210,35
192,18,210,313
192,18,210,36
192,18,124,312
192,18,124,314
192,18,211,33
192,18,211,36
192,18,125,313
192,18,212,34
192,18,213,35
192,18,126,314
192,296,122,310
192,296,122,313
192,296,209,31
192,296,209,34
192,296,209,312
192,296,123,311
192,296,210,32
192,296,124,312
192,296,211,33
192,296,125,313
192,296,212,34
192,19,211,33
192,19,211,36
192,19,125,313
192,19,212,34
192,19,213,35
192,19,126,314
192,297,123,311
192,297,210,32
192,297,124,312
192,297,211,33
192,297,125,313
192,297,212,34
192,20,212,34
192,20,213,35
192,20,126,314
192,298,124,312
192,298,211,33
192,298,125,313
192,298,212,34
192,21,213,35
192,21,126,314
192,299,125,313
192,299,212,34
104,292,205,27,221,43
104,292,205,27,221,324
104,292,205,27,135,323
104,292,205,27,222,44
104,292,205,27,136,324
104,292,205,32
104,292,205,310,133,324
104,292,205,310,136,324
104,292,205,310
104,292,205,33
104,292,205,311
104,292,205,34
104,292,205,312
104,292,205,35
104,292,205,313
104,292,205,36
104,292,119,307,135,323
104,292,119,307,222,44
104,292,119,307,136,324
104,292,119,312
104,292,119,35
104,292,119,313
104,292,119,36
104,292,119,314
104,292,206,28,222,44
104,292,206,28,136,324
104,292,206,33
104,292,206,311
104,292,206,34
104,292,206,312
104,292,206,35
104,292,206,313
104,292,206,36
104,292,120,308,136,324
104,292,120,313
104,292,120,36
104,292,120,314
104,292,207,32
104,292,207,310,133,324
104,292,207,310,136,324
104,292,207,310
104,292,207,33
104,292,207,311
104,292,207,34
104,292,207,312
104,292,207,35
104,292,207,313
104,292,207,36
104,292,121,309,135,323
104,292,121,309,222,44
104,292,121,309,136,324
104,292,121,312
104,292,121,35
104,292,121,313
104,292,121,36
104,292,121,314
104,292,208,33
104,292,208,311
104,292,208,34
104,292,208,312
104,292,208,35
104,292,208,313
104,292,208,36
104,292,122,310,136,324
104,292,122,313
104,292,122,36
104,292,122,314
104,292,209,34
104,292,209,312
104,292,209,35
104,292,209,313
104,292,209,36
104,292,123,314
104,292,210,32
104,292,210,35
104,292,210,313
104,292,210,36
104,292,124,312
104,292,124,314
104,292,211,33
104,292,211,36
104,292,125,313
104,292,212,34
104,292,213,35
104,292,214,36
104,18,212,34
104,18,212,314
104,18,213,35
104,18,214,36
104,18,127,315
104,296,124,312
104,296,124,314
104,296,211,33
104,296,211,36
104,296,125,313
104,296,212,34
104,296,213,35
104,296,214,36
104,19,213,35
104,19,214,36
104,19,127,315
104,297,125,313
104,297,212,34
104,297,213,35
104,297,214,36
104,20,212,34
104,20,212,314
104,20,213,35
104,20,214,36
104,20,127,315
104,298,124,312
104,298,124,314
104,298,211,33
104,298,211,36
104,298,125,313
104,298,212,34
104,298,213,35
104,298,214,36
104,21,213,35
104,21,214,36
104,21,127,315
104,299,125,313
104,299,212,34
104,299,213,35
104,299,214,36
104,22,214,36
104,22,127,315
104,300,213,35
104,300,214,36
104,301,214,36
9,198,25,214,38,227
9,198,25,214,316,139
9,198,25,214,317,140
9,198,25,214,39,228
9,198,25,216
9,198,25,130
9,198,25,217
9,198,25,131
9,198,25,218
9,198,25,132
9,198,25,219
9,198,25,133
9,198,25,220
9,198,303,216
9,198,303,130
9,198,303,217
9,198,303,131
9,198,303,218
9,198,26,218
9,198,26,132
9,198,26,219
9,198,26,133
9,198,26,220
9,198,304,217
9,198,304,131
9,198,304,218
9,198,27,216
9,198,27,219
9,198,27,133
9,198,27,220
9,198,305,128
9,198,305,218
9,198,28,217
9,198,28,220
9,198,306,129
9,198,29,218
9,198,307,130
9,198,30,219
9,198,308,131
9,114,29,218
9,114,29,221
9,114,307,130
9,114,307,133
9,114,30,219
9,114,308,131
9,114,309,132
9,114,32,221
9,114,310,133
9,201,27,216
9,201,27,219
9,201,27,133
9,201,27,220
9,201,305,128
9,201,305,218
9,201,28,217
9,201,28,220
9,201,306,129
9,201,29,218
9,201,307,130
9,201,30,219
9,201,308,131
9,202,28,217
9,202,28,220
9,202,306,129
9,202,29,218
9,202,307,130
9,202,30,219
9,202,308,131
9,115,29,218
9,115,29,221
9,115,307,130
9,115,307,133
9,115,30,219
9,115,308,131
9,115,309,132
9,115,32,221
9,115,310,133
9,203,27,216
9,203,27,219
9,203,27,133
9,203,27,220
9,203,305,128
9,203,305,218
9,203,28,217
9,203,28,220
9,203,306,129
9,203,29,218
9,203,307,130
9,203,30,219
9,203,308,131
9,116,30,219
9,116,308,131
9,116,309,132
9,116,32,221
9,116,310,133
9,117,309,132
9,117,32,221
9,117,310,133
9,204,29,218
9,204,307,130
9,204,30,219
9,204,308,131
9,118,309,132
9,118,32,221
9,118,310,133
9,205,30,219
9,205,308,131
9,119,310,133
287,110,301,124,316,139
287,110,301,124,317,140
287,110,301,124,39,228
287,110,301,124,318,141
287,110,301,128
287,110,301,215,318,141
287,110,301,215
287,110,301,129
287,110,301,216
287,110,301,130
287,110,301,217
287,110,301,131
287,110,301,218
287,110,301,132
287,110,24,213,317,140
287,110,24,213,39,228
287,110,24,213,318,141
287,110,24,217
287,110,24,131
287,110,24,218
287,110,24,132
287,110,24,219
287,110,24,133
287,110,24,220
287,110,302,125,318,141
287,110,302,216
287,110,302,130
287,110,302,217
287,110,302,131
287,110,302,218
287,110,302,132
287,110,25,214,318,141
287,110,25,218
287,110,25,132
287,110,25,219
287,110,25,133
287,110,25,220
287,110,303,126,318,141
287,110,303,216
287,110,303,130
287,110,303,217
287,110,303,131
287,110,303,218
287,110,303,132
287,110,26,218
287,110,26,132
287,110,26,219
287,110,26,133
287,110,26,220
287,110,304,217
287,110,304,131
287,110,304,218
287,110,304,132
287,110,27,219
287,110,27,133
287,110,27,220
287,110,305,128
287,110,305,218
287,110,305,132
287,110,28,217
287,110,28,220
287,110,306,129
287,110,306,132
287,110,29,218
287,110,307,130
287,110,30,219
287,110,308,131
287,110,31,220
287,200,22,215,318,141
287,200,26,215
287,200,26,218
287,200,26,132
287,200,26,219
287,200,304,127
287,200,304,217
287,200,27,216
287,200,27,219
287,200,305,128
287,200,28,217
287,200,306,129
287,200,29,218
287,200,307,130
287,200,30,219
287,113,301,215,318,141
287,113,305,128
287,113,305,218
287,113,305,132
287,113,28,217
287,113,28,220
287,113,306,129
287,113,306,132
287,113,29,218
287,113,307,130
287,113,30,219
287,113,308,131
287,113,31,220
287,114,29,218
287,114,307,130
287,114,30,219
287,114,308,131
287,114,31,220
287,201,27,216
287,201,27,219
287,201,305,128
287,201,28,217
287,201,306,129
287,201,29,218
287,201,307,130
287,201,30,219
287,202,26,215
287,202,26,218
287,202,26,132
287,202,26,219
287,202,304,127
287,202,304,217
287,202,27,216
287,202,27,219
287,202,305,128
287,202,28,217
287,202,306,129
287,202,29,218
287,202,307,130
287,202,30,219
287,115,29,218
287,115,307,130
287,115,30,219
287,115,308,131
287,115,31,220
287,203,27,216
287,203,27,219
287,203,305,128
287,203,28,217
287,203,306,129
287,203,29,218
287,203,307,130
287,203,30,219
287,116,30,219
287,116,308,131
287,116,31,220
287,117,31,220
287,204,29,218
287,204,307,130
287,204,30,219
287,205,30,219
105,293,206,28,222,44
105,293,206,28,136,324
105,293,206,28,223,45
105,293,206,33
105,293,206,311
105,293,206,34
105,293,206,312
105,293,206,35
105,293,206,313
105,293,206,36
105,293,120,308,136,324
105,293,120,308,223,45
105,293,120,313
105,293,120,36
105,293,120,314
105,293,120,37
105,293,120,315
105,293,207,29,223,45
105,293,207,34
105,293,207,312
105,293,207,35
105,293,207,313
105,293,207,36
105,293,121,314
105,293,121,37
105,293,121,315
105,293,208,33
105,293,208,311
105,293,208,34
105,293,208,312
105,293,208,35
105,293,208,313
105,293,208,36
105,293,122,310,136,324
105,293,122,310,223,45
105,293,122,313
105,293,122,36
105,293,122,314
105,293,122,37
105,293,122,315
105,293,209,34
105,293,209,312
105,293,209,35
105,293,209,313
105,293,209,36
105,293,123,314
105,293,123,37
105,293,123,315
105,293,210,35
105,293,210,313
105,293,210,36
105,293,124,314
105,293,124,37
105,293,124,315
105,293,211,33
105,293,211,36
105,293,125,313
105,293,125,315
105,293,212,34
105,293,213,35
105,293,126,314
105,293,214,36
105,19,213,35
105,19,213,37
105,19,213,315
105,19,126,314
105,19,214,36
105,19,128,316
105,19,215,37
105,297,125,313
105,297,125,315
105,297,212,34
105,297,213,35
105,297,126,314
105,297,214,36
105,20,214,36
105,20,128,316
105,20,215,37
105,298,213,35
105,298,126,314
105,298,214,36
105,21,213,35
105,21,213,37
105,21,213,315
105,21,126,314
105,21,214,36
105,21,128,316
105,21,215,37
105,299,125,313
105,299,125,315
105,299,212,34
105,299,213,35
105,299,126,314
105,299,214,36
105,22,214,36
105,22,128,316
105,22,215,37
105,300,213,35
105,300,126,314
105,300,214,36
105,23,128,316
105,23,215,37
105,301,126,314
105,301,214,36
105,24,215,37
10,199,303,126,40,229
10,199,303,126,318,141
10,199,303,216
10,199,303,130
10,199,303,217
10,199,303,131
10,199,303,218
10,199,303,132
10,199,303,219
10,199,26,215,40,229
10,199,26,215,318,141
10,199,26,218
10,199,26,132
10,199,26,219
10,199,26,133
10,199,26,220
10,199,26,134
10,199,26,221
10,199,304,217
10,199,304,131
10,199,304,218
10,199,304,132
10,199,304,219
10,199,27,219
10,199,27,133
10,199,27,220
10,199,27,134
10,199,27,221
10,199,305,218
10,199,305,132
10,199,305,219
10,199,28,217
10,199,28,220
10,199,28,134
10,199,28,221
10,199,306,129
10,199,306,132
10,199,306,219
10,199,29,218
10,199,29,221
10,199,307,130
10,199,30,219
10,199,308,131
10,199,31,220
10,199,309,132
10,202,28,217
10,202,28,220
10,202,28,134
10,202,28,221
10,202,306,129
10,202,306,132
10,202,306,219
10,202,29,218
10,202,29,221
10,202,307,130
10,202,30,219
10,202,308,131
10,202,31,220
10,202,309,132
10,115,31,220
10,115,309,132
10,115,310,133
10,115,33,222
10,115,311,134
10,203,29,218
10,203,29,221
10,203,307,130
10,203,30,219
10,203,308,131
10,203,31,220
10,203,309,132
10,116,30,219
10,116,30,222
10,116,308,131
10,116,308,134
10,116,31,220
10,116,309,132
10,116,310,133
10,116,33,222
10,116,311,134
10,117,31,220
10,117,309,132
10,117,310,133
10,117,33,222
10,117,311,134
10,204,29,218
10,204,29,221
10,204,307,130
10,204,30,219
10,204,308,131
10,204,31,220
10,204,309,132
10,118,309,132
10,118,310,133
10,118,33,222
10,118,311,134
10,205,30,219
10,205,308,131
10,205,31,220
10,205,309,132
10,119,310,133
10,119,33,222
10,119,311,134
10,206,31,220
10,206,309,132
10,120,311,134
288,111,302,125,40,229
288,111,302,125,318,141
288,111,302,125,319,142
288,111,302,216,319,142
288,111,302,216
288,111,302,130
288,111,302,217
288,111,302,131
288,111,302,218
288,111,302,132
288,111,302,219
288,111,302,133
288,111,25,214,40,229
288,111,25,214,318,141
288,111,25,214,319,142
288,111,25,218
288,111,25,132
288,111,25,219
288,111,25,133
288,111,25,220
288,111,25,134
288,111,25,221
288,111,303,126,40,229
288,111,303,126,318,141
288,111,303,126,319,142
288,111,303,216,319,142
288,111,303,216
288,111,303,130
288,111,303,217
288,111,303,131
288,111,303,218
288,111,303,132
288,111,303,219
288,111,303,133
288,111,26,218
288,111,26,132
288,111,26,219
288,111,26,133
288,111,26,220
288,111,26,134
288,111,26,221
288,111,304,127,319,142
288,111,304,217
288,111,304,131
288,111,304,218
288,111,304,132
288,111,304,219
288,111,304,133
288,111,27,219
288,111,27,133
288,111,27,220
288,111,27,134
288,111,27,221
288,111,305,218
288,111,305,132
288,111,305,219
288,111,305,133
288,111,28,220
288,111,28,134
288,111,28,221
288,111,306,132
288,111,306,219
288,111,306,133
288,111,29,218
288,111,29,221
288,111,307,130
288,111,307,133
288,111,30,219
288,111,308,131
288,111,31,220
288,111,309,132
288,111,32,221
288,114,302,216,319,142
288,114,29,218
288,114,29,221
288,114,307,130
288,114,307,133
288,114,30,219
288,114,308,131
288,114,31,220
288,114,309,132
288,114,32,221
288,201,23,216,319,142
288,201,27,216
288,201,27,219
288,201,27,133
288,201,27,220
288,201,305,128
288,201,305,218
288,201,28,217
288,201,28,220
288,201,306,129
288,201,29,218
288,201,307,130
288,201,30,219
288,201,308,131
288,201,31,220
288,202,28,217
288,202,28,220
288,202,306,129
288,202,29,218
288,202,307,130
288,202,30,219
288,202,308,131
288,202,31,220
288,115,303,216,319,142
288,115,29,218
288,115,29,221
288,115,307,130
288,115,307,133
288,115,30,219
288,115,308,131
288,115,31,220
288,115,309,132
288,115,32,221
288,203,27,216
288,203,27,219
288,203,27,133
288,203,27,220
288,203,305,128
288,203,305,218
288,203,28,217
288,203,28,220
288,203,306,129
288,203,29,218
288,203,307,130
288,203,30,219
288,203,308,131
288,203,31,220
288,116,30,219
288,116,308,131
288,116,31,220
288,116,309,132
288,116,32,221
288,117,31,220
288,117,309,132
288,117,32,221
288,204,29,218
288,204,307,130
288,204,30,219
288,204,308,131
288,204,31,220
288,118,309,132
288,118,32,221
288,205,30,219
288,205,308,131
288,205,31,220
288,206,31,220
193,15,209,31,223,45
193,15,209,31,224,46
193,15,209,34
193,15,209,312
193,15,209,35
193,15,209,313
193,15,209,36
193,15,209,314
193,15,209,37
193,15,123,311,224,46
193,15,123,314
193,15,123,37
193,15,123,315
193,15,123,38
193,15,123,316
193,15,210,32,224,46
193,15,210,35
193,15,210,313
193,15,210,36
193,15,210,314
193,15,210,37
193,15,124,314
193,15,124,37
193,15,124,315
193,15,124,38
193,15,124,316
193,15,211,36
193,15,211,314
193,15,211,37
193,15,125,315
193,15,125,38
193,15,125,316
193,15,212,34
193,15,212,314
193,15,212,37
193,15,213,35
193,15,213,37
193,15,126,314
193,15,214,36
193,15,127,315
193,15,128,316
193,18,212,34
193,18,212,314
193,18,212,37
193,18,213,35
193,18,213,37
193,18,126,314
193,18,214,36
193,18,127,315
193,18,128,316
193,296,124,312
193,296,124,314
193,296,211,33
193,296,211,36
193,296,125,313
193,296,212,34
193,296,213,35
193,296,126,314
193,296,214,36
193,19,213,35
193,19,213,37
193,19,126,314
193,19,214,36
193,19,127,315
193,19,128,316
193,297,125,313
193,297,212,34
193,297,213,35
193,297,126,314
193,297,214,36
193,20,212,34
193,20,212,314
193,20,212,37
193,20,213,35
193,20,213,37
193,20,126,314
193,20,214,36
193,20,127,315
193,20,128,316
193,298,124,312
193,298,124,314
193,298,211,33
193,298,211,36
193,298,125,313
193,298,212,34
193,298,213,35
193,298,126,314
193,298,214,36
193,21,213,35
193,21,213,37
193,21,126,314
193,21,214,36
193,21,127,315
193,21,128,316
193,299,125,313
193,299,212,34
193,299,213,35
193,299,126,314
193,299,214,36
193,22,214,36
193,22,127,315
193,22,128,316
193,300,213,35
193,300,126,314
193,300,214,36
193,23,128,316
193,301,126,314
193,301,214,36
106,294,207,29,223,45
106,294,207,29,223,325
106,294,207,29,224,46
106,294,207,29,137,325
106,294,207,34
106,294,207,312,135,325
106,294,207,312,137,325
106,294,207,312
106,294,207,35
106,294,207,313
106,294,207,36
106,294,207,314
106,294,207,37
106,294,121,309,224,46
106,294,121,309,137,325
106,294,121,314
106,294,121,37
106,294,121,315
106,294,121,38
106,294,121,316
106,294,208,30,224,46
106,294,208,30,137,325
106,294,208,35
106,294,208,313
106,294,208,36
106,294,208,314
106,294,208,37
106,294,122,310,137,325
106,294,122,314
106,294,122,37
106,294,122,315
106,294,122,38
106,294,122,316
106,294,209,34
106,294,209,312,135,325
106,294,209,312,137,325
106,294,209,312
106,294,209,35
106,294,209,313
106,294,209,36
106,294,209,314
106,294,209,37
106,294,123,311,224,46
106,294,123,311,137,325
106,294,123,314
106,294,123,37
106,294,123,315
106,294,123,38
106,294,123,316
106,294,210,35
106,294,210,313
106,294,210,36
106,294,210,314
106,294,210,37
106,294,124,312,137,325
106,294,124,314
106,294,124,37
106,294,124,315
106,294,124,38
106,294,124,316
106,294,211,36
106,294,211,314
106,294,211,37
106,294,125,315
106,294,125,38
106,294,125,316
106,294,212,34
106,294,212,314
106,294,212,37
106,294,213,35
106,294,213,37
106,294,126,314
106,294,214,36
106,294,127,315
106,294,215,37
106,20,214,36
106,20,214,38
106,20,214,316
106,20,127,315
106,20,215,37
106,20,129,317
106,20,216,38
106,298,213,35
106,298,213,37
106,298,126,314
106,298,214,36
106,298,127,315
106,298,215,37
106,21,215,37
106,21,129,317
106,21,216,38
106,299,126,314
106,299,214,36
106,299,127,315
106,299,215,37
106,22,214,36
106,22,214,38
106,22,214,316
106,22,127,315
106,22,215,37
106,22,129,317
106,22,216,38
106,300,213,35
106,300,213,37
106,300,126,314
106,300,214,36
106,300,127,315
106,300,215,37
106,23,215,37
106,23,129,317
106,23,216,38
106,301,126,314
106,301,214,36
106,301,127,315
106,301,215,37
106,24,215,37
106,24,129,317
106,24,216,38
106,302,127,315
106,302,215,37
106,25,216,38
11,200,26,215,40,229
11,200,26,215,318,141
11,200,26,215,319,142
11,200,26,215,41,230
11,200,26,218
11,200,26,132
11,200,26,219
11,200,26,133
11,200,26,220
11,200,26,134
11,200,26,221
11,200,26,135
11,200,26,222
11,200,304,127,319,142
11,200,304,127,41,230
11,200,304,217
11,200,304,131
11,200,304,218
11,200,304,132
11,200,304,219
11,200,304,133
11,200,304,220
11,200,27,216,319,142
11,200,27,216,41,230
11,200,27,219
11,200,27,133
11,200,27,220
11,200,27,134
11,200,27,221
11,200,27,135
11,200,27,222
11,200,305,218
11,200,305,132
11,200,305,219
11,200,305,133
11,200,305,220
11,200,28,220
11,200,28,134
11,200,28,221
11,200,28,135
11,200,28,222
11,200,306,132
11,200,306,219
11,200,306,133
11,200,306,220
11,200,29,218
11,200,29,221
11,200,29,135
11,200,29,222
11,200,307,130
11,200,307,133
11,200,307,220
11,200,30,219
11,200,30,222
11,200,308,131
11,200,31,220
11,200,309,132
11,200,32,221
11,200,310,133
11,115,31,220
11,115,31,223
11,115,309,132
11,115,309,135
11,115,32,221
11,115,310,133
11,115,311,134
11,115,34,223
11,115,312,135
11,203,29,218
11,203,29,221
11,203,29,135
11,203,29,222
11,203,307,130
11,203,307,133
11,203,307,220
11,203,30,219
11,203,30,222
11,203,308,131
11,203,31,220
11,203,309,132
11,203,32,221
11,203,310,133
11,116,32,221
11,116,310,133
11,116,311,134
11,116,34,223
11,116,312,135
11,117,31,220
11,117,31,223
11,117,309,132
11,117,309,135
11,117,32,221
11,117,310,133
11,117,311,134
11,117,34,223
11,117,312,135
11,204,29,218
11,204,29,221
11,204,29,135
11,204,29,222
11,204,307,130
11,204,307,133
11,204,307,220
11,204,30,219
11,204,30,222
11,204,308,131
11,204,31,220
11,204,309,132
11,204,32,221
11,204,310,133
11,118,309,132
11,118,309,135
11,118,32,221
11,118,310,133
11,118,311,134
11,118,34,223
11,118,312,135
11,205,30,219
11,205,30,222
11,205,308,131
11,205,31,220
11,205,309,132
11,205,32,221
11,205,310,133
11,119,310,133
11,119,311,134
11,119,34,223
11,119,312,135
11,206,31,220
11,206,309,132
11,206,32,221
11,206,310,133
11,120,311,134
11,120,34,223
11,120,312,135
11,207,32,221
11,207,310,133
11,121,312,135
289,112,303,126,320,143
289,112,303,218
289,112,303,132
289,112,303,219
289,112,303,133
289,112,303,220
289,112,303,134
289,112,26,215,320,143
289,112,26,220
289,112,26,134
289,112,26,221
289,112,26,135
289,112,26,222
289,112,304,127,319,142
289,112,304,127,41,230
289,112,304,127,320,143
289,112,304,217,320,143
289,112,304,217
289,112,304,131
289,112,304,218
289,112,304,132
289,112,304,219
289,112,304,133
289,112,304,220
289,112,304,134
289,112,27,219
289,112,27,133
289,112,27,220
289,112,27,134
289,112,27,221
289,112,27,135
289,112,27,222
289,112,305,128,320,143
289,112,305,218
289,112,305,132
289,112,305,219
289,112,305,133
289,112,305,220
289,112,305,134
289,112,28,220
289,112,28,134
289,112,28,221
289,112,28,135
289,112,28,222
289,112,306,129,320,143
289,112,306,132
289,112,306,219
289,112,306,133
289,112,306,220
289,112,306,134
289,112,29,221
289,112,29,135
289,112,29,222
289,112,307,133
289,112,307,220
289,112,307,134
289,112,30,219
289,112,30,222
289,112,308,131
289,112,308,134
289,112,31,220
289,112,309,132
289,112,32,221
289,112,310,133
289,112,33,222
289,202,24,217,320,143
289,202,28,217
289,202,28,220
289,202,28,134
289,202,28,221
289,202,306,129,320,143
289,202,306,129
289,202,306,132
289,202,306,219
289,202,29,218
289,202,29,221
289,202,307,130
289,202,30,219
289,202,308,131
289,202,31,220
289,202,309,132
289,202,32,221
289,115,31,220
289,115,309,132
289,115,32,221
289,115,310,133
289,115,33,222
289,203,29,218
289,203,29,221
289,203,307,130
289,203,30,219
289,203,308,131
289,203,31,220
289,203,309,132
289,203,32,221
289,116,304,217,320,143
289,116,30,219
289,116,30,222
289,116,308,131
289,116,308,134
289,116,31,220
289,116,309,132
289,116,32,221
289,116,310,133
289,116,33,222
289,117,31,220
289,117,309,132
289,117,32,221
289,117,310,133
289,117,33,222
289,204,29,218
289,204,29,221
289,204,307,130
289,204,30,219
289,204,308,131
289,204,31,220
289,204,309,132
289,204,32,221
289,118,309,132
289,118,32,221
289,118,310,133
289,118,33,222
289,205,30,219
289,205,308,131
289,205,31,220
289,205,309,132
289,205,32,221
289,119,310,133
289,119,33,222
289,206,31,220
289,206,309,132
289,206,32,221
289,207,32,221
194,16,210,32,224,46
194,16,210,32,137,325
194,16,210,32,225,47
194,16,210,35
194,16,210,313
194,16,210,36
194,16,210,314
194,16,210,37
194,16,210,315
194,16,210,38
194,16,124,312,137,325
194,16,124,312,225,47
194,16,124,314
194,16,124,37
194,16,124,315
194,16,124,38
194,16,124,316
194,16,124,317
194,16,124,39
194,16,211,33,225,47
194,16,211,36
194,16,211,314
194,16,211,37
194,16,211,315
194,16,211,38
194,16,125,315
194,16,125,38
194,16,125,316
194,16,125,317
194,16,125,39
194,16,212,314
194,16,212,37
194,16,212,315
194,16,212,38
194,16,213,35
194,16,213,37
194,16,213,315
194,16,213,38
194,16,126,314
194,16,214,36
194,16,214,38
194,16,127,315
194,16,128,316
194,16,215,37
194,16,129,317
194,19,213,35
194,19,213,37
194,19,213,315
194,19,213,38
194,19,126,314
194,19,214,36
194,19,214,38
194,19,127,315
194,19,128,316
194,19,215,37
194,19,129,317
194,297,125,313
194,297,125,315
194,297,212,34
194,297,212,314
194,297,213,35
194,297,126,314
194,297,214,36
194,297,127,315
194,20,214,36
194,20,214,38
194,20,127,315
194,20,128,316
194,20,215,37
194,20,129,317
194,298,213,35
194,298,126,314
194,298,214,36
194,298,127,315
194,21,213,35
194,21,213,37
194,21,213,315
194,21,213,38
194,21,126,314
194,21,214,36
194,21,214,38
194,21,127,315
194,21,128,316
194,21,215,37
194,21,129,317
194,299,125,313
194,299,125,315
194,299,212,34
194,299,212,314
194,299,213,35
194,299,126,314
194,299,214,36
194,299,127,315
194,22,214,36
194,22,214,38
194,22,127,315
194,22,128,316
194,22,215,37
194,22,129,317
194,300,213,35
194,300,126,314
194,300,214,36
194,300,127,315
194,23,128,316
194,23,215,37
194,23,129,317
194,301,126,314
194,301,214,36
194,301,127,315
194,24,215,37
194,24,129,317
194,302,127,315
107,295,121,309,224,46
107,295,121,309,137,325
107,295,121,309,225,47
107,295,121,314
107,295,121,37
107,295,121,315
107,295,121,38
107,295,121,316
107,295,121,317
107,295,121,39
107,295,208,30,224,46
107,295,208,30,137,325
107,295,208,30,225,47
107,295,208,35
107,295,208,313
107,295,208,36
107,295,208,314
107,295,208,37
107,295,208,315
107,295,122,310,137,325
107,295,122,310,225,47
107,295,122,314
107,295,122,37
107,295,122,315
107,295,122,38
107,295,122,316
107,295,122,317
107,295,122,39
107,295,209,31,225,47
107,295,209,36
107,295,209,314
107,295,209,37
107,295,209,315
107,295,123,311,224,46
107,295,123,311,137,325
107,295,123,311,225,47
107,295,123,314
107,295,123,37
107,295,123,315
107,295,123,38
107,295,123,316
107,295,123,317
107,295,123,39
107,295,210,35
107,295,210,313
107,295,210,36
107,295,210,314
107,295,210,37
107,295,210,315
107,295,124,312,137,325
107,295,124,312,225,47
107,295,124,314
107,295,124,37
107,295,124,315
107,295,124,38
107,295,124,316
107,295,124,317
107,295,124,39
107,295,211,36
107,295,211,314
107,295,211,37
107,295,211,315
107,295,125,315
107,295,125,38
107,295,125,316
107,295,125,317
107,295,125,39
107,295,212,314
107,295,212,37
107,295,212,315
107,295,213,35
107,295,213,37
107,295,213,315
107,295,126,314
107,295,214,36
107,295,127,315
107,295,128,316
107,295,215,37
107,298,213,35
107,298,213,37
107,298,213,315
107,298,126,314
107,298,214,36
107,298,127,315
107,298,128,316
107,298,215,37
107,21,128,316
107,21,215,37
107,21,216,38
107,21,130,318
107,21,217,39
107,299,126,314
107,299,214,36
107,299,127,315
107,299,128,316
107,299,215,37
107,22,215,37
107,22,216,38
107,22,130,318
107,22,217,39
107,300,213,35
107,300,213,37
107,300,213,315
107,300,126,314
107,300,214,36
107,300,127,315
107,300,128,316
107,300,215,37
107,23,128,316
107,23,215,37
107,23,216,38
107,23,130,318
107,23,217,39
107,301,126,314
107,301,214,36
107,301,127,315
107,301,128,316
107,301,215,37
107,24,215,37
107,24,216,38
107,24,130,318
107,24,217,39
107,302,127,315
107,302,128,316
107,302,215,37
107,25,216,38
107,25,130,318
107,25,217,39
12,201,27,216,319,142
12,201,27,216,41,230
12,201,27,216,42,231
12,201,27,216,320,143
12,201,27,219
12,201,27,133
12,201,27,220
12,201,27,134
12,201,27,221
12,201,27,135
12,201,27,222
12,201,27,136
12,201,27,223
12,201,305,128,42,231
12,201,305,128,320,143
12,201,305,218
12,201,305,132
12,201,305,219
12,201,305,133
12,201,305,220
12,201,305,134
12,201,305,221
12,201,28,217,42,231
12,201,28,217,320,143
12,201,28,220
12,201,28,134
12,201,28,221
12,201,28,135
12,201,28,222
12,201,28,136
12,201,28,223
12,201,306,129,42,231
12,201,306,129,320,143
12,201,306,132
12,201,306,219
12,201,306,133
12,201,306,220
12,201,306,134
12,201,306,221
12,201,29,221
12,201,29,135
12,201,29,222
12,201,29,136
12,201,29,223
12,201,307,133
12,201,307,220
12,201,307,134
12,201,307,221
12,201,30,219
12,201,30,222
12,201,30,136
12,201,30,223
12,201,308,131
12,201,308,134
12,201,308,221
12,201,31,220
12,201,31,223
12,201,309,132
12,201,32,221
12,201,310,133
12,201,33,222
12,201,311,134
12,116,32,221
12,116,32,224
12,116,310,133
12,116,310,136
12,116,33,222
12,116,311,134
12,116,312,135
12,116,35,224
12,116,313,136
12,117,33,222
12,117,311,134
12,117,312,135
12,117,35,224
12,117,313,136
12,204,31,220
12,204,31,223
12,204,309,132
12,204,32,221
12,204,310,133
12,204,33,222
12,204,311,134
12,118,311,134
12,118,312,135
12,118,35,224
12,118,313,136
12,205,30,219
12,205,30,222
12,205,30,136
12,205,30,223
12,205,308,131
12,205,308,134
12,205,308,221
12,205,31,220
12,205,31,223
12,205,309,132
12,205,32,221
12,205,310,133
12,205,33,222
12,205,311,134
12,119,310,133
12,119,310,136
12,119,33,222
12,119,311,134
12,119,312,135
12,119,35,224
12,119,313,136
12,206,31,220
12,206,31,223
12,206,309,132
12,206,32,221
12,206,310,133
12,206,33,222
12,206,311,134
12,120,311,134
12,120,312,135
12,120,35,224
12,120,313,136
12,207,32,221
12,207,310,133
12,207,33,222
12,207,311,134
12,121,312,135
12,121,35,224
12,121,313,136
12,208,33,222
12,208,311,134
12,122,313,136
290,113,303,126,42,231
290,113,303,126,320,143
290,113,303,126,321,144
290,113,303,218,321,144
290,113,303,218
290,113,303,132
290,113,303,219
290,113,303,133
290,113,303,220
290,113,303,134
290,113,303,221
290,113,303,135
290,113,26,215,42,231
290,113,26,215,320,143
290,113,26,215,321,144
290,113,26,220
290,113,26,134
290,113,26,221
290,113,26,135
290,113,26,222
290,113,26,136
290,113,26,223
290,113,304,127,321,144
290,113,304,219
290,113,304,133
290,113,304,220
290,113,304,134
290,113,304,221
290,113,304,135
290,113,27,216,321,144
290,113,27,221
290,113,27,135
290,113,27,222
290,113,27,136
290,113,27,223
290,113,305,128,42,231
290,113,305,128,320,143
290,113,305,128,321,144
290,113,305,218,321,144
290,113,305,218
290,113,305,132
290,113,305,219
290,113,305,133
290,113,305,220
290,113,305,134
290,113,305,221
290,113,305,135
290,113,28,220
290,113,28,134
290,113,28,221
290,113,28,135
290,113,28,222
290,113,28,136
290,113,28,223
290,113,306,129,42,231
290,113,306,129,320,143
290,113,306,129,321,144
290,113,306,132
290,113,306,219
290,113,306,133
290,113,306,220
290,113,306,134
290,113,306,221
290,113,306,135
290,113,29,221
290,113,29,135
290,113,29,222
290,113,29,136
290,113,29,223
290,113,307,130,321,144
290,113,307,133
290,113,307,220
290,113,307,134
290,113,307,221
290,113,307,135
290,113,30,222
290,113,30,136
290,113,30,223
290,113,308,134
290,113,308,221
290,113,308,135
290,113,31,220
290,113,31,223
290,113,309,132
290,113,309,135
290,113,32,221
290,113,310,133
290,113,33,222
290,113,311,134
290,113,34,223
290,115,303,218,321,144
290,115,31,220
290,115,31,223
290,115,309,132
290,115,309,135
290,115,32,221
290,115,310,133
290,115,33,222
290,115,311,134
290,115,34,223
290,203,25,218,321,144
290,203,29,218
290,203,29,221
290,203,29,135
290,203,29,222
290,203,307,130,321,144
290,203,307,130
290,203,307,133
290,203,307,220
290,203,30,219
290,203,30,222
290,203,308,131
290,203,31,220
290,203,309,132
290,203,32,221
290,203,310,133
290,203,33,222
290,116,32,221
290,116,310,133
290,116,33,222
290,116,311,134
290,116,34,223
290,117,305,218,321,144
290,117,31,220
290,117,31,223
290,117,309,132
290,117,309,135
290,117,32,221
290,117,310,133
290,117,33,222
290,117,311,134
290,117,34,223
290,204,29,218
290,204,29,221
290,204,29,135
290,204,29,222
290,204,307,130,321,144
290,204,307,130
290,204,307,133
290,204,307,220
290,204,30,219
290,204,30,222
290,204,308,131
290,204,31,220
290,204,309,132
290,204,32,221
290,204,310,133
290,204,33,222
290,118,309,132
290,118,309,135
290,118,32,221
290,118,310,133
290,118,33,222
290,118,311,134
290,118,34,223
290,205,30,219
290,205,30,222
290,205,308,131
290,205,31,220
290,205,309,132
290,205,32,221
290,205,310,133
290,205,33,222
290,119,310,133
290,119,33,222
290,119,311,134
290,119,34,223
290,206,31,220
290,206,309,132
290,206,32,221
290,206,310,133
290,206,33,222
290,120,311,134
290,120,34,223
290,207,32,221
290,207,310,133
290,207,33,222
290,208,33,222
108,296,122,310,137,325
108,296,122,310,225,47
108,296,122,310,138,326
108,296,122,314
108,296,122,37
108,296,122,315
108,296,122,38
108,296,122,316
108,296,122,317
108,296,122,39
108,296,122,40
108,296,122,318
108,296,209,31,225,47
108,296,209,31,138,326
108,296,209,36
108,296,209,314
108,296,209,37
108,296,209,315
108,296,209,38
108,296,209,316
108,296,123,311,138,326
108,296,123,315
108,296,123,38
108,296,123,316
108,296,123,317
108,296,123,39
108,296,123,40
108,296,123,318
108,296,210,314
108,296,210,37
108,296,210,315
108,296,210,38
108,296,210,316
108,296,124,312,137,325
108,296,124,312,225,47
108,296,124,312,138,326
108,296,124,314
108,296,124,37
108,296,124,315
108,296,124,38
108,296,124,316
108,296,124,317
108,296,124,39
108,296,124,40
108,296,124,318
108,296,211,36
108,296,211,314
108,296,211,37
108,296,211,315
108,296,211,38
108,296,211,316
108,296,125,313,138,326
108,296,125,315
108,296,125,38
108,296,125,316
108,296,125,317
108,296,125,39
108,296,125,40
108,296,125,318
108,296,212,314
108,296,212,37
108,296,212,315
108,296,212,38
108,296,212,316
108,296,213,37
108,296,213,315
108,296,213,38
108,296,213,316
108,296,126,314
108,296,126,40
108,296,126,318
108,296,214,36
108,296,214,38
108,296,214,316
108,296,127,315
108,296,128,316
108,296,215,37
108,296,129,317
108,296,216,38
108,299,126,314
108,299,126,40
108,299,126,318
108,299,214,36
108,299,214,38
108,299,214,316
108,299,127,315
108,299,128,316
108,299,215,37
108,299,129,317
108,299,216,38
108,22,215,37
108,22,215,40
108,22,215,318
108,22,129,317
108,22,216,38
108,22,217,39
108,22,131,319
108,22,218,40
108,300,127,315
108,300,128,316
108,300,215,37
108,300,129,317
108,300,216,38
108,23,216,38
108,23,217,39
108,23,131,319
108,23,218,40
108,301,126,314
108,301,126,40
108,301,126,318
108,301,214,36
108,301,214,38
108,301,214,316
108,301,127,315
108,301,128,316
108,301,215,37
108,301,129,317
108,301,216,38
108,24,215,37
108,24,215,40
108,24,215,318
108,24,129,317
108,24,216,38
108,24,217,39
108,24,131,319
108,24,218,40
108,302,127,315
108,302,128,316
108,302,215,37
108,302,129,317
108,302,216,38
108,25,216,38
108,25,217,39
108,25,131,319
108,25,218,40
108,303,216,38
108,26,218,40
195,17,211,33,225,47
195,17,211,33,138,326
195,17,211,36
195,17,211,314
195,17,211,37
195,17,211,315
195,17,211,38
195,17,211,316
195,17,211,317
195,17,211,39
195,17,125,313,138,326
195,17,125,315
195,17,125,38
195,17,125,316
195,17,125,317
195,17,125,39
195,17,125,40
195,17,125,318
195,17,212,314
195,17,212,37
195,17,212,315
195,17,212,38
195,17,212,316
195,17,212,317
195,17,212,39
195,17,213,37
195,17,213,315
195,17,213,38
195,17,213,316
195,17,213,317
195,17,213,39
195,17,126,40
195,17,126,318
195,17,214,36
195,17,214,38
195,17,214,316
195,17,214,317
195,17,214,39
195,17,127,315
195,17,128,316
195,17,215,37
195,17,129,317
195,17,216,38
195,17,130,318
195,20,214,36
195,20,214,38
195,20,214,316
195,20,214,317
195,20,214,39
195,20,127,315
195,20,128,316
195,20,215,37
195,20,129,317
195,20,216,38
195,20,130,318
195,298,213,35
195,298,213,37
195,298,213,315
195,298,126,314
195,298,214,36
195,298,127,315
195,298,128,316
195,298,215,37
195,21,128,316
195,21,215,37
195,21,129,317
195,21,216,38
195,21,130,318
195,299,126,314
195,299,214,36
195,299,127,315
195,299,128,316
195,299,215,37
195,22,214,36
195,22,214,38
195,22,214,316
195,22,214,317
195,22,214,39
195,22,127,315
195,22,128,316
195,22,215,37
195,22,129,317
195,22,216,38
195,22,130,318
195,300,213,35
195,300,213,37
195,300,213,315
195,300,126,314
195,300,214,36
195,300,127,315
195,300,128,316
195,300,215,37
195,23,128,316
195,23,215,37
195,23,129,317
195,23,216,38
195,23,130,318
195,301,126,314
195,301,214,36
195,301,127,315
195,301,128,316
195,301,215,37
195,24,215,37
195,24,129,317
195,24,216,38
195,24,130,318
195,302,127,315
195,302,128,316
195,302,215,37
195,25,216,38
195,25,130,318
13,202,28,217,42,231
13,202,28,217,320,143
13,202,28,217,321,144
13,202,28,217,43,232
13,202,28,220
13,202,28,134
13,202,28,221
13,202,28,135
13,202,28,222
13,202,28,136
13,202,28,223
13,202,28,224
13,202,306,129,42,231
13,202,306,129,320,143
13,202,306,129,321,144
13,202,306,129,43,232
13,202,306,132
13,202,306,219
13,202,306,133
13,202,306,220
13,202,306,134
13,202,306,221
13,202,306,135
13,202,306,222
13,202,29,218,321,144
13,202,29,218,43,232
13,202,29,221
13,202,29,135
13,202,29,222
13,202,29,136
13,202,29,223
13,202,29,224
13,202,307,130,321,144
13,202,307,130,43,232
13,202,307,133
13,202,307,220
13,202,307,134
13,202,307,221
13,202,307,135
13,202,307,222
13,202,30,222
13,202,30,136
13,202,30,223
13,202,30,224
13,202,308,134
13,202,308,221
13,202,308,135
13,202,308,222
13,202,31,220
13,202,31,223
13,202,31,224
13,202,309,132
13,202,309,135
13,202,309,222
13,202,32,221
13,202,32,224
13,202,310,133
13,202,33,222
13,202,311,134
13,202,34,223
13,202,312,135
13,117,33,222
13,117,33,225
13,117,311,134
13,117,34,223
13,117,312,135
13,117,313,136
13,117,36,225
13,204,31,220
13,204,31,223
13,204,31,224
13,204,309,132
13,204,309,135
13,204,309,222
13,204,32,221
13,204,32,224
13,204,310,133
13,204,33,222
13,204,311,134
13,204,34,223
13,204,312,135
13,118,311,134
13,118,34,223
13,118,312,135
13,118,313,136
13,118,36,225
13,205,32,221
13,205,32,224
13,205,310,133
13,205,33,222
13,205,311,134
13,205,34,223
13,205,312,135
13,119,312,135
13,119,313,136
13,119,36,225
13,206,31,220
13,206,31,223
13,206,31,224
13,206,309,132
13,206,309,135
13,206,309,222
13,206,32,221
13,206,32,224
13,206,310,133
13,206,33,222
13,206,311,134
13,206,34,223
13,206,312,135
13,120,311,134
13,120,34,223
13,120,312,135
13,120,313,136
13,120,36,225
13,207,32,221
13,207,32,224
13,207,310,133
13,207,33,222
13,207,311,134
13,207,34,223
13,207,312,135
13,121,312,135
13,121,313,136
13,121,36,225
13,208,33,222
13,208,311,134
13,208,34,223
13,208,312,135
13,122,313,136
13,122,36,225
13,209,34,223
13,209,312,135
291,114,304,127,321,144
291,114,304,127,43,232
291,114,304,127,322,145
291,114,304,219,322,145
291,114,304,219
291,114,304,133
291,114,304,220
291,114,304,134
291,114,304,221
291,114,304,135
291,114,304,222
291,114,304,136
291,114,27,216,321,144
291,114,27,216,43,232
291,114,27,216,322,145
291,114,27,221
291,114,27,135
291,114,27,222
291,114,27,136
291,114,27,223
291,114,27,224
291,114,305,128,322,145
291,114,305,220
291,114,305,134
291,114,305,221
291,114,305,135
291,114,305,222
291,114,305,136
291,114,28,217,322,145
291,114,28,222
291,114,28,136
291,114,28,223
291,114,28,224
291,114,306,129,322,145
291,114,306,134
291,114,306,221
291,114,306,135
291,114,306,222
291,114,306,136
291,114,29,221
291,114,29,135
291,114,29,222
291,114,29,136
291,114,29,223
291,114,29,224
291,114,307,130,321,144
291,114,307,130,43,232
291,114,307,130,322,145
291,114,307,133
291,114,307,220
291,114,307,134
291,114,307,221
291,114,307,135
291,114,307,222
291,114,307,136
291,114,30,222
291,114,30,136
291,114,30,223
291,114,30,224
291,114,308,131,322,145
291,114,308,134
291,114,308,221
291,114,308,135
291,114,308,222
291,114,308,136
291,114,31,223
291,114,31,224
291,114,309,135
291,114,309,222
291,114,309,136
291,114,32,221
291,114,32,224
291,114,310,133
291,114,310,136
291,114,33,222
291,114,311,134
291,114,34,223
291,114,312,135
291,114,35,224
291,116,304,219,322,145
291,116,32,221
291,116,32,224
291,116,310,133
291,116,310,136
291,116,33,222
291,116,311,134
291,116,34,223
291,116,312,135
291,116,35,224
291,117,33,222
291,117,311,134
291,117,34,223
291,117,312,135
291,117,35,224
291,204,31,220
291,204,31,223
291,204,309,132
291,204,32,221
291,204,310,133
291,204,33,222
291,204,311,134
291,204,34,223
291,118,311,134
291,118,34,223
291,118,312,135
291,118,35,224
291,205,30,219
291,205,30,222
291,205,30,136
291,205,30,223
291,205,308,131,322,145
291,205,308,131
291,205,308,134
291,205,308,221
291,205,31,220
291,205,31,223
291,205,309,132
291,205,32,221
291,205,310,133
291,205,33,222
291,205,311,134
291,205,34,223
291,119,310,133
291,119,310,136
291,119,33,222
291,119,311,134
291,119,34,223
291,119,312,135
291,119,35,224
291,206,31,220
291,206,31,223
291,206,309,132
291,206,32,221
291,206,310,133
291,206,33,222
291,206,311,134
291,206,34,223
291,120,311,134
291,120,34,223
291,120,312,135
291,120,35,224
291,207,32,221
291,207,310,133
291,207,33,222
291,207,311,134
291,207,34,223
291,121,312,135
291,121,35,224
291,208,33,222
291,208,311,134
291,208,34,223
291,209,34,223
109,297,123,311,138,326
109,297,123,311,139,327
109,297,123,311,226,48
109,297,123,311,140,328
109,297,123,315
109,297,123,38
109,297,123,316
109,297,123,317
109,297,123,39
109,297,123,40
109,297,123,318
109,297,123,319
109,297,123,41
109,297,210,32,139,327
109,297,210,32,226,48
109,297,210,32,140,328
109,297,210,314
109,297,210,37
109,297,210,315
109,297,210,38
109,297,210,316
109,297,210,317
109,297,210,39
109,297,124,312,139,327
109,297,124,312,226,48
109,297,124,312,140,328
109,297,124,316
109,297,124,317
109,297,124,39
109,297,124,40
109,297,124,318
109,297,124,319
109,297,124,41
109,297,211,33,226,48
109,297,211,33,140,328
109,297,211,37
109,297,211,315
109,297,211,38
109,297,211,316
109,297,211,317
109,297,211,39
109,297,125,313,138,326
109,297,125,313,139,327
109,297,125,313,226,48
109,297,125,313,140,328
109,297,125,315
109,297,125,38
109,297,125,316
109,297,125,317
109,297,125,39
109,297,125,40
109,297,125,318
109,297,125,319
109,297,125,41
109,297,212,314
109,297,212,37
109,297,212,315
109,297,212,38
109,297,212,316
109,297,212,317
109,297,212,39
109,297,213,37
109,297,213,315
109,297,213,38
109,297,213,316
109,297,213,317
109,297,213,39
109,297,126,40
109,297,126,318
109,297,126,319
109,297,126,41
109,297,214,38
109,297,214,316
109,297,214,317
109,297,214,39
109,297,127,315
109,297,127,319
109,297,127,41
109,297,128,316
109,297,215,37
109,297,129,317
109,297,216,38
109,297,130,318
109,297,217,39
109,300,127,315
109,300,127,319
109,300,127,41
109,300,128,316
109,300,215,37
109,300,129,317
109,300,216,38
109,300,130,318
109,300,217,39
109,23,216,38
109,23,216,319
109,23,216,41
109,23,130,318
109,23,217,39
109,23,218,40
109,23,132,320
109,23,219,41
109,301,128,316
109,301,215,37
109,301,129,317
109,301,216,38
109,301,130,318
109,301,217,39
109,24,217,39
109,24,218,40
109,24,132,320
109,24,219,41
109,302,127,315
109,302,127,319
109,302,127,41
109,302,128,316
109,302,215,37
109,302,129,317
109,302,216,38
109,302,130,318
109,302,217,39
109,25,216,38
109,25,216,319
109,25,216,41
109,25,130,318
109,25,217,39
109,25,218,40
109,25,132,320
109,25,219,41
109,303,216,38
109,303,130,318
109,303,217,39
109,26,218,40
109,26,132,320
109,26,219,41
109,304,217,39
109,27,219,41
196,18,212,34,139,327
196,18,212,34,226,48
196,18,212,34,140,328
196,18,212,314
196,18,212,37
196,18,212,315
196,18,212,38
196,18,212,316
196,18,212,317
196,18,212,39
196,18,212,40
196,18,212,318
196,18,213,35,226,48
196,18,213,35,140,328
196,18,213,37
196,18,213,315
196,18,213,38
196,18,213,316
196,18,213,317
196,18,213,39
196,18,213,40
196,18,213,318
196,18,126,40
196,18,126,318
196,18,126,319
196,18,126,41
196,18,214,38
196,18,214,316
196,18,214,317
196,18,214,39
196,18,214,40
196,18,214,318
196,18,127,319
196,18,127,41
196,18,128,316
196,18,215,37
196,18,215,40
196,18,215,318
196,18,129,317
196,18,216,38
196,18,130,318
196,18,217,39
196,18,131,319
196,21,128,316
196,21,215,37
196,21,215,40
196,21,215,318
196,21,129,317
196,21,216,38
196,21,130,318
196,21,217,39
196,21,131,319
196,299,126,314
196,299,214,36
196,299,214,38
196,299,214,316
196,299,127,315
196,299,128,316
196,299,215,37
196,299,129,317
196,299,216,38
196,22,215,37
196,22,215,40
196,22,215,318
196,22,129,317
196,22,216,38
196,22,130,318
196,22,217,39
196,22,131,319
196,300,127,315
196,300,128,316
196,300,215,37
196,300,129,317
196,300,216,38
196,23,128,316
196,23,215,37
196,23,215,40
196,23,215,318
196,23,129,317
196,23,216,38
196,23,130,318
196,23,217,39
196,23,131,319
196,301,126,314
196,301,214,36
196,301,214,38
196,301,214,316
196,301,127,315
196,301,128,316
196,301,215,37
196,301,129,317
196,301,216,38
196,24,215,37
196,24,215,40
196,24,215,318
196,24,129,317
196,24,216,38
196,24,130,318
196,24,217,39
196,24,131,319
196,302,127,315
196,302,128,316
196,302,215,37
196,302,129,317
196,302,216,38
196,25,216,38
196,25,130,318
196,25,217,39
196,25,131,319
196,303,216,38
14,203,29,218,321,144
14,203,29,218,43,232
14,203,29,218,44,233
14,203,29,218,322,145
14,203,29,221
14,203,29,135
14,203,29,222
14,203,29,136
14,203,29,223
14,203,29,224
14,203,29,137
14,203,29,225
14,203,307,130,321,144
14,203,307,130,43,232
14,203,307,130,44,233
14,203,307,130,322,145
14,203,307,133
14,203,307,220
14,203,307,134
14,203,307,221
14,203,307,135
14,203,307,222
14,203,307,136
14,203,307,223
14,203,30,219,44,233
14,203,30,219,322,145
14,203,30,222
14,203,30,136
14,203,30,223
14,203,30,224
14,203,30,137
14,203,30,225
14,203,308,131,44,233
14,203,308,131,322,145
14,203,308,134
14,203,308,221
14,203,308,135
14,203,308,222
14,203,308,136
14,203,308,223
14,203,31,223
14,203,31,224
14,203,31,137
14,203,31,225
14,203,309,135
14,203,309,222
14,203,309,136
14,203,309,223
14,203,32,221
14,203,32,224
14,203,32,137
14,203,32,225
14,203,310,133
14,203,310,136
14,203,310,223
14,203,33,222
14,203,33,225
14,203,311,134
14,203,34,223
14,203,312,135
14,203,35,224
14,203,313,136
14,205,32,221
14,205,32,224
14,205,32,137
14,205,32,225
14,205,310,133
14,205,310,136
14,205,310,223
14,205,33,222
14,205,33,225
14,205,311,134
14,205,34,223
14,205,312,135
14,205,35,224
14,205,313,136
14,119,312,135
14,119,312,137
14,119,35,224
14,119,313,136
14,119,314,137
14,206,33,222
14,206,33,225
14,206,311,134
14,206,34,223
14,206,312,135
14,206,35,224
14,206,313,136
14,120,313,136
14,120,314,137
14,207,32,221
14,207,32,224
14,207,32,137
14,207,32,225
14,207,310,133
14,207,310,136
14,207,310,223
14,207,33,222
14,207,33,225
14,207,311,134
14,207,34,223
14,207,312,135
14,207,35,224
14,207,313,136
14,121,312,135
14,121,312,137
14,121,35,224
14,121,313,136
14,121,314,137
14,208,33,222
14,208,33,225
14,208,311,134
14,208,34,223
14,208,312,135
14,208,35,224
14,208,313,136
14,122,313,136
14,122,314,137
14,209,34,223
14,209,312,135
14,209,35,224
14,209,313,136
14,123,314,137
14,210,35,224
14,210,313,136
14,124,314,137
110,298,124,312,139,327
110,298,124,312,226,48
110,298,124,312,140,328
110,298,124,312,227,49
110,298,124,312,141,329
110,298,124,316
110,298,124,317
110,298,124,39
110,298,124,40
110,298,124,318
110,298,124,319
110,298,124,41
110,298,124,42
110,298,124,320
110,298,211,33,226,48
110,298,211,33,140,328
110,298,211,33,227,49
110,298,211,33,141,329
110,298,211,37
110,298,211,315
110,298,211,38
110,298,211,316
110,298,211,317
110,298,211,39
110,298,211,40
110,298,211,318
110,298,125,313,227,49
110,298,125,313,141,329
110,298,125,40
110,298,125,318
110,298,125,319
110,298,125,41
110,298,125,42
110,298,125,320
110,298,212,34,227,49
110,298,212,34,141,329
110,298,212,38
110,298,212,316
110,298,212,317
110,298,212,39
110,298,212,40
110,298,212,318
110,298,213,37
110,298,213,315
110,298,213,38
110,298,213,316
110,298,213,317
110,298,213,39
110,298,213,40
110,298,213,318
110,298,126,314,227,49
110,298,126,314,141,329
110,298,126,40
110,298,126,318
110,298,126,319
110,298,126,41
110,298,126,42
110,298,126,320
110,298,214,38
110,298,214,316
110,298,214,317
110,298,214,39
110,298,214,40
110,298,214,318
110,298,127,319
110,298,127,41
110,298,127,42
110,298,127,320
110,298,128,316
110,298,128,42
110,298,128,320
110,298,215,37
110,298,215,40
110,298,215,318
110,298,129,317
110,298,129,42
110,298,129,320
110,298,216,38
110,298,130,318
110,298,217,39
110,298,131,319
110,298,218,40
110,301,128,316
110,301,128,42
110,301,128,320
110,301,215,37
110,301,215,40
110,301,215,318
110,301,129,317
110,301,129,42
110,301,129,320
110,301,216,38
110,301,130,318
110,301,217,39
110,301,131,319
110,301,218,40
110,24,217,39
110,24,217,42
110,24,217,320
110,24,131,319
110,24,218,40
110,24,219,41
110,24,133,321
110,24,220,42
110,302,216,38
110,302,130,318
110,302,217,39
110,302,131,319
110,302,218,40
110,25,218,40
110,25,219,41
110,25,133,321
110,25,220,42
110,303,216,38
110,303,130,318
110,303,217,39
110,303,131,319
110,303,218,40
110,26,218,40
110,26,219,41
110,26,133,321
110,26,220,42
110,304,217,39
110,304,131,319
110,304,218,40
110,27,219,41
110,27,133,321
110,27,220,42
110,305,218,40
110,28,220,42
197,19,213,35,226,48
197,19,213,35,140,328
197,19,213,35,227,49
197,19,213,35,141,329
197,19,213,37
197,19,213,315
197,19,213,38
197,19,213,316
197,19,213,317
197,19,213,39
197,19,213,40
197,19,213,318
197,19,213,319
197,19,213,41
197,19,126,314,227,49
197,19,126,314,141,329
197,19,126,40
197,19,126,318
197,19,126,319
197,19,126,41
197,19,126,42
197,19,126,320
197,19,214,36,227,49
197,19,214,36,141,329
197,19,214,38
197,19,214,316
197,19,214,317
197,19,214,39
197,19,214,40
197,19,214,318
197,19,214,319
197,19,214,41
197,19,127,319
197,19,127,41
197,19,127,42
197,19,127,320
197,19,128,42
197,19,128,320
197,19,215,37
197,19,215,40
197,19,215,318
197,19,215,319
197,19,215,41
197,19,129,317
197,19,129,42
197,19,129,320
197,19,216,38
197,19,216,319
197,19,216,41
197,19,130,318
197,19,217,39
197,19,131,319
197,19,218,40
197,19,132,320
197,22,215,37
197,22,215,40
197,22,215,318
197,22,215,319
197,22,215,41
197,22,129,317
197,22,129,42
197,22,129,320
197,22,216,38
197,22,216,319
197,22,216,41
197,22,130,318
197,22,217,39
197,22,131,319
197,22,218,40
197,22,132,320
197,300,127,315
197,300,128,316
197,300,215,37
197,300,129,317
197,300,216,38
197,300,130,318
197,300,217,39
197,23,216,38
197,23,216,319
197,23,216,41
197,23,130,318
197,23,217,39
197,23,131,319
197,23,218,40
197,23,132,320
197,301,128,316
197,301,215,37
197,301,129,317
197,301,216,38
197,301,130,318
197,301,217,39
197,24,215,37
197,24,215,40
197,24,215,318
197,24,215,319
197,24,215,41
197,24,129,317
197,24,129,42
197,24,129,320
197,24,216,38
197,24,216,319
197,24,216,41
197,24,130,318
197,24,217,39
197,24,131,319
197,24,218,40
197,24,132,320
197,302,127,315
197,302,128,316
197,302,215,37
197,302,129,317
197,302,216,38
197,302,130,318
197,302,217,39
197,25,216,38
197,25,216,319
197,25,216,41
197,25,130,318
197,25,217,39
197,25,131,319
197,25,218,40
197,25,132,320
197,303,216,38
197,303,130,318
197,303,217,39
197,26,218,40
197,26,132,320
197,304,217,39
292,115,29,218,323,146
292,115,29,218,45,234
292,115,29,218,324,147
292,115,29,223
292,115,29,224
292,115,29,137
292,115,29,225
292,115,29,138
292,115,307,130,323,146
292,115,307,130,45,234
292,115,307,130,324,147
292,115,307,135
292,115,307,222
292,115,307,136
292,115,307,223
292,115,307,224
292,115,307,137
292,115,30,219,324,147
292,115,30,224
292,115,30,137
292,115,30,225
292,115,30,138
292,115,308,131,324,147
292,115,308,136
292,115,308,223
292,115,308,224
292,115,308,137
292,115,31,223
292,115,31,224
292,115,31,137
292,115,31,225
292,115,31,138
292,115,309,132,323,146
292,115,309,132,45,234
292,115,309,132,324,147
292,115,309,135
292,115,309,222
292,115,309,136
292,115,309,223
292,115,309,224
292,115,309,137
292,115,32,224
292,115,32,137
292,115,32,225
292,115,32,138
292,115,310,133,324,147
292,115,310,136
292,115,310,223
292,115,310,224
292,115,310,137
292,115,33,225
292,115,33,138
292,115,311,224
292,115,311,137
292,115,34,223
292,115,312,135
292,115,312,137
292,115,35,224
292,115,313,136
292,115,36,225
292,205,27,221,324,147
292,205,32,221
292,205,32,224
292,205,32,137
292,205,32,225
292,205,310,133,324,147
292,205,310,133
292,205,310,136
292,205,310,223
292,205,33,222
292,205,33,225
292,205,311,134
292,205,34,223
292,205,312,135
292,205,35,224
292,205,313,136
292,205,36,225
292,119,312,135
292,119,312,137
292,119,35,224
292,119,313,136
292,119,36,225
292,206,33,222
292,206,33,225
292,206,311,134
292,206,34,223
292,206,312,135
292,206,35,224
292,206,313,136
292,206,36,225
292,120,313,136
292,120,36,225
292,207,32,221
292,207,32,224
292,207,32,137
292,207,32,225
292,207,310,133,324,147
292,207,310,133
292,207,310,136
292,207,310,223
292,207,33,222
292,207,33,225
292,207,311,134
292,207,34,223
292,207,312,135
292,207,35,224
292,207,313,136
292,207,36,225
292,121,312,135
292,121,312,137
292,121,35,224
292,121,313,136
292,121,36,225
292,208,33,222
292,208,33,225
292,208,311,134
292,208,34,223
292,208,312,135
292,208,35,224
292,208,313,136
292,208,36,225
292,122,313,136
292,122,36,225
292,209,34,223
292,209,312,135
292,209,35,224
292,209,313,136
292,209,36,225
292,210,35,224
292,210,313,136
292,210,36,225
292,211,36,225
198,20,214,36,227,49
198,20,214,36,141,329
198,20,214,36,228,50
198,20,214,36,142,330
198,20,214,38
198,20,214,316
198,20,214,317
198,20,214,39
198,20,214,40
198,20,214,318
198,20,214,319
198,20,214,41
198,20,214,42
198,20,214,320
198,20,127,315,228,50
198,20,127,315,142,330
198,20,127,319
198,20,127,41
198,20,127,42
198,20,127,320
198,20,127,321
198,20,127,43
198,20,128,42
198,20,128,320
198,20,128,321
198,20,128,43
198,20,215,40
198,20,215,318
198,20,215,319
198,20,215,41
198,20,215,42
198,20,215,320
198,20,129,42
198,20,129,320
198,20,129,321
198,20,129,43
198,20,216,38
198,20,216,319
198,20,216,41
198,20,216,42
198,20,216,320
198,20,130,318
198,20,130,321
198,20,130,43
198,20,217,39
198,20,217,42
198,20,217,320
198,20,131,319
198,20,218,40
198,20,132,320
198,20,219,41
198,20,133,321
198,23,216,38
198,23,216,319
198,23,216,41
198,23,216,42
198,23,216,320
198,23,130,318
198,23,130,321
198,23,130,43
198,23,217,39
198,23,217,42
198,23,217,320
198,23,131,319
198,23,218,40
198,23,132,320
198,23,219,41
198,23,133,321
198,301,128,316
198,301,215,37
198,301,215,40
198,301,215,318
198,301,129,317
198,301,216,38
198,301,130,318
198,301,217,39
198,301,131,319
198,301,218,40
198,24,217,39
198,24,217,42
198,24,217,320
198,24,131,319
198,24,218,40
198,24,132,320
198,24,219,41
198,24,133,321
198,302,216,38
198,302,130,318
198,302,217,39
198,302,131,319
198,302,218,40
198,25,216,38
198,25,216,319
198,25,216,41
198,25,216,42
198,25,216,320
198,25,130,318
198,25,130,321
198,25,130,43
198,25,217,39
198,25,217,42
198,25,217,320
198,25,131,319
198,25,218,40
198,25,132,320
198,25,219,41
198,25,133,321
198,303,216,38
198,303,130,318
198,303,217,39
198,303,131,319
198,303,218,40
198,26,218,40
198,26,132,320
198,26,219,41
198,26,133,321
198,304,217,39
198,304,131,319
198,304,218,40
198,27,219,41
198,27,133,321
198,305,218,40
111,299,125,313,227,49
111,299,125,313,141,329
111,299,125,313,228,50
111,299,125,313,142,330
111,299,125,40
111,299,125,318
111,299,125,319
111,299,125,41
111,299,125,42
111,299,125,320
111,299,125,321
111,299,125,43
111,299,212,34,227,49
111,299,212,34,141,329
111,299,212,34,228,50
111,299,212,34,142,330
111,299,212,38
111,299,212,316
111,299,212,317
111,299,212,39
111,299,212,40
111,299,212,318
111,299,212,319
111,299,212,41
111,299,213,35,228,50
111,299,213,35,142,330
111,299,213,317
111,299,213,39
111,299,213,40
111,299,213,318
111,299,213,319
111,299,213,41
111,299,126,314,227,49
111,299,126,314,141,329
111,299,126,314,228,50
111,299,126,314,142,330
111,299,126,40
111,299,126,318
111,299,126,319
111,299,126,41
111,299,126,42
111,299,126,320
111,299,126,321
111,299,126,43
111,299,214,38
111,299,214,316
111,299,214,317
111,299,214,39
111,299,214,40
111,299,214,318
111,299,214,319
111,299,214,41
111,299,127,315,228,50
111,299,127,315,142,330
111,299,127,319
111,299,127,41
111,299,127,42
111,299,127,320
111,299,127,321
111,299,127,43
111,299,128,42
111,299,128,320
111,299,128,321
111,299,128,43
111,299,215,40
111,299,215,318
111,299,215,319
111,299,215,41
111,299,129,42
111,299,129,320
111,299,129,321
111,299,129,43
111,299,216,38
111,299,216,319
111,299,216,41
111,299,130,318
111,299,130,321
111,299,130,43
111,299,217,39
111,299,131,319
111,299,218,40
111,299,132,320
111,299,219,41
111,302,216,38
111,302,216,319
111,302,216,41
111,302,130,318
111,302,130,321
111,302,130,43
111,302,217,39
111,302,131,319
111,302,218,40
111,302,132,320
111,302,219,41
111,25,218,40
111,25,218,321
111,25,218,43
111,25,132,320
111,25,219,41
111,25,220,42
111,25,134,322
111,25,221,43
111,303,216,38
111,303,216,319
111,303,216,41
111,303,130,318
111,303,130,321
111,303,130,43
111,303,217,39
111,303,131,319
111,303,218,40
111,303,132,320
111,303,219,41
111,26,218,40
111,26,218,321
111,26,218,43
111,26,132,320
111,26,219,41
111,26,220,42
111,26,134,322
111,26,221,43
111,304,217,39
111,304,131,319
111,304,218,40
111,304,132,320
111,304,219,41
111,27,219,41
111,27,220,42
111,27,134,322
111,27,221,43
111,305,218,40
111,305,132,320
111,305,219,41
111,28,220,42
111,28,134,322
111,28,221,43
111,306,132,320
111,306,219,41
111,29,221,43
15,204,31,220,323,146
15,204,31,220,45,234
15,204,31,220,46,235
15,204,31,220,324,147
15,204,31,223
15,204,31,224
15,204,31,137
15,204,31,225
15,204,31,138
15,204,31,139
15,204,31,226
15,204,309,132,323,146
15,204,309,132,45,234
15,204,309,132,46,235
15,204,309,132,324,147
15,204,309,135
15,204,309,222
15,204,309,136
15,204,309,223
15,204,309,224
15,204,309,137
15,204,309,225
15,204,32,221,46,235
15,204,32,221,324,147
15,204,32,224
15,204,32,137
15,204,32,225
15,204,32,138
15,204,32,139
15,204,32,226
15,204,310,133,46,235
15,204,310,133,324,147
15,204,310,136
15,204,310,223
15,204,310,224
15,204,310,137
15,204,310,225
15,204,33,225
15,204,33,138
15,204,33,139
15,204,33,226
15,204,311,224
15,204,311,137
15,204,311,225
15,204,34,223
15,204,34,139
15,204,34,226
15,204,312,135
15,204,312,137
15,204,312,225
15,204,35,224
15,204,35,226
15,204,313,136
15,204,36,225
15,204,314,137
15,207,34,223
15,207,34,139
15,207,34,226
15,207,312,135
15,207,312,137
15,207,312,225
15,207,35,224
15,207,35,226
15,207,313,136
15,207,36,225
15,207,314,137
15,121,314,137
15,121,315,138
15,121,38,227
15,121,316,139
15,208,35,224
15,208,35,226
15,208,313,136
15,208,36,225
15,208,314,137
15,122,314,137
15,122,315,138
15,122,38,227
15,122,316,139
15,209,34,223
15,209,34,139
15,209,34,226
15,209,312,135
15,209,312,137
15,209,312,225
15,209,35,224
15,209,35,226
15,209,313,136
15,209,36,225
15,209,314,137
15,123,314,137
15,123,315,138
15,123,38,227
15,123,316,139
15,210,35,224
15,210,35,226
15,210,313,136
15,210,36,225
15,210,314,137
15,124,314,137
15,124,315,138
15,124,38,227
15,124,316,139
15,211,36,225
15,211,314,137
15,125,315,138
15,125,38,227
15,125,316,139
15,212,314,137
293,116,30,219,46,235
293,116,30,219,324,147
293,116,30,224
293,116,30,137
293,116,30,225
293,116,30,138
293,116,30,139
293,116,30,226
293,116,308,131,46,235
293,116,308,131,324,147
293,116,308,136
293,116,308,223
293,116,308,224
293,116,308,137
293,116,308,225
293,116,308,138
293,116,31,225
293,116,31,138
293,116,31,139
293,116,31,226
293,116,309,224
293,116,309,137
293,116,309,225
293,116,309,138
293,116,32,224
293,116,32,137
293,116,32,225
293,116,32,138
293,116,32,139
293,116,32,226
293,116,310,133,46,235
293,116,310,133,324,147
293,116,310,136
293,116,310,223
293,116,310,224
293,116,310,137
293,116,310,225
293,116,310,138
293,116,33,225
293,116,33,138
293,116,33,139
293,116,33,226
293,116,311,224
293,116,311,137
293,116,311,225
293,116,311,138
293,116,34,139
293,116,34,226
293,116,312,137
293,116,312,225
293,116,312,138
293,116,35,224
293,116,35,226
293,116,313,136
293,116,313,138
293,116,36,225
293,116,314,137
293,116,37,226
293,206,33,222
293,206,33,225
293,206,33,138
293,206,311,134
293,206,311,224
293,206,34,223
293,206,312,135
293,206,35,224
293,206,313,136
293,206,36,225
293,120,313,136
293,120,313,138
293,120,36,225
293,120,314,137
293,120,37,226
293,207,34,223
293,207,312,135
293,207,35,224
293,207,313,136
293,207,36,225
293,121,314,137
293,121,37,226
293,208,33,222
293,208,33,225
293,208,33,138
293,208,311,134
293,208,311,224
293,208,34,223
293,208,312,135
293,208,35,224
293,208,313,136
293,208,36,225
293,122,313,136
293,122,313,138
293,122,36,225
293,122,314,137
293,122,37,226
293,209,34,223
293,209,312,135
293,209,35,224
293,209,313,136
293,209,36,225
293,123,314,137
293,123,37,226
293,210,35,224
293,210,313,136
293,210,36,225
293,124,314,137
293,124,37,226
293,211,36,225
199,21,128,316,229,51
199,21,128,316,143,331
199,21,128,42
199,21,128,320
199,21,128,321
199,21,128,43
199,21,128,44
199,21,128,322
199,21,215,37,229,51
199,21,215,37,143,331
199,21,215,40
199,21,215,318
199,21,215,319
199,21,215,41
199,21,215,42
199,21,215,320
199,21,215,321
199,21,215,43
199,21,129,317,143,331
199,21,129,42
199,21,129,320
199,21,129,321
199,21,129,43
199,21,129,44
199,21,129,322
199,21,216,319
199,21,216,41
199,21,216,42
199,21,216,320
199,21,216,321
199,21,216,43
199,21,130,321
199,21,130,43
199,21,130,44
199,21,130,322
199,21,217,39
199,21,217,42
199,21,217,320
199,21,217,321
199,21,217,43
199,21,131,319
199,21,131,44
199,21,131,322
199,21,218,40
199,21,218,321
199,21,218,43
199,21,132,320
199,21,219,41
199,21,133,321
199,21,220,42
199,21,134,322
199,24,213,317,143,331
199,24,217,39
199,24,217,42
199,24,217,320
199,24,217,321
199,24,217,43
199,24,131,319
199,24,131,44
199,24,131,322
199,24,218,40
199,24,218,321
199,24,218,43
199,24,132,320
199,24,219,41
199,24,133,321
199,24,220,42
199,24,134,322
199,302,216,38
199,302,216,319
199,302,216,41
199,302,130,318
199,302,217,39
199,302,131,319
199,302,218,40
199,302,132,320
199,302,219,41
199,25,218,40
199,25,218,321
199,25,218,43
199,25,132,320
199,25,219,41
199,25,133,321
199,25,220,42
199,25,134,322
199,303,216,38
199,303,216,319
199,303,216,41
199,303,130,318
199,303,217,39
199,303,131,319
199,303,218,40
199,303,132,320
199,303,219,41
199,26,218,40
199,26,218,321
199,26,218,43
199,26,132,320
199,26,219,41
199,26,133,321
199,26,220,42
199,26,134,322
199,304,217,39
199,304,131,319
199,304,218,40
199,304,132,320
199,304,219,41
199,27,219,41
199,27,133,321
199,27,220,42
199,27,134,322
199,305,218,40
199,305,132,320
199,305,219,41
199,28,220,42
199,28,134,322
199,306,132,320
199,306,219,41
112,300,213,35,228,50
112,300,213,35,142,330
112,300,213,35,229,51
112,300,213,35,143,331
112,300,213,317,140,331
112,300,213,317,143,331
112,300,213,317
112,300,213,39
112,300,213,40
112,300,213,318
112,300,213,319
112,300,213,41
112,300,213,42
112,300,213,320
112,300,126,314,229,51
112,300,126,314,143,331
112,300,126,42
112,300,126,320
112,300,126,321
112,300,126,43
112,300,126,44
112,300,126,322
112,300,214,36,229,51
112,300,214,36,143,331
112,300,214,40
112,300,214,318
112,300,214,319
112,300,214,41
112,300,214,42
112,300,214,320
112,300,127,315,228,50
112,300,127,315,142,330
112,300,127,315,229,51
112,300,127,315,143,331
112,300,127,319
112,300,127,41
112,300,127,42
112,300,127,320
112,300,127,321
112,300,127,43
112,300,127,44
112,300,127,322
112,300,128,316,229,51
112,300,128,316,143,331
112,300,128,42
112,300,128,320
112,300,128,321
112,300,128,43
112,300,128,44
112,300,128,322
112,300,215,40
112,300,215,318
112,300,215,319
112,300,215,41
112,300,215,42
112,300,215,320
112,300,129,317,143,331
112,300,129,42
112,300,129,320
112,300,129,321
112,300,129,43
112,300,129,44
112,300,129,322
112,300,216,319
112,300,216,41
112,300,216,42
112,300,216,320
112,300,130,321
112,300,130,43
112,300,130,44
112,300,130,322
112,300,217,39
112,300,217,42
112,300,217,320
112,300,131,319
112,300,131,44
112,300,131,322
112,300,218,40
112,300,132,320
112,300,219,41
112,300,133,321
112,300,220,42
112,303,218,40
112,303,132,320
112,303,219,41
112,303,133,321
112,303,220,42
112,26,220,42
112,26,221,43
112,26,135,323
112,26,222,44
112,304,217,39
112,304,217,42
112,304,217,320
112,304,131,319
112,304,131,44
112,304,131,322
112,304,218,40
112,304,132,320
112,304,219,41
112,304,133,321
112,304,220,42
112,27,219,41
112,27,219,44
112,27,219,322
112,27,133,321
112,27,220,42
112,27,221,43
112,27,135,323
112,27,222,44
112,305,218,40
112,305,132,320
112,305,219,41
112,305,133,321
112,305,220,42
112,28,220,42
112,28,221,43
112,28,135,323
112,28,222,44
112,306,132,320
112,306,219,41
112,306,133,321
112,306,220,42
112,29,221,43
112,29,135,323
112,29,222,44
112,307,133,321
112,307,220,42
112,30,222,44
16,205,32,221,46,235
16,205,32,221,324,147
16,205,32,221,47,236
16,205,32,224
16,205,32,137
16,205,32,225
16,205,32,138
16,205,32,139
16,205,32,226
16,205,32,140
16,205,32,227
16,205,310,133,46,235
16,205,310,133,324,147
16,205,310,133,47,236
16,205,310,136
16,205,310,223
16,205,310,224
16,205,310,137
16,205,310,225
16,205,310,138
16,205,33,222,47,236
16,205,33,225
16,205,33,138
16,205,33,139
16,205,33,226
16,205,33,140
16,205,33,227
16,205,311,134,47,236
16,205,311,224
16,205,311,137
16,205,311,225
16,205,311,138
16,205,34,139
16,205,34,226
16,205,34,140
16,205,34,227
16,205,312,137
16,205,312,225
16,205,312,138
16,205,35,224
16,205,35,226
16,205,35,140
16,205,35,227
16,205,313,136
16,205,313,138
16,205,36,225
16,205,36,227
16,205,314,137
16,205,37,226
16,205,315,138
16,208,35,224
16,208,35,226
16,208,35,140
16,208,35,227
16,208,313,136
16,208,313,138
16,208,36,225
16,208,36,227
16,208,314,137
16,208,37,226
16,208,315,138
16,122,314,137
16,122,37,226
16,122,315,138
16,122,316,139
16,122,317,140
16,122,39,228
16,209,36,225
16,209,36,227
16,209,314,137
16,209,37,226
16,209,315,138
16,123,315,138
16,123,316,139
16,123,317,140
16,123,39,228
16,210,35,224
16,210,35,226
16,210,35,140
16,210,35,227
16,210,313,136
16,210,313,138
16,210,36,225
16,210,36,227
16,210,314,137
16,210,37,226
16,210,315,138
16,124,314,137
16,124,37,226
16,124,315,138
16,124,316,139
16,124,317,140
16,124,39,228
16,211,36,225
16,211,36,227
16,211,314,137
16,211,37,226
16,211,315,138
16,125,315,138
16,125,316,139
16,125,317,140
16,125,39,228
16,212,314,137
16,212,37,226
16,212,315,138
16,213,37,226
16,213,315,138
294,117,31,220,47,236
294,117,31,220,325,148
294,117,31,225
294,117,31,138
294,117,31,139
294,117,31,226
294,117,31,140
294,117,31,227
294,117,309,132,47,236
294,117,309,132,325,148
294,117,309,224
294,117,309,137
294,117,309,225
294,117,309,138
294,117,309,139
294,117,32,221,325,148
294,117,32,139
294,117,32,226
294,117,32,140
294,117,32,227
294,117,310,133,325,148
294,117,310,137
294,117,310,225
294,117,310,138
294,117,310,139
294,117,33,225
294,117,33,138
294,117,33,139
294,117,33,226
294,117,33,140
294,117,33,227
294,117,311,134,47,236
294,117,311,134,325,148
294,117,311,224
294,117,311,137
294,117,311,225
294,117,311,138
294,117,311,139
294,117,34,139
294,117,34,226
294,117,34,140
294,117,34,227
294,117,312,135,325,148
294,117,312,137
294,117,312,225
294,117,312,138
294,117,312,139
294,117,35,226
294,117,35,140
294,117,35,227
294,117,313,138
294,117,313,139
294,117,36,225
294,117,36,227
294,117,314,137
294,117,37,226
294,117,315,138
294,117,38,227
294,207,29,223,325,148
294,207,34,223
294,207,34,139
294,207,34,226
294,207,312,135,325,148
294,207,312,135
294,207,312,137
294,207,312,225
294,207,35,224
294,207,35,226
294,207,313,136
294,207,36,225
294,207,314,137
294,207,37,226
294,121,314,137
294,121,37,226
294,121,315,138
294,121,38,227
294,208,35,224
294,208,35,226
294,208,313,136
294,208,36,225
294,208,314,137
294,208,37,226
294,122,314,137
294,122,37,226
294,122,315,138
294,122,38,227
294,209,34,223
294,209,34,139
294,209,34,226
294,209,312,135,325,148
294,209,312,135
294,209,312,137
294,209,312,225
294,209,35,224
294,209,35,226
294,209,313,136
294,209,36,225
294,209,314,137
294,209,37,226
294,123,314,137
294,123,37,226
294,123,315,138
294,123,38,227
294,210,35,224
294,210,35,226
294,210,313,136
294,210,36,225
294,210,314,137
294,210,37,226
294,124,314,137
294,124,37,226
294,124,315,138
294,124,38,227
294,211,36,225
294,211,314,137
294,211,37,226
294,125,315,138
294,125,38,227
294,212,314,137
294,212,37,226
294,213,37,226
200,22,215,37,229,51
200,22,215,37,143,331
200,22,215,37,230,52
200,22,215,37,144,332
200,22,215,40
200,22,215,318,141,332
200,22,215,318,144,332
200,22,215,318
200,22,215,319
200,22,215,41
200,22,215,42
200,22,215,320
200,22,215,321
200,22,215,43
200,22,215,44
200,22,215,322
200,22,129,317,143,331
200,22,129,317,230,52
200,22,129,317,144,332
200,22,129,42
200,22,129,320
200,22,129,321
200,22,129,43
200,22,129,44
200,22,129,322
200,22,129,323
200,22,129,45
200,22,216,38,230,52
200,22,216,38,144,332
200,22,216,319
200,22,216,41
200,22,216,42
200,22,216,320
200,22,216,321
200,22,216,43
200,22,216,44
200,22,216,322
200,22,130,318,144,332
200,22,130,321
200,22,130,43
200,22,130,44
200,22,130,322
200,22,130,323
200,22,130,45
200,22,217,42
200,22,217,320
200,22,217,321
200,22,217,43
200,22,217,44
200,22,217,322
200,22,131,44
200,22,131,322
200,22,131,323
200,22,131,45
200,22,218,40
200,22,218,321
200,22,218,43
200,22,218,44
200,22,218,322
200,22,132,320
200,22,132,323
200,22,132,45
200,22,219,41
200,22,219,44
200,22,219,322
200,22,133,321
200,22,220,42
200,22,134,322
200,22,221,43
200,22,135,323
200,25,214,318,144,332
200,25,218,40
200,25,218,321
200,25,218,43
200,25,218,44
200,25,218,322
200,25,132,320
200,25,132,323
200,25,132,45
200,25,219,41
200,25,219,44
200,25,219,322
200,25,133,321
200,25,220,42
200,25,134,322
200,25,221,43
200,25,135,323
200,303,218,40
200,303,132,320
200,303,219,41
200,303,133,321
200,303,220,42
200,26,218,40
200,26,218,321
200,26,218,43
200,26,218,44
200,26,218,322
200,26,132,320
200,26,132,323
200,26,132,45
200,26,219,41
200,26,219,44
200,26,219,322
200,26,133,321
200,26,220,42
200,26,134,322
200,26,221,43
200,26,135,323
200,304,217,39
200,304,217,42
200,304,217,320
200,304,131,319
200,304,218,40
200,304,132,320
200,304,219,41
200,304,133,321
200,304,220,42
200,27,219,41
200,27,219,44
200,27,219,322
200,27,133,321
200,27,220,42
200,27,134,322
200,27,221,43
200,27,135,323
200,305,218,40
200,305,132,320
200,305,219,41
200,305,133,321
200,305,220,42
200,28,220,42
200,28,134,322
200,28,221,43
200,28,135,323
200,306,132,320
200,306,219,41
200,306,133,321
200,306,220,42
200,29,221,43
200,29,135,323
200,307,133,321
200,307,220,42
113,301,126,314,229,51
113,301,126,314,143,331
113,301,126,314,230,52
113,301,126,314,144,332
113,301,126,42
113,301,126,320
113,301,126,321
113,301,126,43
113,301,126,44
113,301,126,322
113,301,126,323
113,301,126,45
113,301,214,36,229,51
113,301,214,36,143,331
113,301,214,36,230,52
113,301,214,36,144,332
113,301,214,40
113,301,214,318,141,332
113,301,214,318,144,332
113,301,214,318
113,301,214,319
113,301,214,41
113,301,214,42
113,301,214,320
113,301,214,321
113,301,214,43
113,301,127,315,230,52
113,301,127,315,144,332
113,301,127,321
113,301,127,43
113,301,127,44
113,301,127,322
113,301,127,323
113,301,127,45
113,301,128,316,229,51
113,301,128,316,143,331
113,301,128,316,230,52
113,301,128,316,144,332
113,301,128,42
113,301,128,320
113,301,128,321
113,301,128,43
113,301,128,44
113,301,128,322
113,301,128,323
113,301,128,45
113,301,215,40
113,301,215,318,141,332
113,301,215,318,144,332
113,301,215,318
113,301,215,319
113,301,215,41
113,301,215,42
113,301,215,320
113,301,215,321
113,301,215,43
113,301,129,317,143,331
113,301,129,317,230,52
113,301,129,317,144,332
113,301,129,42
113,301,129,320
113,301,129,321
113,301,129,43
113,301,129,44
113,301,129,322
113,301,129,323
113,301,129,45
113,301,216,319
113,301,216,41
113,301,216,42
113,301,216,320
113,301,216,321
113,301,216,43
113,301,130,318,144,332
113,301,130,321
113,301,130,43
113,301,130,44
113,301,130,322
113,301,130,323
113,301,130,45
113,301,217,42
113,301,217,320
113,301,217,321
113,301,217,43
113,301,131,44
113,301,131,322
113,301,131,323
113,301,131,45
113,301,218,40
113,301,218,321
113,301,218,43
113,301,132,320
113,301,132,323
113,301,132,45
113,301,219,41
113,301,133,321
113,301,220,42
113,301,134,322
113,301,221,43
113,303,218,40
113,303,218,321
113,303,218,43
113,303,132,320
113,303,132,323
113,303,132,45
113,303,219,41
113,303,133,321
113,303,220,42
113,303,134,322
113,303,221,43
113,26,220,42
113,26,220,323
113,26,220,45
113,26,134,322
113,26,221,43
113,26,222,44
113,26,136,324
113,26,223,45
113,304,219,41
113,304,133,321
113,304,220,42
113,304,134,322
113,304,221,43
113,27,221,43
113,27,222,44
113,27,136,324
113,27,223,45
113,305,218,40
113,305,218,321
113,305,218,43
113,305,132,320
113,305,132,323
113,305,132,45
113,305,219,41
113,305,133,321
113,305,220,42
113,305,134,322
113,305,221,43
113,28,220,42
113,28,220,323
113,28,220,45
113,28,134,322
113,28,221,43
113,28,222,44
113,28,136,324
113,28,223,45
113,306,132,320
113,306,132,323
113,306,132,45
113,306,219,41
113,306,133,321
113,306,220,42
113,306,134,322
113,306,221,43
113,29,221,43
113,29,222,44
113,29,136,324
113,29,223,45
113,307,133,321
113,307,220,42
113,307,134,322
113,307,221,43
113,30,222,44
113,30,136,324
113,30,223,45
113,308,134,322
113,308,221,43
113,31,223,45
17,206,33,222,47,236
17,206,33,222,325,148
17,206,33,225
17,206,33,138
17,206,33,139
17,206,33,226
17,206,33,140
17,206,33,227
17,206,33,141
17,206,33,228
17,206,311,134,47,236
17,206,311,134,325,148
17,206,311,224
17,206,311,137
17,206,311,225
17,206,311,138
17,206,311,139
17,206,311,226
17,206,311,140
17,206,34,223,325,148
17,206,34,139
17,206,34,226
17,206,34,140
17,206,34,227
17,206,34,141
17,206,34,228
17,206,312,135,325,148
17,206,312,137
17,206,312,225
17,206,312,138
17,206,312,139
17,206,312,226
17,206,312,140
17,206,35,226
17,206,35,140
17,206,35,227
17,206,35,141
17,206,35,228
17,206,313,138
17,206,313,139
17,206,313,226
17,206,313,140
17,206,36,225
17,206,36,227
17,206,36,141
17,206,36,228
17,206,314,137
17,206,37,226
17,206,315,138
17,206,38,227
17,206,316,139
17,206,317,140
17,209,36,225
17,209,36,227
17,209,36,141
17,209,36,228
17,209,314,137
17,209,37,226
17,209,315,138
17,209,38,227
17,209,316,139
17,209,317,140
17,123,315,138
17,123,38,227
17,123,316,139
17,123,317,140
17,123,40,229
17,123,318,141
17,210,314,137
17,210,37,226
17,210,315,138
17,210,38,227
17,210,316,139
17,210,317,140
17,124,316,139
17,124,317,140
17,124,40,229
17,124,318,141
17,211,36,225
17,211,36,227
17,211,36,141
17,211,36,228
17,211,314,137
17,211,37,226
17,211,315,138
17,211,38,227
17,211,316,139
17,211,317,140
17,125,315,138
17,125,38,227
17,125,316,139
17,125,317,140
17,125,40,229
17,125,318,141
17,212,314,137
17,212,37,226
17,212,315,138
17,212,38,227
17,212,316,139
17,212,317,140
17,213,37,226
17,213,315,138
17,213,38,227
17,213,316,139
17,213,317,140
17,126,40,229
17,126,318,141
17,214,38,227
17,214,316,139
17,214,317,140
295,118,309,132,47,236
295,118,309,132,325,148
295,118,309,224
295,118,309,137
295,118,309,225
295,118,309,138
295,118,309,139
295,118,309,226
295,118,309,140
295,118,32,221,325,148
295,118,32,139
295,118,32,226
295,118,32,140
295,118,32,227
295,118,32,141
295,118,32,228
295,118,310,133,325,148
295,118,310,137
295,118,310,225
295,118,310,138
295,118,310,139
295,118,310,226
295,118,310,140
295,118,33,226
295,118,33,140
295,118,33,227
295,118,33,141
295,118,33,228
295,118,311,134,47,236
295,118,311,134,325,148
295,118,311,224
295,118,311,137
295,118,311,225
295,118,311,138
295,118,311,139
295,118,311,226
295,118,311,140
295,118,34,139
295,118,34,226
295,118,34,140
295,118,34,227
295,118,34,141
295,118,34,228
295,118,312,135,325,148
295,118,312,137
295,118,312,225
295,118,312,138
295,118,312,139
295,118,312,226
295,118,312,140
295,118,35,226
295,118,35,140
295,118,35,227
295,118,35,141
295,118,35,228
295,118,313,138
295,118,313,139
295,118,313,226
295,118,313,140
295,118,36,227
295,118,36,141
295,118,36,228
295,118,314,137
295,118,37,226
295,118,315,138
295,118,38,227
295,118,316,139
295,118,39,228
295,121,314,137
295,121,37,226
295,121,315,138
295,121,38,227
295,121,316,139
295,121,39,228
295,208,35,224
295,208,35,226
295,208,35,140
295,208,313,136
295,208,313,138
295,208,36,225
295,208,314,137
295,208,37,226
295,208,315,138
295,122,314,137
295,122,37,226
295,122,315,138
295,122,38,227
295,122,316,139
295,122,39,228
295,209,36,225
295,209,314,137
295,209,37,226
295,209,315,138
295,123,314,137
295,123,37,226
295,123,315,138
295,123,38,227
295,123,316,139
295,123,39,228
295,210,35,224
295,210,35,226
295,210,35,140
295,210,313,136
295,210,313,138
295,210,36,225
295,210,314,137
295,210,37,226
295,210,315,138
295,124,314,137
295,124,37,226
295,124,315,138
295,124,38,227
295,124,316,139
295,124,39,228
295,211,36,225
295,211,314,137
295,211,37,226
295,211,315,138
295,125,315,138
295,125,38,227
295,125,316,139
295,125,39,228
295,212,314,137
295,212,37,226
295,212,315,138
295,213,37,226
295,213,315,138
114,302,127,315,230,52
114,302,127,315,144,332
114,302,127,315,231,53
114,302,127,315,145,333
114,302,127,321
114,302,127,43
114,302,127,44
114,302,127,322
114,302,127,323
114,302,127,45
114,302,127,46
114,302,127,324
114,302,128,316,231,53
114,302,128,316,145,333
114,302,128,44
114,302,128,322
114,302,128,323
114,302,128,45
114,302,128,46
114,302,128,324
114,302,215,37,231,53
114,302,215,37,145,333
114,302,215,42
114,302,215,320
114,302,215,321
114,302,215,43
114,302,215,44
114,302,215,322
114,302,129,317,145,333
114,302,129,44
114,302,129,322
114,302,129,323
114,302,129,45
114,302,129,46
114,302,129,324
114,302,216,319,142,333
114,302,216,319,145,333
114,302,216,319
114,302,216,41
114,302,216,42
114,302,216,320
114,302,216,321
114,302,216,43
114,302,216,44
114,302,216,322
114,302,130,318,144,332
114,302,130,318,231,53
114,302,130,318,145,333
114,302,130,321
114,302,130,43
114,302,130,44
114,302,130,322
114,302,130,323
114,302,130,45
114,302,130,46
114,302,130,324
114,302,217,42
114,302,217,320
114,302,217,321
114,302,217,43
114,302,217,44
114,302,217,322
114,302,131,319,145,333
114,302,131,44
114,302,131,322
114,302,131,323
114,302,131,45
114,302,131,46
114,302,131,324
114,302,218,321
114,302,218,43
114,302,218,44
114,302,218,322
114,302,132,323
114,302,132,45
114,302,132,46
114,302,132,324
114,302,219,41
114,302,219,44
114,302,219,322
114,302,133,321
114,302,133,46
114,302,133,324
114,302,220,42
114,302,134,322
114,302,221,43
114,302,135,323
114,302,222,44
114,304,219,41
114,304,219,44
114,304,219,322
114,304,133,321
114,304,133,46
114,304,133,324
114,304,220,42
114,304,134,322
114,304,221,43
114,304,135,323
114,304,222,44
114,27,221,43
114,27,221,46
114,27,221,324
114,27,135,323
114,27,222,44
114,27,223,45
114,27,224,46
114,305,220,42
114,305,134,322
114,305,221,43
114,305,135,323
114,305,222,44
114,28,222,44
114,28,223,45
114,28,224,46
114,306,134,322
114,306,221,43
114,306,135,323
114,306,222,44
114,29,221,43
114,29,221,46
114,29,221,324
114,29,135,323
114,29,222,44
114,29,223,45
114,29,224,46
114,307,133,321
114,307,133,46
114,307,133,324
114,307,220,42
114,307,134,322
114,307,221,43
114,307,135,323
114,307,222,44
114,30,222,44
114,30,223,45
114,30,224,46
114,308,134,322
114,308,221,43
114,308,135,323
114,308,222,44
114,31,223,45
114,31,224,46
114,309,135,323
114,309,222,44
114,32,224,46
201,23,216,38,230,52
201,23,216,38,144,332
201,23,216,38,231,53
201,23,216,38,145,333
201,23,216,319,142,333
201,23,216,319,145,333
201,23,216,319
201,23,216,41
201,23,216,42
201,23,216,320
201,23,216,321
201,23,216,43
201,23,216,44
201,23,216,322
201,23,216,323
201,23,216,45
201,23,130,318,144,332
201,23,130,318,231,53
201,23,130,318,145,333
201,23,130,321
201,23,130,43
201,23,130,44
201,23,130,322
201,23,130,323
201,23,130,45
201,23,130,46
201,23,130,324
201,23,217,39,231,53
201,23,217,39,145,333
201,23,217,42
201,23,217,320
201,23,217,321
201,23,217,43
201,23,217,44
201,23,217,322
201,23,217,323
201,23,217,45
201,23,131,319,145,333
201,23,131,44
201,23,131,322
201,23,131,323
201,23,131,45
201,23,131,46
201,23,131,324
201,23,218,321
201,23,218,43
201,23,218,44
201,23,218,322
201,23,218,323
201,23,218,45
201,23,132,323
201,23,132,45
201,23,132,46
201,23,132,324
201,23,219,41
201,23,219,44
201,23,219,322
201,23,219,323
201,23,219,45
201,23,133,321
201,23,133,46
201,23,133,324
201,23,220,42
201,23,220,323
201,23,220,45
201,23,134,322
201,23,221,43
201,23,135,323
201,23,222,44
201,23,136,324
201,303,218,40
201,303,218,321
201,303,218,43
201,303,132,320
201,303,219,41
201,303,133,321
201,303,220,42
201,303,134,322
201,303,221,43
201,26,220,42
201,26,220,323
201,26,220,45
201,26,134,322
201,26,221,43
201,26,135,323
201,26,222,44
201,26,136,324
201,304,219,41
201,304,133,321
201,304,220,42
201,304,134,322
201,304,221,43
201,27,219,41
201,27,219,44
201,27,219,322
201,27,219,323
201,27,219,45
201,27,133,321
201,27,133,46
201,27,133,324
201,27,220,42
201,27,220,323
201,27,220,45
201,27,134,322
201,27,221,43
201,27,135,323
201,27,222,44
201,27,136,324
201,305,218,40
201,305,218,321
201,305,218,43
201,305,132,320
201,305,219,41
201,305,133,321
201,305,220,42
201,305,134,322
201,305,221,43
201,28,220,42
201,28,220,323
201,28,220,45
201,28,134,322
201,28,221,43
201,28,135,323
201,28,222,44
201,28,136,324
201,306,132,320
201,306,219,41
201,306,133,321
201,306,220,42
201,306,134,322
201,306,221,43
201,29,221,43
201,29,135,323
201,29,222,44
201,29,136,324
201,307,133,321
201,307,220,42
201,307,134,322
201,307,221,43
201,30,222,44
201,30,136,324
201,308,134,322
201,308,221,43
18,207,34,223,325,148
18,207,34,223,48,237
18,207,34,223,326,149
18,207,34,139
18,207,34,226
18,207,34,140
18,207,34,227
18,207,34,141
18,207,34,228
18,207,34,142
18,207,34,229
18,207,312,135,325,148
18,207,312,135,48,237
18,207,312,135,326,149
18,207,312,137
18,207,312,225
18,207,312,138
18,207,312,139
18,207,312,226
18,207,312,140
18,207,312,227
18,207,312,141
18,207,35,224,48,237
18,207,35,224,326,149
18,207,35,226
18,207,35,140
18,207,35,227
18,207,35,141
18,207,35,228
18,207,35,142
18,207,35,229
18,207,313,136,48,237
18,207,313,136,326,149
18,207,313,138
18,207,313,139
18,207,313,226
18,207,313,140
18,207,313,227
18,207,313,141
18,207,36,227
18,207,36,141
18,207,36,228
18,207,36,142
18,207,36,229
18,207,314,137
18,207,314,227
18,207,314,141
18,207,37,226
18,207,37,229
18,207,315,138
18,207,38,227
18,207,316,139
18,207,317,140
18,207,39,228
18,207,318,141
18,210,314,137
18,210,314,227
18,210,314,141
18,210,37,226
18,210,37,229
18,210,315,138
18,210,38,227
18,210,316,139
18,210,317,140
18,210,39,228
18,210,318,141
18,124,316,139
18,124,317,140
18,124,39,228
18,124,318,141
18,124,319,142
18,124,41,230
18,211,37,226
18,211,37,229
18,211,315,138
18,211,38,227
18,211,316,139
18,211,317,140
18,211,39,228
18,211,318,141
18,125,318,141
18,125,319,142
18,125,41,230
18,212,314,137
18,212,314,227
18,212,314,141
18,212,37,226
18,212,37,229
18,212,315,138
18,212,38,227
18,212,316,139
18,212,317,140
18,212,39,228
18,212,318,141
18,213,37,226
18,213,37,229
18,213,315,138
18,213,38,227
18,213,316,139
18,213,317,140
18,213,39,228
18,213,318,141
18,126,318,141
18,126,319,142
18,126,41,230
18,214,38,227
18,214,316,139
18,214,317,140
18,214,39,228
18,214,318,141
18,127,319,142
18,127,41,230
18,215,318,141
296,119,310,133,325,148
296,119,310,133,48,237
296,119,310,133,326,149
296,119,310,137
296,119,310,225
296,119,310,138
296,119,310,139
296,119,310,226
296,119,310,140
296,119,310,227
296,119,310,141
296,119,33,222,48,237
296,119,33,222,326,149
296,119,33,226
296,119,33,140
296,119,33,227
296,119,33,141
296,119,33,228
296,119,33,142
296,119,33,229
296,119,311,134,48,237
296,119,311,134,326,149
296,119,311,138
296,119,311,139
296,119,311,226
296,119,311,140
296,119,311,227
296,119,311,141
296,119,34,227
296,119,34,141
296,119,34,228
296,119,34,142
296,119,34,229
296,119,312,135,325,148
296,119,312,135,48,237
296,119,312,135,326,149
296,119,312,137
296,119,312,225
296,119,312,138
296,119,312,139
296,119,312,226
296,119,312,140
296,119,312,227
296,119,312,141
296,119,35,226
296,119,35,140
296,119,35,227
296,119,35,141
296,119,35,228
296,119,35,142
296,119,35,229
296,119,313,136,48,237
296,119,313,136,326,149
296,119,313,138
296,119,313,139
296,119,313,226
296,119,313,140
296,119,313,227
296,119,313,141
296,119,36,227
296,119,36,141
296,119,36,228
296,119,36,142
296,119,36,229
296,119,314,137
296,119,314,227
296,119,314,141
296,119,37,226
296,119,37,229
296,119,315,138
296,119,38,227
296,119,316,139
296,119,317,140
296,119,39,228
296,119,40,229
296,122,314,137
296,122,314,227
296,122,314,141
296,122,37,226
296,122,37,229
296,122,315,138
296,122,38,227
296,122,316,139
296,122,317,140
296,122,39,228
296,122,40,229
296,209,36,225
296,209,36,227
296,209,36,141
296,209,314,137
296,209,37,226
296,209,315,138
296,209,38,227
296,209,316,139
296,123,315,138
296,123,38,227
296,123,316,139
296,123,317,140
296,123,39,228
296,123,40,229
296,210,314,137
296,210,37,226
296,210,315,138
296,210,38,227
296,210,316,139
296,124,314,137
296,124,314,227
296,124,314,141
296,124,37,226
296,124,37,229
296,124,315,138
296,124,38,227
296,124,316,139
296,124,317,140
296,124,39,228
296,124,40,229
296,211,36,225
296,211,36,227
296,211,36,141
296,211,314,137
296,211,37,226
296,211,315,138
296,211,38,227
296,211,316,139
296,125,315,138
296,125,38,227
296,125,316,139
296,125,317,140
296,125,39,228
296,125,40,229
296,212,314,137
296,212,37,226
296,212,315,138
296,212,38,227
296,212,316,139
296,213,37,226
296,213,315,138
296,213,38,227
296,213,316,139
296,126,40,229
296,214,38,227
296,214,316,139
202,24,217,39,231,53
202,24,217,39,145,333
202,24,217,39,232,54
202,24,217,39,146,334
202,24,217,42
202,24,217,320,143,334
202,24,217,320,146,334
202,24,217,320
202,24,217,321
202,24,217,43
202,24,217,44
202,24,217,322
202,24,217,323
202,24,217,45
202,24,217,46
202,24,217,324
202,24,131,319,145,333
202,24,131,319,232,54
202,24,131,319,146,334
202,24,131,44
202,24,131,322
202,24,131,323
202,24,131,45
202,24,131,46
202,24,131,324
202,24,131,47
202,24,218,40,232,54
202,24,218,40,146,334
202,24,218,321
202,24,218,43
202,24,218,44
202,24,218,322
202,24,218,323
202,24,218,45
202,24,218,46
202,24,218,324
202,24,132,320,146,334
202,24,132,323
202,24,132,45
202,24,132,46
202,24,132,324
202,24,132,47
202,24,219,44
202,24,219,322
202,24,219,323
202,24,219,45
202,24,219,46
202,24,219,324
202,24,133,46
202,24,133,324
202,24,133,47
202,24,220,42
202,24,220,323
202,24,220,45
202,24,220,46
202,24,220,324
202,24,134,322
202,24,134,47
202,24,221,43
202,24,221,46
202,24,221,324
202,24,135,323
202,24,222,44
202,24,136,324
202,24,223,45
202,26,215,320,146,334
202,26,220,42
202,26,220,323
202,26,220,45
202,26,220,46
202,26,220,324
202,26,134,322
202,26,134,47
202,26,221,43
202,26,221,46
202,26,221,324
202,26,135,323
202,26,222,44
202,26,136,324
202,26,223,45
202,304,219,41
202,304,219,44
202,304,219,322
202,304,133,321
202,304,220,42
202,304,134,322
202,304,221,43
202,304,135,323
202,304,222,44
202,27,221,43
202,27,221,46
202,27,221,324
202,27,135,323
202,27,222,44
202,27,136,324
202,27,223,45
202,305,220,42
202,305,134,322
202,305,221,43
202,305,135,323
202,305,222,44
202,28,220,42
202,28,220,323
202,28,220,45
202,28,220,46
202,28,220,324
202,28,134,322
202,28,134,47
202,28,221,43
202,28,221,46
202,28,221,324
202,28,135,323
202,28,222,44
202,28,136,324
202,28,223,45
202,306,129,320,146,334
202,306,132,320,146,334
202,306,132,320
202,306,132,323
202,306,132,45
202,306,219,41
202,306,219,44
202,306,219,322
202,306,133,321
202,306,220,42
202,306,134,322
202,306,221,43
202,306,135,323
202,306,222,44
202,29,221,43
202,29,221,46
202,29,221,324
202,29,135,323
202,29,222,44
202,29,136,324
202,29,223,45
202,307,133,321
202,307,220,42
202,307,134,322
202,307,221,43
202,307,135,323
202,307,222,44
202,30,222,44
202,30,136,324
202,30,223,45
202,308,134,322
202,308,221,43
202,308,135,323
202,308,222,44
202,31,223,45
202,309,135,323
202,309,222,44
19,208,35,224,48,237
19,208,35,224,326,149
19,208,35,224,49,238
19,208,35,224,327,150
19,208,35,226
19,208,35,140
19,208,35,227
19,208,35,141
19,208,35,228
19,208,35,142
19,208,35,229
19,208,35,143
19,208,35,230
19,208,313,136,48,237
19,208,313,136,326,149
19,208,313,136,49,238
19,208,313,136,327,150
19,208,313,138
19,208,313,139
19,208,313,226
19,208,313,140
19,208,313,227
19,208,313,141
19,208,313,228
19,208,313,142
19,208,36,225,49,238
19,208,36,225,327,150
19,208,36,227
19,208,36,141
19,208,36,228
19,208,36,142
19,208,36,229
19,208,36,143
19,208,36,230
19,208,314,227
19,208,314,141
19,208,314,228
19,208,314,142
19,208,37,226
19,208,37,229
19,208,37,143
19,208,37,230
19,208,315,138
19,208,315,228
19,208,315,142
19,208,38,227
19,208,38,230
19,208,316,139
19,208,317,140
19,208,39,228
19,208,40,229
19,208,318,141
19,208,319,142
19,211,37,226
19,211,37,229
19,211,37,143
19,211,37,230
19,211,315,138
19,211,315,228
19,211,315,142
19,211,38,227
19,211,38,230
19,211,316,139
19,211,317,140
19,211,39,228
19,211,40,229
19,211,318,141
19,211,319,142
19,125,40,229
19,125,318,141
19,125,319,142
19,125,42,231
19,125,320,143
19,212,38,227
19,212,38,230
19,212,316,139
19,212,317,140
19,212,39,228
19,212,40,229
19,212,318,141
19,212,319,142
19,213,37,226
19,213,37,229
19,213,37,143
19,213,37,230
19,213,315,138
19,213,315,228
19,213,315,142
19,213,38,227
19,213,38,230
19,213,316,139
19,213,317,140
19,213,39,228
19,213,40,229
19,213,318,141
19,213,319,142
19,126,40,229
19,126,318,141
19,126,319,142
19,126,42,231
19,126,320,143
19,214,38,227
19,214,38,230
19,214,316,139
19,214,317,140
19,214,39,228
19,214,40,229
19,214,318,141
19,214,319,142
19,127,319,142
19,127,42,231
19,127,320,143
19,128,42,231
19,128,320,143
19,215,40,229
19,215,318,141
19,215,319,142
19,129,42,231
19,129,320,143
19,216,319,142
297,120,311,134,48,237
297,120,311,134,326,149
297,120,311,134,49,238
297,120,311,134,327,150
297,120,311,134,328,151
297,120,311,138
297,120,311,139
297,120,311,226
297,120,311,140
297,120,311,227
297,120,311,141
297,120,311,228
297,120,311,142
297,120,34,223,49,238
297,120,34,223,327,150
297,120,34,223,328,151
297,120,34,227
297,120,34,141
297,120,34,228
297,120,34,142
297,120,34,229
297,120,34,143
297,120,34,230
297,120,312,135,49,238
297,120,312,135,327,150
297,120,312,135,328,151
297,120,312,139
297,120,312,226
297,120,312,140
297,120,312,227
297,120,312,141
297,120,312,228
297,120,312,142
297,120,35,228
297,120,35,142
297,120,35,229
297,120,35,143
297,120,35,230
297,120,313,136,48,237
297,120,313,136,326,149
297,120,313,136,49,238
297,120,313,136,327,150
297,120,313,136,328,151
297,120,313,138
297,120,313,139
297,120,313,226
297,120,313,140
297,120,313,227
297,120,313,141
297,120,313,228
297,120,313,142
297,120,36,227
297,120,36,141
297,120,36,228
297,120,36,142
297,120,36,229
297,120,36,143
297,120,36,230
297,120,314,227
297,120,314,141
297,120,314,228
297,120,314,142
297,120,37,229
297,120,37,143
297,120,37,230
297,120,315,138
297,120,315,228
297,120,315,142
297,120,38,227
297,120,38,230
297,120,316,139
297,120,317,140
297,120,39,228
297,120,40,229
297,120,318,141
297,120,41,230
297,123,315,138
297,123,315,228
297,123,315,142
297,123,38,227
297,123,38,230
297,123,316,139
297,123,317,140
297,123,39,228
297,123,40,229
297,123,318,141
297,123,41,230
297,210,314,137
297,210,314,227
297,210,37,226
297,210,315,138
297,210,38,227
297,210,316,139
297,210,317,140
297,210,39,228
297,124,316,139
297,124,317,140
297,124,39,228
297,124,40,229
297,124,318,141
297,124,41,230
297,211,37,226
297,211,315,138
297,211,38,227
297,211,316,139
297,211,317,140
297,211,39,228
297,125,315,138
297,125,315,228
297,125,315,142
297,125,38,227
297,125,38,230
297,125,316,139
297,125,317,140
297,125,39,228
297,125,40,229
297,125,318,141
297,125,41,230
297,212,314,137
297,212,314,227
297,212,37,226
297,212,315,138
297,212,38,227
297,212,316,139
297,212,317,140
297,212,39,228
297,213,37,226
297,213,315,138
297,213,38,227
297,213,316,139
297,213,317,140
297,213,39,228
297,126,40,229
297,126,318,141
297,126,41,230
297,214,38,227
297,214,316,139
297,214,317,140
297,214,39,228
297,127,41,230
115,303,216,38,232,54
115,303,216,38,146,334
115,303,216,38,233,55
115,303,216,38,147,335
115,303,216,321,144,335
115,303,216,321,147,335
115,303,216,321
115,303,216,43
115,303,216,44
115,303,216,322
115,303,216,323
115,303,216,45
115,303,216,46
115,303,216,324
115,303,130,318,146,334
115,303,130,318,233,55
115,303,130,318,147,335
115,303,130,323
115,303,130,45
115,303,130,46
115,303,130,324
115,303,130,47
115,303,130,325
115,303,217,39,233,55
115,303,217,39,147,335
115,303,217,44
115,303,217,322
115,303,217,323
115,303,217,45
115,303,217,46
115,303,217,324
115,303,131,319,147,335
115,303,131,46
115,303,131,324
115,303,131,47
115,303,131,325
115,303,218,321,144,335
115,303,218,321,147,335
115,303,218,321
115,303,218,43
115,303,218,44
115,303,218,322
115,303,218,323
115,303,218,45
115,303,218,46
115,303,218,324
115,303,132,320,146,334
115,303,132,320,233,55
115,303,132,320,147,335
115,303,132,323
115,303,132,45
115,303,132,46
115,303,132,324
115,303,132,47
115,303,132,325
115,303,219,44
115,303,219,322
115,303,219,323
115,303,219,45
115,303,219,46
115,303,219,324
115,303,133,321,147,335
115,303,133,46
115,303,133,324
115,303,133,47
115,303,133,325
115,303,220,323
115,303,220,45
115,303,220,46
115,303,220,324
115,303,134,47
115,303,134,325
115,303,221,43
115,303,221,46
115,303,221,324
115,303,135,323
115,303,135,325
115,303,222,44
115,303,136,324
115,303,223,45
115,303,224,46
115,29,223,45
115,29,223,325
115,29,224,46
115,29,225,47
115,29,138,326
115,307,135,323
115,307,135,325
115,307,222,44
115,307,136,324
115,307,223,45
115,307,224,46
115,30,224,46
115,30,225,47
115,30,138,326
115,308,136,324
115,308,223,45
115,308,224,46
115,31,223,45
115,31,223,325
115,31,224,46
115,31,225,47
115,31,138,326
115,309,135,323
115,309,135,325
115,309,222,44
115,309,136,324
115,309,223,45
115,309,224,46
115,32,224,46
115,32,225,47
115,32,138,326
115,310,136,324
115,310,223,45
115,310,224,46
115,33,225,47
115,33,138,326
115,311,224,46
203,25,218,40,232,54
203,25,218,40,146,334
203,25,218,40,233,55
203,25,218,40,147,335
203,25,218,321,144,335
203,25,218,321,147,335
203,25,218,321
203,25,218,43
203,25,218,44
203,25,218,322
203,25,218,323
203,25,218,45
203,25,218,46
203,25,218,324
203,25,218,47
203,25,132,320,146,334
203,25,132,320,233,55
203,25,132,320,147,335
203,25,132,323
203,25,132,45
203,25,132,46
203,25,132,324
203,25,132,47
203,25,132,325
203,25,219,41,233,55
203,25,219,41,147,335
203,25,219,44
203,25,219,322
203,25,219,323
203,25,219,45
203,25,219,46
203,25,219,324
203,25,219,47
203,25,133,321,147,335
203,25,133,46
203,25,133,324
203,25,133,47
203,25,133,325
203,25,220,323
203,25,220,45
203,25,220,46
203,25,220,324
203,25,220,47
203,25,134,47
203,25,134,325
203,25,221,43
203,25,221,46
203,25,221,324
203,25,221,47
203,25,135,323
203,25,135,325
203,25,222,44
203,25,222,47
203,25,136,324
203,25,223,45
203,25,224,46
203,25,137,325
203,27,216,321,147,335
203,27,221,43
203,27,221,46
203,27,221,324
203,27,221,47
203,27,135,323
203,27,135,325
203,27,222,44
203,27,222,47
203,27,136,324
203,27,223,45
203,27,224,46
203,27,137,325
203,305,220,42
203,305,220,323
203,305,220,45
203,305,134,322
203,305,221,43
203,305,135,323
203,305,222,44
203,305,136,324
203,305,223,45
203,28,222,44
203,28,222,47
203,28,136,324
203,28,223,45
203,28,224,46
203,28,137,325
203,306,134,322
203,306,221,43
203,306,135,323
203,306,222,44
203,306,136,324
203,306,223,45
203,29,221,43
203,29,221,46
203,29,221,324
203,29,221,47
203,29,135,323
203,29,135,325
203,29,222,44
203,29,222,47
203,29,136,324
203,29,223,45
203,29,224,46
203,29,137,325
203,307,130,321,147,335
203,307,133,321,147,335
203,307,133,321
203,307,133,46
203,307,133,324
203,307,220,42
203,307,220,323
203,307,220,45
203,307,134,322
203,307,221,43
203,307,135,323
203,307,222,44
203,307,136,324
203,307,223,45
203,30,222,44
203,30,222,47
203,30,136,324
203,30,223,45
203,30,224,46
203,30,137,325
203,308,134,322
203,308,221,43
203,308,135,323
203,308,222,44
203,308,136,324
203,308,223,45
203,31,223,45
203,31,224,46
203,31,137,325
203,309,135,323
203,309,222,44
203,309,136,324
203,309,223,45
203,32,224,46
203,32,137,325
203,310,136,324
203,310,223,45
20,209,36,225,49,238
20,209,36,225,327,150
20,209,36,225,328,151
20,209,36,225,50,239
20,209,36,227
20,209,36,141
20,209,36,228
20,209,36,142
20,209,36,229
20,209,36,143
20,209,36,230
20,209,36,144
20,209,36,231
20,209,314,137,50,239
20,209,314,227
20,209,314,141
20,209,314,228
20,209,314,142
20,209,314,229
20,209,314,143
20,209,37,229
20,209,37,143
20,209,37,230
20,209,37,144
20,209,37,231
20,209,315,228
20,209,315,142
20,209,315,229
20,209,315,143
20,209,38,227
20,209,38,230
20,209,38,144
20,209,38,231
20,209,316,139
20,209,316,229
20,209,316,143
20,209,317,140
20,209,317,143
20,209,39,228
20,209,39,231
20,209,40,229
20,209,318,141
20,209,319,142
20,209,41,230
20,209,320,143
20,212,38,227
20,212,38,230
20,212,38,144
20,212,38,231
20,212,316,139
20,212,316,229
20,212,316,143
20,212,317,140
20,212,317,143
20,212,39,228
20,212,39,231
20,212,40,229
20,212,318,141
20,212,319,142
20,212,41,230
20,212,320,143
20,213,317,140
20,213,317,143
20,213,39,228
20,213,39,231
20,213,40,229
20,213,318,141
20,213,319,142
20,213,41,230
20,213,320,143
20,126,320,143
20,126,321,144
20,126,43,232
20,214,38,227
20,214,38,230
20,214,38,144
20,214,38,231
20,214,316,139
20,214,316,229
20,214,316,143
20,214,317,140
20,214,317,143
20,214,39,228
20,214,39,231
20,214,40,229
20,214,318,141
20,214,319,142
20,214,41,230
20,214,320,143
20,127,319,142
20,127,41,230
20,127,320,143
20,127,321,144
20,127,43,232
20,128,320,143
20,128,321,144
20,128,43,232
20,215,40,229
20,215,318,141
20,215,319,142
20,215,41,230
20,215,320,143
20,129,320,143
20,129,321,144
20,129,43,232
20,216,319,142
20,216,41,230
20,216,320,143
20,130,321,144
20,130,43,232
20,217,320,143
298,121,312,135,49,238
298,121,312,135,327,150
298,121,312,135,328,151
298,121,312,135,50,239
298,121,312,135,329,152
298,121,312,139
298,121,312,226
298,121,312,140
298,121,312,227
298,121,312,141
298,121,312,228
298,121,312,142
298,121,312,229
298,121,312,143
298,121,35,224,50,239
298,121,35,224,329,152
298,121,35,228
298,121,35,142
298,121,35,229
298,121,35,143
298,121,35,230
298,121,35,144
298,121,35,231
298,121,313,136,50,239
298,121,313,136,329,152
298,121,313,227
298,121,313,141
298,121,313,228
298,121,313,142
298,121,313,229
298,121,313,143
298,121,36,229
298,121,36,143
298,121,36,230
298,121,36,144
298,121,36,231
298,121,314,137,50,239
298,121,314,137,329,152
298,121,314,227
298,121,314,141
298,121,314,228
298,121,314,142
298,121,314,229
298,121,314,143
298,121,37,229
298,121,37,143
298,121,37,230
298,121,37,144
298,121,37,231
298,121,315,228
298,121,315,142
298,121,315,229
298,121,315,143
298,121,38,230
298,121,38,144
298,121,38,231
298,121,316,139
298,121,316,229
298,121,316,143
298,121,317,140
298,121,317,143
298,121,39,228
298,121,39,231
298,121,40,229
298,121,318,141
298,121,319,142
298,121,41,230
298,121,42,231
298,124,316,139
298,124,316,229
298,124,316,143
298,124,317,140
298,124,317,143
298,124,39,228
298,124,39,231
298,124,40,229
298,124,318,141
298,124,319,142
298,124,41,230
298,124,42,231
298,211,37,226
298,211,37,229
298,211,37,143
298,211,315,138
298,211,315,228
298,211,38,227
298,211,316,139
298,211,317,140
298,211,39,228
298,211,40,229
298,211,318,141
298,125,40,229
298,125,318,141
298,125,319,142
298,125,41,230
298,125,42,231
298,212,38,227
298,212,316,139
298,212,317,140
298,212,39,228
298,212,40,229
298,212,318,141
298,213,37,226
298,213,37,229
298,213,37,143
298,213,315,138
298,213,315,228
298,213,38,227
298,213,316,139
298,213,317,140
298,213,39,228
298,213,40,229
298,213,318,141
298,126,40,229
298,126,318,141
298,126,319,142
298,126,41,230
298,126,42,231
298,214,38,227
298,214,316,139
298,214,317,140
298,214,39,228
298,214,40,229
298,214,318,141
298,127,319,142
298,127,41,230
298,127,42,231
298,128,42,231
298,215,40,229
298,215,318,141
298,129,42,231
116,304,217,39,233,55
116,304,217,39,147,335
116,304,217,39,234,56
116,304,217,44
116,304,217,322
116,304,217,323
116,304,217,45
116,304,217,46
116,304,217,324
116,304,217,47
116,304,131,319,147,335
116,304,131,319,234,56
116,304,131,46
116,304,131,324
116,304,131,47
116,304,131,325
116,304,131,48
116,304,131,326
116,304,218,40,234,56
116,304,218,323
116,304,218,45
116,304,218,46
116,304,218,324
116,304,218,47
116,304,132,47
116,304,132,325
116,304,132,48
116,304,132,326
116,304,219,44
116,304,219,322
116,304,219,323
116,304,219,45
116,304,219,46
116,304,219,324
116,304,219,47
116,304,133,321,147,335
116,304,133,321,234,56
116,304,133,46
116,304,133,324
116,304,133,47
116,304,133,325
116,304,133,48
116,304,133,326
116,304,220,323
116,304,220,45
116,304,220,46
116,304,220,324
116,304,220,47
116,304,134,47
116,304,134,325
116,304,134,48
116,304,134,326
116,304,221,46
116,304,221,324
116,304,221,47
116,304,135,325
116,304,135,48
116,304,135,326
116,304,222,44
116,304,222,47
116,304,136,324
116,304,136,48
116,304,136,326
116,304,223,45
116,304,224,46
116,304,137,325
116,304,225,47
116,30,224,46
116,30,224,48
116,30,224,326
116,30,137,325
116,30,225,47
116,30,139,327
116,30,226,48
116,308,136,324
116,308,136,48
116,308,136,326
116,308,223,45
116,308,224,46
116,308,137,325
116,308,225,47
116,31,225,47
116,31,139,327
116,31,226,48
116,309,224,46
116,309,137,325
116,309,225,47
116,32,224,46
116,32,224,48
116,32,224,326
116,32,137,325
116,32,225,47
116,32,139,327
116,32,226,48
116,310,136,324
116,310,136,48
116,310,136,326
116,310,223,45
116,310,224,46
116,310,137,325
116,310,225,47
116,33,225,47
116,33,139,327
116,33,226,48
116,311,224,46
116,311,137,325
116,311,225,47
116,34,139,327
116,34,226,48
116,312,137,325
116,312,225,47
116,35,226,48
21,210,314,137,50,239
21,210,314,137,329,152
21,210,314,137,51,240
21,210,314,227
21,210,314,141
21,210,314,228
21,210,314,142
21,210,314,229
21,210,314,143
21,210,314,230
21,210,314,144
21,210,37,226,51,240
21,210,37,229
21,210,37,143
21,210,37,230
21,210,37,144
21,210,37,231
21,210,37,145
21,210,37,232
21,210,315,138,51,240
21,210,315,228
21,210,315,142
21,210,315,229
21,210,315,143
21,210,315,230
21,210,315,144
21,210,38,230
21,210,38,144
21,210,38,231
21,210,38,145
21,210,38,232
21,210,316,229
21,210,316,143
21,210,316,230
21,210,316,144
21,210,317,140
21,210,317,143
21,210,317,230
21,210,317,144
21,210,39,228
21,210,39,231
21,210,39,145
21,210,39,232
21,210,40,229
21,210,40,232
21,210,318,141
21,210,318,144
21,210,319,142
21,210,41,230
21,210,42,231
21,210,320,143
21,210,321,144
21,213,317,140
21,213,317,143
21,213,317,230
21,213,317,144
21,213,39,228
21,213,39,231
21,213,39,145
21,213,39,232
21,213,40,229
21,213,40,232
21,213,318,141
21,213,318,144
21,213,319,142
21,213,41,230
21,213,42,231
21,213,320,143
21,213,321,144
21,126,42,231
21,126,320,143
21,126,321,144
21,126,44,233
21,126,322,145
21,214,40,229
21,214,40,232
21,214,318,141
21,214,318,144
21,214,319,142
21,214,41,230
21,214,42,231
21,214,320,143
21,214,321,144
21,127,321,144
21,127,44,233
21,127,322,145
21,128,42,231
21,128,320,143
21,128,321,144
21,128,44,233
21,128,322,145
21,215,40,229
21,215,40,232
21,215,318,141
21,215,318,144
21,215,319,142
21,215,41,230
21,215,42,231
21,215,320,143
21,215,321,144
21,129,42,231
21,129,320,143
21,129,321,144
21,129,44,233
21,129,322,145
21,216,319,142
21,216,41,230
21,216,42,231
21,216,320,143
21,216,321,144
21,130,321,144
21,130,44,233
21,130,322,145
21,217,42,231
21,217,320,143
21,217,321,144
21,131,44,233
21,131,322,145
21,218,321,144
299,122,313,136,50,239
299,122,313,136,329,152
299,122,313,136,51,240
299,122,313,136,330,153
299,122,313,227
299,122,313,141
299,122,313,228
299,122,313,142
299,122,313,229
299,122,313,143
299,122,313,230
299,122,313,144
299,122,36,225,51,240
299,122,36,225,330,153
299,122,36,229
299,122,36,143
299,122,36,230
299,122,36,144
299,122,36,231
299,122,36,145
299,122,36,232
299,122,314,137,50,239
299,122,314,137,329,152
299,122,314,137,51,240
299,122,314,137,330,153
299,122,314,227
299,122,314,141
299,122,314,228
299,122,314,142
299,122,314,229
299,122,314,143
299,122,314,230
299,122,314,144
299,122,37,229
299,122,37,143
299,122,37,230
299,122,37,144
299,122,37,231
299,122,37,145
299,122,37,232
299,122,315,138,51,240
299,122,315,138,330,153
299,122,315,228
299,122,315,142
299,122,315,229
299,122,315,143
299,122,315,230
299,122,315,144
299,122,38,230
299,122,38,144
299,122,38,231
299,122,38,145
299,122,38,232
299,122,316,229
299,122,316,143
299,122,316,230
299,122,316,144
299,122,317,143
299,122,317,230
299,122,317,144
299,122,39,231
299,122,39,145
299,122,39,232
299,122,40,229
299,122,40,232
299,122,318,141
299,122,318,144
299,122,319,142
299,122,41,230
299,122,42,231
299,122,320,143
299,122,43,232
299,125,40,229
299,125,40,232
299,125,318,141
299,125,318,144
299,125,319,142
299,125,41,230
299,125,42,231
299,125,320,143
299,125,43,232
299,212,38,227
299,212,38,230
299,212,38,144
299,212,316,139
299,212,316,229
299,212,317,140
299,212,39,228
299,212,40,229
299,212,318,141
299,212,319,142
299,212,41,230
299,213,317,140
299,213,39,228
299,213,40,229
299,213,318,141
299,213,319,142
299,213,41,230
299,126,40,229
299,126,40,232
299,126,318,141
299,126,318,144
299,126,319,142
299,126,41,230
299,126,42,231
299,126,320,143
299,126,43,232
299,214,38,227
299,214,38,230
299,214,38,144
299,214,316,139
299,214,316,229
299,214,317,140
299,214,39,228
299,214,40,229
299,214,318,141
299,214,319,142
299,214,41,230
299,127,319,142
299,127,41,230
299,127,42,231
299,127,320,143
299,127,43,232
299,128,42,231
299,128,320,143
299,128,43,232
299,215,40,229
299,215,318,141
299,215,319,142
299,215,41,230
299,129,42,231
299,129,320,143
299,129,43,232
299,216,319,142
299,216,41,230
299,130,43,232
117,305,218,40,234,56
117,305,218,40,235,57
117,305,218,40,148,336
117,305,218,323,146,336
117,305,218,323,148,336
117,305,218,323
117,305,218,45
117,305,218,46
117,305,218,324
117,305,218,47
117,305,218,325
117,305,132,320,235,57
117,305,132,320,148,336
117,305,132,47
117,305,132,325
117,305,132,48
117,305,132,326
117,305,132,49
117,305,132,327
117,305,219,41,235,57
117,305,219,41,148,336
117,305,219,46
117,305,219,324
117,305,219,47
117,305,219,325
117,305,133,321,148,336
117,305,133,325
117,305,133,48
117,305,133,326
117,305,133,49
117,305,133,327
117,305,220,323,146,336
117,305,220,323,148,336
117,305,220,323
117,305,220,45
117,305,220,46
117,305,220,324
117,305,220,47
117,305,220,325
117,305,134,322,235,57
117,305,134,322,148,336
117,305,134,47
117,305,134,325
117,305,134,48
117,305,134,326
117,305,134,49
117,305,134,327
117,305,221,46
117,305,221,324
117,305,221,47
117,305,221,325
117,305,135,323,148,336
117,305,135,325
117,305,135,48
117,305,135,326
117,305,135,49
117,305,135,327
117,305,222,47
117,305,222,325
117,305,136,48
117,305,136,326
117,305,136,49
117,305,136,327
117,305,223,45
117,305,223,325
117,305,224,46
117,305,137,325
117,305,225,47
117,305,138,326
117,31,225,47
117,31,225,49
117,31,225,327
117,31,138,326
117,31,226,48
117,31,140,328
117,31,227,49
117,309,224,46
117,309,137,325
117,309,225,47
117,309,138,326
117,32,226,48
117,32,140,328
117,32,227,49
117,310,137,325
117,310,225,47
117,310,138,326
117,33,225,47
117,33,225,49
117,33,225,327
117,33,138,326
117,33,226,48
117,33,140,328
117,33,227,49
117,311,224,46
117,311,137,325
117,311,225,47
117,311,138,326
117,34,226,48
117,34,140,328
117,34,227,49
117,312,137,325
117,312,225,47
117,312,138,326
117,35,226,48
117,35,140,328
117,35,227,49
117,313,138,326
117,36,227,49
204,26,220,42,234,56
204,26,220,42,235,57
204,26,220,42,148,336
204,26,220,323,146,336
204,26,220,323,148,336
204,26,220,323
204,26,220,45
204,26,220,46
204,26,220,324
204,26,220,47
204,26,220,325
204,26,220,48
204,26,220,326
204,26,134,322,235,57
204,26,134,322,148,336
204,26,134,47
204,26,134,325
204,26,134,48
204,26,134,326
204,26,134,49
204,26,134,327
204,26,221,43,235,57
204,26,221,43,148,336
204,26,221,46
204,26,221,324
204,26,221,47
204,26,221,325
204,26,221,48
204,26,221,326
204,26,135,323,148,336
204,26,135,325
204,26,135,48
204,26,135,326
204,26,135,49
204,26,135,327
204,26,222,47
204,26,222,325
204,26,222,48
204,26,222,326
204,26,136,48
204,26,136,326
204,26,136,49
204,26,136,327
204,26,223,45
204,26,223,325
204,26,223,48
204,26,223,326
204,26,224,46
204,26,224,48
204,26,224,326
204,26,137,325
204,26,225,47
204,26,138,326
204,26,139,327
204,29,218,323,148,336
204,29,223,45
204,29,223,325
204,29,223,48
204,29,223,326
204,29,224,46
204,29,224,48
204,29,224,326
204,29,137,325
204,29,225,47
204,29,138,326
204,29,139,327
204,307,130,323,148,336
204,307,135,323,148,336
204,307,135,323
204,307,135,325
204,307,222,44
204,307,222,47
204,307,136,324
204,307,223,45
204,307,224,46
204,307,137,325
204,307,225,47
204,30,224,46
204,30,224,48
204,30,224,326
204,30,137,325
204,30,225,47
204,30,138,326
204,30,139,327
204,308,136,324
204,308,223,45
204,308,224,46
204,308,137,325
204,308,225,47
204,31,223,45
204,31,223,325
204,31,223,48
204,31,223,326
204,31,224,46
204,31,224,48
204,31,224,326
204,31,137,325
204,31,225,47
204,31,138,326
204,31,139,327
204,309,132,323,148,336
204,309,135,323,148,336
204,309,135,323
204,309,135,325
204,309,222,44
204,309,222,47
204,309,136,324
204,309,223,45
204,309,224,46
204,309,137,325
204,309,225,47
204,32,224,46
204,32,224,48
204,32,224,326
204,32,137,325
204,32,225,47
204,32,138,326
204,32,139,327
204,310,136,324
204,310,223,45
204,310,224,46
204,310,137,325
204,310,225,47
204,33,225,47
204,33,138,326
204,33,139,327
204,311,224,46
204,311,137,325
204,311,225,47
204,34,139,327
204,312,137,325
204,312,225,47
22,211,37,226,51,240
22,211,37,226,330,153
22,211,37,226,52,241
22,211,37,229
22,211,37,143
22,211,37,230
22,211,37,144
22,211,37,231
22,211,37,145
22,211,37,232
22,211,37,146
22,211,37,233
22,211,315,138,51,240
22,211,315,138,330,153
22,211,315,138,52,241
22,211,315,228
22,211,315,142
22,211,315,229
22,211,315,143
22,211,315,230
22,211,315,144
22,211,315,231
22,211,315,145
22,211,38,227,52,241
22,211,38,230
22,211,38,144
22,211,38,231
22,211,38,145
22,211,38,232
22,211,38,146
22,211,38,233
22,211,316,139,52,241
22,211,316,229
22,211,316,143
22,211,316,230
22,211,316,144
22,211,316,231
22,211,316,145
22,211,317,143
22,211,317,230
22,211,317,144
22,211,317,231
22,211,317,145
22,211,39,231
22,211,39,145
22,211,39,232
22,211,39,146
22,211,39,233
22,211,40,229
22,211,40,232
22,211,40,146
22,211,40,233
22,211,318,141
22,211,318,144
22,211,318,231
22,211,318,145
22,211,319,142
22,211,319,145
22,211,41,230
22,211,41,233
22,211,42,231
22,211,320,143
22,211,321,144
22,211,43,232
22,211,322,145
22,214,40,229
22,214,40,232
22,214,40,146
22,214,40,233
22,214,318,141
22,214,318,144
22,214,318,231
22,214,318,145
22,214,319,142
22,214,319,145
22,214,41,230
22,214,41,233
22,214,42,231
22,214,320,143
22,214,321,144
22,214,43,232
22,214,322,145
22,127,321,144
22,127,43,232
22,127,322,145
22,127,323,146
22,127,45,234
22,128,322,145
22,128,323,146
22,128,45,234
22,215,40,229
22,215,40,232
22,215,40,146
22,215,40,233
22,215,318,141
22,215,318,144
22,215,318,231
22,215,318,145
22,215,319,142
22,215,319,145
22,215,41,230
22,215,41,233
22,215,42,231
22,215,320,143
22,215,321,144
22,215,43,232
22,215,322,145
22,129,42,231
22,129,42,234
22,129,320,143
22,129,320,146
22,129,321,144
22,129,43,232
22,129,322,145
22,129,323,146
22,129,45,234
22,216,319,142
22,216,319,145
22,216,41,230
22,216,41,233
22,216,42,231
22,216,320,143
22,216,321,144
22,216,43,232
22,216,322,145
22,130,321,144
22,130,43,232
22,130,322,145
22,130,323,146
22,130,45,234
22,217,42,231
22,217,320,143
22,217,321,144
22,217,43,232
22,217,322,145
22,131,322,145
22,131,323,146
22,131,45,234
22,218,321,144
22,218,43,232
22,218,322,145
22,132,323,146
22,132,45,234
22,219,322,145
300,123,314,137,52,241
300,123,314,137,331,154
300,123,314,229
300,123,314,143
300,123,314,230
300,123,314,144
300,123,314,231
300,123,314,145
300,123,37,231
300,123,37,145
300,123,37,232
300,123,37,146
300,123,37,233
300,123,315,138,51,240
300,123,315,138,330,153
300,123,315,138,52,241
300,123,315,138,331,154
300,123,315,228
300,123,315,142
300,123,315,229
300,123,315,143
300,123,315,230
300,123,315,144
300,123,315,231
300,123,315,145
300,123,38,230
300,123,38,144
300,123,38,231
300,123,38,145
300,123,38,232
300,123,38,146
300,123,38,233
300,123,316,139,52,241
300,123,316,139,331,154
300,123,316,229
300,123,316,143
300,123,316,230
300,123,316,144
300,123,316,231
300,123,316,145
300,123,317,140,331,154
300,123,317,143
300,123,317,230
300,123,317,144
300,123,317,231
300,123,317,145
300,123,39,231
300,123,39,145
300,123,39,232
300,123,39,146
300,123,39,233
300,123,40,232
300,123,40,146
300,123,40,233
300,123,318,144
300,123,318,231
300,123,318,145
300,123,319,142
300,123,319,145
300,123,41,230
300,123,41,233
300,123,42,231
300,123,320,143
300,123,321,144
300,123,43,232
300,123,44,233
300,213,317,140,331,154
300,213,317,140
300,213,317,143
300,213,317,230
300,213,39,228
300,213,39,231
300,213,39,145
300,213,40,229
300,213,318,141
300,213,319,142
300,213,41,230
300,213,42,231
300,213,320,143
300,126,42,231
300,126,320,143
300,126,321,144
300,126,43,232
300,126,44,233
300,214,40,229
300,214,318,141
300,214,319,142
300,214,41,230
300,214,42,231
300,214,320,143
300,127,319,142
300,127,319,145
300,127,41,230
300,127,41,233
300,127,42,231
300,127,320,143
300,127,321,144
300,127,43,232
300,127,44,233
300,128,42,231
300,128,320,143
300,128,321,144
300,128,43,232
300,128,44,233
300,215,40,229
300,215,318,141
300,215,319,142
300,215,41,230
300,215,42,231
300,215,320,143
300,129,42,231
300,129,320,143
300,129,321,144
300,129,43,232
300,129,44,233
300,216,319,142
300,216,41,230
300,216,42,231
300,216,320,143
300,130,321,144
300,130,43,232
300,130,44,233
300,217,42,231
300,217,320,143
300,131,44,233
118,306,132,320,235,57
118,306,132,320,148,336
118,306,132,320,236,58
118,306,132,47
118,306,132,325
118,306,132,48
118,306,132,326
118,306,132,49
118,306,132,327
118,306,132,328
118,306,132,50
118,306,219,41,235,57
118,306,219,41,148,336
118,306,219,41,236,58
118,306,219,46
118,306,219,324
118,306,219,47
118,306,219,325
118,306,219,48
118,306,219,326
118,306,133,321,148,336
118,306,133,321,236,58
118,306,133,325
118,306,133,48
118,306,133,326
118,306,133,49
118,306,133,327
118,306,133,328
118,306,133,50
118,306,220,42,236,58
118,306,220,47
118,306,220,325
118,306,220,48
118,306,220,326
118,306,134,322,235,57
118,306,134,322,148,336
118,306,134,322,236,58
118,306,134,47
118,306,134,325
118,306,134,48
118,306,134,326
118,306,134,49
118,306,134,327
118,306,134,328
118,306,134,50
118,306,221,46
118,306,221,324
118,306,221,47
118,306,221,325
118,306,221,48
118,306,221,326
118,306,135,323,148,336
118,306,135,323,236,58
118,306,135,325
118,306,135,48
118,306,135,326
118,306,135,49
118,306,135,327
118,306,135,328
118,306,135,50
118,306,222,47
118,306,222,325
118,306,222,48
118,306,222,326
118,306,136,48
118,306,136,326
118,306,136,49
118,306,136,327
118,306,136,328
118,306,136,50
118,306,223,325
118,306,223,48
118,306,223,326
118,306,224,46
118,306,224,48
118,306,224,326
118,306,137,325
118,306,137,50
118,306,225,47
118,306,138,326
118,306,139,327
118,306,226,48
118,309,224,46
118,309,224,48
118,309,224,326
118,309,137,325
118,309,137,50
118,309,225,47
118,309,138,326
118,309,139,327
118,309,226,48
118,32,139,327
118,32,226,48
118,32,227,49
118,32,141,329
118,32,228,50
118,310,137,325
118,310,137,50
118,310,225,47
118,310,138,326
118,310,139,327
118,310,226,48
118,33,226,48
118,33,227,49
118,33,141,329
118,33,228,50
118,311,224,46
118,311,224,48
118,311,224,326
118,311,137,325
118,311,137,50
118,311,225,47
118,311,138,326
118,311,139,327
118,311,226,48
118,34,139,327
118,34,226,48
118,34,227,49
118,34,141,329
118,34,228,50
118,312,137,325
118,312,137,50
118,312,225,47
118,312,138,326
118,312,139,327
118,312,226,48
118,35,226,48
118,35,227,49
118,35,141,329
118,35,228,50
118,313,138,326
118,313,139,327
118,313,226,48
118,36,227,49
118,36,141,329
118,36,228,50
205,27,221,43,235,57
205,27,221,43,148,336
205,27,221,43,236,58
205,27,221,43,149,337
205,27,221,46
205,27,221,324,147,337
205,27,221,324,149,337
205,27,221,324
205,27,221,47
205,27,221,325
205,27,221,48
205,27,221,326
205,27,221,49
205,27,221,327
205,27,135,323,148,336
205,27,135,323,236,58
205,27,135,323,149,337
205,27,135,325
205,27,135,48
205,27,135,326
205,27,135,49
205,27,135,327
205,27,135,328
205,27,135,50
205,27,222,44,236,58
205,27,222,44,149,337
205,27,222,47
205,27,222,325
205,27,222,48
205,27,222,326
205,27,222,49
205,27,222,327
205,27,136,324,149,337
205,27,136,48
205,27,136,326
205,27,136,49
205,27,136,327
205,27,136,328
205,27,136,50
205,27,223,325
205,27,223,48
205,27,223,326
205,27,223,49
205,27,223,327
205,27,224,46
205,27,224,48
205,27,224,326
205,27,224,49
205,27,224,327
205,27,137,325
205,27,137,50
205,27,225,47
205,27,225,49
205,27,225,327
205,27,138,326
205,27,139,327
205,27,226,48
205,27,140,328
205,30,219,324,149,337
205,30,224,46
205,30,224,48
205,30,224,326
205,30,224,49
205,30,224,327
205,30,137,325
205,30,137,50
205,30,225,47
205,30,225,49
205,30,225,327
205,30,138,326
205,30,139,327
205,30,226,48
205,30,140,328
205,308,131,324,149,337
205,308,136,324,149,337
205,308,136,324
205,308,136,48
205,308,136,326
205,308,223,45
205,308,223,325
205,308,224,46
205,308,137,325
205,308,225,47
205,308,138,326
205,31,225,47
205,31,225,49
205,31,225,327
205,31,138,326
205,31,139,327
205,31,226,48
205,31,140,328
205,309,224,46
205,309,137,325
205,309,225,47
205,309,138,326
205,32,224,46
205,32,224,48
205,32,224,326
205,32,224,49
205,32,224,327
205,32,137,325
205,32,137,50
205,32,225,47
205,32,225,49
205,32,225,327
205,32,138,326
205,32,139,327
205,32,226,48
205,32,140,328
205,310,133,324,149,337
205,310,136,324,149,337
205,310,136,324
205,310,136,48
205,310,136,326
205,310,223,45
205,310,223,325
205,310,224,46
205,310,137,325
205,310,225,47
205,310,138,326
205,33,225,47
205,33,225,49
205,33,225,327
205,33,138,326
205,33,139,327
205,33,226,48
205,33,140,328
205,311,224,46
205,311,137,325
205,311,225,47
205,311,138,326
205,34,139,327
205,34,226,48
205,34,140,328
205,312,137,325
205,312,225,47
205,312,138,326
205,35,226,48
205,35,140,328
205,313,138,326
23,212,38,227,52,241
23,212,38,227,331,154
23,212,38,227,53,242
23,212,38,230
23,212,38,144
23,212,38,231
23,212,38,145
23,212,38,232
23,212,38,146
23,212,38,233
23,212,38,147
23,212,38,234
23,212,316,139,52,241
23,212,316,139,331,154
23,212,316,139,53,242
23,212,316,229
23,212,316,143
23,212,316,230
23,212,316,144
23,212,316,231
23,212,316,145
23,212,316,232
23,212,316,146
23,212,317,140,331,154
23,212,317,140,53,242
23,212,317,143
23,212,317,230
23,212,317,144
23,212,317,231
23,212,317,145
23,212,317,232
23,212,317,146
23,212,39,228,53,242
23,212,39,231
23,212,39,145
23,212,39,232
23,212,39,146
23,212,39,233
23,212,39,147
23,212,39,234
23,212,40,232
23,212,40,146
23,212,40,233
23,212,40,147
23,212,40,234
23,212,318,144
23,212,318,231
23,212,318,145
23,212,318,232
23,212,318,146
23,212,319,142
23,212,319,145
23,212,319,232
23,212,319,146
23,212,41,230
23,212,41,233
23,212,41,147
23,212,41,234
23,212,42,231
23,212,42,234
23,212,320,143
23,212,320,146
23,212,321,144
23,212,43,232
23,212,44,233
23,212,322,145
23,212,323,146
23,128,44,233
23,128,322,145
23,128,323,146
23,128,46,235
23,128,324,147
23,215,42,231
23,215,42,234
23,215,320,143
23,215,320,146
23,215,321,144
23,215,43,232
23,215,44,233
23,215,322,145
23,215,323,146
23,129,44,233
23,129,322,145
23,129,323,146
23,129,46,235
23,129,324,147
23,216,319,142
23,216,319,145
23,216,319,232
23,216,319,146
23,216,41,230
23,216,41,233
23,216,41,147
23,216,41,234
23,216,42,231
23,216,42,234
23,216,320,143
23,216,320,146
23,216,321,144
23,216,43,232
23,216,44,233
23,216,322,145
23,216,323,146
23,130,321,144
23,130,321,147
23,130,43,232
23,130,43,235
23,130,44,233
23,130,322,145
23,130,323,146
23,130,46,235
23,130,324,147
23,217,42,231
23,217,42,234
23,217,320,143
23,217,320,146
23,217,321,144
23,217,43,232
23,217,44,233
23,217,322,145
23,217,323,146
23,131,44,233
23,131,322,145
23,131,323,146
23,131,46,235
23,131,324,147
23,218,321,144
23,218,43,232
23,218,44,233
23,218,322,145
23,218,323,146
23,132,323,146
23,132,46,235
23,132,324,147
23,219,44,233
23,219,322,145
23,219,323,146
23,133,46,235
23,133,324,147
23,220,323,146
301,124,314,137,52,241
301,124,314,137,331,154
301,124,314,137,53,242
301,124,314,137,332,155
301,124,314,229
301,124,314,143
301,124,314,230
301,124,314,144
301,124,314,231
301,124,314,145
301,124,314,232
301,124,314,146
301,124,37,226,53,242
301,124,37,226,332,155
301,124,37,231
301,124,37,145
301,124,37,232
301,124,37,146
301,124,37,233
301,124,37,147
301,124,37,234
301,124,315,138,53,242
301,124,315,138,332,155
301,124,315,230
301,124,315,144
301,124,315,231
301,124,315,145
301,124,315,232
301,124,315,146
301,124,38,232
301,124,38,146
301,124,38,233
301,124,38,147
301,124,38,234
301,124,316,139,52,241
301,124,316,139,331,154
301,124,316,139,53,242
301,124,316,139,332,155
301,124,316,229
301,124,316,143
301,124,316,230
301,124,316,144
301,124,316,231
301,124,316,145
301,124,316,232
301,124,316,146
301,124,317,140,331,154
301,124,317,140,53,242
301,124,317,140,332,155
301,124,317,143
301,124,317,230
301,124,317,144
301,124,317,231
301,124,317,145
301,124,317,232
301,124,317,146
301,124,39,231
301,124,39,145
301,124,39,232
301,124,39,146
301,124,39,233
301,124,39,147
301,124,39,234
301,124,40,232
301,124,40,146
301,124,40,233
301,124,40,147
301,124,40,234
301,124,318,141,332,155
301,124,318,144
301,124,318,231
301,124,318,145
301,124,318,232
301,124,318,146
301,124,319,145
301,124,319,232
301,124,319,146
301,124,41,233
301,124,41,147
301,124,41,234
301,124,42,231
301,124,42,234
301,124,320,143
301,124,320,146
301,124,321,144
301,124,43,232
301,124,44,233
301,124,322,145
301,124,45,234
301,126,42,231
301,126,42,234
301,126,320,143
301,126,320,146
301,126,321,144
301,126,43,232
301,126,44,233
301,126,322,145
301,126,45,234
301,214,40,229
301,214,40,232
301,214,40,146
301,214,318,141,332,155
301,214,318,141
301,214,318,144
301,214,318,231
301,214,319,142
301,214,41,230
301,214,42,231
301,214,320,143
301,214,321,144
301,214,43,232
301,127,321,144
301,127,43,232
301,127,44,233
301,127,322,145
301,127,45,234
301,128,42,231
301,128,42,234
301,128,320,143
301,128,320,146
301,128,321,144
301,128,43,232
301,128,44,233
301,128,322,145
301,128,45,234
301,215,40,229
301,215,40,232
301,215,40,146
301,215,318,141,332,155
301,215,318,141
301,215,318,144
301,215,318,231
301,215,319,142
301,215,41,230
301,215,42,231
301,215,320,143
301,215,321,144
301,215,43,232
301,129,42,231
301,129,42,234
301,129,320,143
301,129,320,146
301,129,321,144
301,129,43,232
301,129,44,233
301,129,322,145
301,129,45,234
301,216,319,142
301,216,41,230
301,216,42,231
301,216,320,143
301,216,321,144
301,216,43,232
301,130,321,144
301,130,43,232
301,130,44,233
301,130,322,145
301,130,45,234
301,217,42,231
301,217,320,143
301,217,321,144
301,217,43,232
301,131,44,233
301,131,322,145
301,131,45,234
301,218,321,144
301,218,43,232
301,132,45,234
119,307,133,321,148,336
119,307,133,321,236,58
119,307,133,321,149,337
119,307,133,325
119,307,133,48
119,307,133,326
119,307,133,49
119,307,133,327
119,307,133,328
119,307,133,50
119,307,133,329
119,307,133,51
119,307,220,42,236,58
119,307,220,42,149,337
119,307,220,47
119,307,220,325
119,307,220,48
119,307,220,326
119,307,220,49
119,307,220,327
119,307,134,322,149,337
119,307,134,48
119,307,134,326
119,307,134,49
119,307,134,327
119,307,134,328
119,307,134,50
119,307,134,329
119,307,134,51
119,307,221,325
119,307,221,48
119,307,221,326
119,307,221,49
119,307,221,327
119,307,135,323,148,336
119,307,135,323,236,58
119,307,135,323,149,337
119,307,135,325
119,307,135,48
119,307,135,326
119,307,135,49
119,307,135,327
119,307,135,328
119,307,135,50
119,307,135,329
119,307,135,51
119,307,222,47
119,307,222,325
119,307,222,48
119,307,222,326
119,307,222,49
119,307,222,327
119,307,136,324,149,337
119,307,136,48
119,307,136,326
119,307,136,49
119,307,136,327
119,307,136,328
119,307,136,50
119,307,136,329
119,307,136,51
119,307,223,325
119,307,223,48
119,307,223,326
119,307,223,49
119,307,223,327
119,307,224,48
119,307,224,326
119,307,224,49
119,307,224,327
119,307,137,325
119,307,137,50
119,307,137,329
119,307,137,51
119,307,225,47
119,307,225,49
119,307,225,327
119,307,138,326
119,307,138,51
119,307,139,327
119,307,226,48
119,307,140,328
119,307,227,49
119,310,137,325
119,310,137,50
119,310,137,329
119,310,137,51
119,310,225,47
119,310,225,49
119,310,225,327
119,310,138,326
119,310,138,51
119,310,139,327
119,310,226,48
119,310,140,328
119,310,227,49
119,33,226,48
119,33,226,51
119,33,140,328
119,33,227,49
119,33,228,50
119,33,142,330
119,33,229,51
119,311,138,326
119,311,138,51
119,311,139,327
119,311,226,48
119,311,140,328
119,311,227,49
119,34,227,49
119,34,228,50
119,34,142,330
119,34,229,51
119,312,137,325
119,312,137,50
119,312,137,329
119,312,137,51
119,312,225,47
119,312,225,49
119,312,225,327
119,312,138,326
119,312,138,51
119,312,139,327
119,312,226,48
119,312,140,328
119,312,227,49
119,35,226,48
119,35,226,51
119,35,140,328
119,35,227,49
119,35,228,50
119,35,142,330
119,35,229,51
119,313,138,326
119,313,138,51
119,313,139,327
119,313,226,48
119,313,140,328
119,313,227,49
119,36,227,49
119,36,228,50
119,36,142,330
119,36,229,51
119,314,227,49
119,37,229,51
206,28,222,44,236,58
206,28,222,44,149,337
206,28,222,44,150,338
206,28,222,47
206,28,222,325
206,28,222,48
206,28,222,326
206,28,222,49
206,28,222,327
206,28,222,328
206,28,222,50
206,28,136,324,149,337
206,28,136,324,150,338
206,28,136,48
206,28,136,326
206,28,136,49
206,28,136,327
206,28,136,328
206,28,136,50
206,28,136,329
206,28,136,51
206,28,223,45,150,338
206,28,223,325
206,28,223,48
206,28,223,326
206,28,223,49
206,28,223,327
206,28,223,328
206,28,223,50
206,28,224,48
206,28,224,326
206,28,224,49
206,28,224,327
206,28,224,328
206,28,224,50
206,28,137,50
206,28,137,329
206,28,137,51
206,28,225,47
206,28,225,49
206,28,225,327
206,28,225,328
206,28,225,50
206,28,138,326
206,28,138,51
206,28,139,327
206,28,226,48
206,28,140,328
206,28,227,49
206,28,141,329
206,31,225,47
206,31,225,49
206,31,225,327
206,31,225,328
206,31,225,50
206,31,138,326
206,31,138,51
206,31,139,327
206,31,226,48
206,31,140,328
206,31,227,49
206,31,141,329
206,309,224,46
206,309,224,48
206,309,224,326
206,309,137,325
206,309,225,47
206,309,138,326
206,309,139,327
206,309,226,48
206,309,140,328
206,32,139,327
206,32,226,48
206,32,140,328
206,32,227,49
206,32,141,329
206,310,137,325
206,310,225,47
206,310,138,326
206,310,139,327
206,310,226,48
206,310,140,328
206,33,225,47
206,33,225,49
206,33,225,327
206,33,225,328
206,33,225,50
206,33,138,326
206,33,138,51
206,33,139,327
206,33,226,48
206,33,140,328
206,33,227,49
206,33,141,329
206,311,224,46
206,311,224,48
206,311,224,326
206,311,137,325
206,311,225,47
206,311,138,326
206,311,139,327
206,311,226,48
206,311,140,328
206,34,139,327
206,34,226,48
206,34,140,328
206,34,227,49
206,34,141,329
206,312,137,325
206,312,225,47
206,312,138,326
206,312,139,327
206,312,226,48
206,312,140,328
206,35,226,48
206,35,140,328
206,35,227,49
206,35,141,329
206,313,138,326
206,313,139,327
206,313,226,48
206,313,140,328
206,36,227,49
206,36,141,329
24,213,317,140,331,154
24,213,317,140,53,242
24,213,317,140,332,155
24,213,317,140,54,243
24,213,317,143
24,213,317,230
24,213,317,144
24,213,317,231
24,213,317,145
24,213,317,232
24,213,317,146
24,213,317,233
24,213,317,147
24,213,39,228,53,242
24,213,39,228,332,155
24,213,39,228,54,243
24,213,39,231
24,213,39,145
24,213,39,232
24,213,39,146
24,213,39,233
24,213,39,147
24,213,39,234
24,213,39,235
24,213,40,229,54,243
24,213,40,232
24,213,40,146
24,213,40,233
24,213,40,147
24,213,40,234
24,213,40,235
24,213,318,141,332,155
24,213,318,141,54,243
24,213,318,144
24,213,318,231
24,213,318,145
24,213,318,232
24,213,318,146
24,213,318,233
24,213,318,147
24,213,319,145
24,213,319,232
24,213,319,146
24,213,319,233
24,213,319,147
24,213,41,233
24,213,41,147
24,213,41,234
24,213,41,235
24,213,42,231
24,213,42,234
24,213,42,235
24,213,320,143
24,213,320,146
24,213,320,233
24,213,320,147
24,213,321,144
24,213,321,147
24,213,43,232
24,213,43,235
24,213,44,233
24,213,322,145
24,213,323,146
24,213,45,234
24,213,324,147
24,215,42,231
24,215,42,234
24,215,42,235
24,215,320,143
24,215,320,146
24,215,320,233
24,215,320,147
24,215,321,144
24,215,321,147
24,215,43,232
24,215,43,235
24,215,44,233
24,215,322,145
24,215,323,146
24,215,45,234
24,215,324,147
24,129,44,233
24,129,44,236
24,129,322,145
24,129,323,146
24,129,45,234
24,129,324,147
24,129,47,236
24,216,321,144
24,216,321,147
24,216,43,232
24,216,43,235
24,216,44,233
24,216,322,145
24,216,323,146
24,216,45,234
24,216,324,147
24,130,323,146
24,130,45,234
24,130,324,147
24,130,47,236
24,217,42,231
24,217,42,234
24,217,42,235
24,217,320,143
24,217,320,146
24,217,320,233
24,217,320,147
24,217,321,144
24,217,321,147
24,217,43,232
24,217,43,235
24,217,44,233
24,217,322,145
24,217,323,146
24,217,45,234
24,217,324,147
24,131,44,233
24,131,44,236
24,131,322,145
24,131,323,146
24,131,45,234
24,131,324,147
24,131,47,236
24,218,321,144
24,218,321,147
24,218,43,232
24,218,43,235
24,218,44,233
24,218,322,145
24,218,323,146
24,218,45,234
24,218,324,147
24,132,323,146
24,132,45,234
24,132,324,147
24,132,47,236
24,219,44,233
24,219,322,145
24,219,323,146
24,219,45,234
24,219,324,147
24,133,324,147
24,133,47,236
24,220,323,146
24,220,45,234
24,220,324,147
24,134,47,236
24,221,324,147
302,125,315,138,53,242
302,125,315,138,332,155
302,125,315,138,54,243
302,125,315,138,333,156
302,125,315,230
302,125,315,144
302,125,315,231
302,125,315,145
302,125,315,232
302,125,315,146
302,125,315,233
302,125,315,147
302,125,38,227,54,243
302,125,38,227,333,156
302,125,38,232
302,125,38,146
302,125,38,233
302,125,38,147
302,125,38,234
302,125,38,235
302,125,316,139,54,243
302,125,316,139,333,156
302,125,316,231
302,125,316,145
302,125,316,232
302,125,316,146
302,125,316,233
302,125,316,147
302,125,317,140,333,156
302,125,317,145
302,125,317,232
302,125,317,146
302,125,317,233
302,125,317,147
302,125,39,233
302,125,39,147
302,125,39,234
302,125,39,235
302,125,40,232
302,125,40,146
302,125,40,233
302,125,40,147
302,125,40,234
302,125,40,235
302,125,318,141,332,155
302,125,318,141,54,243
302,125,318,141,333,156
302,125,318,144
302,125,318,231
302,125,318,145
302,125,318,232
302,125,318,146
302,125,318,233
302,125,318,147
302,125,319,142,333,156
302,125,319,145
302,125,319,232
302,125,319,146
302,125,319,233
302,125,319,147
302,125,41,233
302,125,41,147
302,125,41,234
302,125,41,235
302,125,42,234
302,125,42,235
302,125,320,146
302,125,320,233
302,125,320,147
302,125,321,144
302,125,321,147
302,125,43,232
302,125,43,235
302,125,44,233
302,125,322,145
302,125,323,146
302,125,45,234
302,125,46,235
302,127,321,144
302,127,321,147
302,127,43,232
302,127,43,235
302,127,44,233
302,127,322,145
302,127,323,146
302,127,45,234
302,127,46,235
302,128,44,233
302,128,322,145
302,128,323,146
302,128,45,234
302,128,46,235
302,215,42,231
302,215,320,143
302,215,321,144
302,215,43,232
302,215,44,233
302,215,322,145
302,129,44,233
302,129,322,145
302,129,323,146
302,129,45,234
302,129,46,235
302,216,319,142,333,156
302,216,319,142
302,216,319,145
302,216,319,232
302,216,41,230
302,216,41,233
302,216,41,147
302,216,42,231
302,216,320,143
302,216,321,144
302,216,43,232
302,216,44,233
302,216,322,145
302,130,321,144
302,130,321,147
302,130,43,232
302,130,43,235
302,130,44,233
302,130,322,145
302,130,323,146
302,130,45,234
302,130,46,235
302,217,42,231
302,217,320,143
302,217,321,144
302,217,43,232
302,217,44,233
302,217,322,145
302,131,44,233
302,131,322,145
302,131,323,146
302,131,45,234
302,131,46,235
302,218,321,144
302,218,43,232
302,218,44,233
302,218,322,145
302,132,323,146
302,132,45,234
302,132,46,235
302,219,44,233
302,219,322,145
302,133,46,235
120,308,134,322,149,337
120,308,134,322,150,338
120,308,134,322,237,59
120,308,134,322,151,339
120,308,134,48
120,308,134,326
120,308,134,49
120,308,134,327
120,308,134,328
120,308,134,50
120,308,134,329
120,308,134,51
120,308,134,330
120,308,134,52
120,308,221,43,150,338
120,308,221,43,237,59
120,308,221,43,151,339
120,308,221,325
120,308,221,48
120,308,221,326
120,308,221,49
120,308,221,327
120,308,221,328
120,308,221,50
120,308,135,323,150,338
120,308,135,323,237,59
120,308,135,323,151,339
120,308,135,49
120,308,135,327
120,308,135,328
120,308,135,50
120,308,135,329
120,308,135,51
120,308,135,330
120,308,135,52
120,308,222,44,237,59
120,308,222,44,151,339
120,308,222,48
120,308,222,326
120,308,222,49
120,308,222,327
120,308,222,328
120,308,222,50
120,308,136,324,149,337
120,308,136,324,150,338
120,308,136,324,237,59
120,308,136,324,151,339
120,308,136,48
120,308,136,326
120,308,136,49
120,308,136,327
120,308,136,328
120,308,136,50
120,308,136,329
120,308,136,51
120,308,136,330
120,308,136,52
120,308,223,325
120,308,223,48
120,308,223,326
120,308,223,49
120,308,223,327
120,308,223,328
120,308,223,50
120,308,224,48
120,308,224,326
120,308,224,49
120,308,224,327
120,308,224,328
120,308,224,50
120,308,137,50
120,308,137,329
120,308,137,51
120,308,137,330
120,308,137,52
120,308,225,49
120,308,225,327
120,308,225,328
120,308,225,50
120,308,138,326
120,308,138,51
120,308,138,330
120,308,138,52
120,308,139,327
120,308,139,52
120,308,226,48
120,308,140,328
120,308,227,49
120,308,141,329
120,308,228,50
120,311,138,326
120,311,138,51
120,311,138,330
120,311,138,52
120,311,139,327
120,311,139,52
120,311,226,48
120,311,140,328
120,311,227,49
120,311,141,329
120,311,228,50
120,34,227,49
120,34,227,52
120,34,141,329
120,34,228,50
120,34,229,51
120,34,143,331
120,34,230,52
120,312,139,327
120,312,139,52
120,312,226,48
120,312,140,328
120,312,227,49
120,312,141,329
120,312,228,50
120,35,228,50
120,35,229,51
120,35,143,331
120,35,230,52
120,313,138,326
120,313,138,51
120,313,138,330
120,313,138,52
120,313,139,327
120,313,139,52
120,313,226,48
120,313,140,328
120,313,227,49
120,313,141,329
120,313,228,50
120,36,227,49
120,36,227,52
120,36,141,329
120,36,228,50
120,36,229,51
120,36,143,331
120,36,230,52
120,314,227,49
120,314,141,329
120,314,228,50
120,37,229,51
120,37,143,331
120,37,230,52
120,315,228,50
120,38,230,52
207,29,223,45,150,338
207,29,223,45,237,59
207,29,223,45,151,339
207,29,223,325
207,29,223,48
207,29,223,326
207,29,223,49
207,29,223,327
207,29,223,328
207,29,223,50
207,29,223,329
207,29,223,51
207,29,224,46,237,59
207,29,224,46,151,339
207,29,224,48
207,29,224,326
207,29,224,49
207,29,224,327
207,29,224,328
207,29,224,50
207,29,224,329
207,29,224,51
207,29,137,50
207,29,137,329
207,29,137,51
207,29,137,330
207,29,137,52
207,29,225,49
207,29,225,327
207,29,225,328
207,29,225,50
207,29,225,329
207,29,225,51
207,29,138,51
207,29,138,330
207,29,138,52
207,29,139,327
207,29,139,52
207,29,226,48
207,29,226,51
207,29,140,328
207,29,227,49
207,29,141,329
207,29,228,50
207,29,142,330
207,32,139,327
207,32,139,52
207,32,226,48
207,32,226,51
207,32,140,328
207,32,227,49
207,32,141,329
207,32,228,50
207,32,142,330
207,310,137,325
207,310,137,50
207,310,225,47
207,310,225,49
207,310,225,327
207,310,138,326
207,310,139,327
207,310,226,48
207,310,140,328
207,310,227,49
207,310,141,329
207,33,226,48
207,33,226,51
207,33,140,328
207,33,227,49
207,33,141,329
207,33,228,50
207,33,142,330
207,311,138,326
207,311,139,327
207,311,226,48
207,311,140,328
207,311,227,49
207,311,141,329
207,34,139,327
207,34,139,52
207,34,226,48
207,34,226,51
207,34,140,328
207,34,227,49
207,34,141,329
207,34,228,50
207,34,142,330
207,312,137,325
207,312,137,50
207,312,225,47
207,312,225,49
207,312,225,327
207,312,138,326
207,312,139,327
207,312,226,48
207,312,140,328
207,312,227,49
207,312,141,329
207,35,226,48
207,35,226,51
207,35,140,328
207,35,227,49
207,35,141,329
207,35,228,50
207,35,142,330
207,313,138,326
207,313,139,327
207,313,226,48
207,313,140,328
207,313,227,49
207,313,141,329
207,36,227,49
207,36,141,329
207,36,228,50
207,36,142,330
207,314,227,49
207,314,141,329
25,214,40,229,54,243
25,214,40,229,333,156
25,214,40,229,55,244
25,214,40,232
25,214,40,146
25,214,40,233
25,214,40,147
25,214,40,234
25,214,40,235
25,214,40,148
25,214,40,236
25,214,318,141,332,155
25,214,318,141,54,243
25,214,318,141,333,156
25,214,318,141,55,244
25,214,318,144
25,214,318,231
25,214,318,145
25,214,318,232
25,214,318,146
25,214,318,233
25,214,318,147
25,214,318,234
25,214,319,142,333,156
25,214,319,142,55,244
25,214,319,145
25,214,319,232
25,214,319,146
25,214,319,233
25,214,319,147
25,214,319,234
25,214,41,230,55,244
25,214,41,233
25,214,41,147
25,214,41,234
25,214,41,235
25,214,41,148
25,214,41,236
25,214,42,234
25,214,42,235
25,214,42,148
25,214,42,236
25,214,320,146
25,214,320,233
25,214,320,147
25,214,320,234
25,214,321,144
25,214,321,147
25,214,321,234
25,214,43,232
25,214,43,235
25,214,43,148
25,214,43,236
25,214,44,233
25,214,44,236
25,214,322,145
25,214,323,146
25,214,45,234
25,214,46,235
25,214,324,147
25,216,321,144
25,216,321,147
25,216,321,234
25,216,43,232
25,216,43,235
25,216,43,148
25,216,43,236
25,216,44,233
25,216,44,236
25,216,322,145
25,216,323,146
25,216,45,234
25,216,46,235
25,216,324,147
25,130,323,146
25,130,323,148
25,130,45,234
25,130,46,235
25,130,324,147
25,130,325,148
25,217,44,233
25,217,44,236
25,217,322,145
25,217,323,146
25,217,45,234
25,217,46,235
25,217,324,147
25,131,46,235
25,131,324,147
25,131,325,148
25,218,321,144
25,218,321,147
25,218,321,234
25,218,43,232
25,218,43,235
25,218,43,148
25,218,43,236
25,218,44,233
25,218,44,236
25,218,322,145
25,218,323,146
25,218,45,234
25,218,46,235
25,218,324,147
25,132,323,146
25,132,323,148
25,132,45,234
25,132,46,235
25,132,324,147
25,132,325,148
25,219,44,233
25,219,44,236
25,219,322,145
25,219,323,146
25,219,45,234
25,219,46,235
25,219,324,147
25,133,46,235
25,133,324,147
25,133,325,148
25,220,323,146
25,220,45,234
25,220,46,235
25,220,324,147
25,134,325,148
25,221,46,235
25,221,324,147
25,135,325,148
121,309,135,323,150,338
121,309,135,323,237,59
121,309,135,323,151,339
121,309,135,323,238,60
121,309,135,323,152,340
121,309,135,49
121,309,135,327
121,309,135,328
121,309,135,50
121,309,135,329
121,309,135,51
121,309,135,330
121,309,135,52
121,309,135,331
121,309,135,53
121,309,222,44,237,59
121,309,222,44,151,339
121,309,222,44,238,60
121,309,222,44,152,340
121,309,222,48
121,309,222,326
121,309,222,49
121,309,222,327
121,309,222,328
121,309,222,50
121,309,222,329
121,309,222,51
121,309,136,324,238,60
121,309,136,324,152,340
121,309,136,50
121,309,136,329
121,309,136,51
121,309,136,330
121,309,136,52
121,309,136,331
121,309,136,53
121,309,223,45,238,60
121,309,223,45,152,340
121,309,223,49
121,309,223,327
121,309,223,328
121,309,223,50
121,309,223,329
121,309,223,51
121,309,224,48
121,309,224,326
121,309,224,49
121,309,224,327
121,309,224,328
121,309,224,50
121,309,224,329
121,309,224,51
121,309,137,325,238,60
121,309,137,325,152,340
121,309,137,50
121,309,137,329
121,309,137,51
121,309,137,330
121,309,137,52
121,309,137,331
121,309,137,53
121,309,225,49
121,309,225,327
121,309,225,328
121,309,225,50
121,309,225,329
121,309,225,51
121,309,138,51
121,309,138,330
121,309,138,52
121,309,138,331
121,309,138,53
121,309,139,327
121,309,139,52
121,309,139,331
121,309,139,53
121,309,226,48
121,309,226,51
121,309,140,328
121,309,140,331
121,309,140,53
121,309,227,49
121,309,141,329
121,309,228,50
121,309,142,330
121,309,229,51
121,312,139,327
121,312,139,52
121,312,139,331
121,312,139,53
121,312,226,48
121,312,226,51
121,312,140,328
121,312,140,331
121,312,140,53
121,312,227,49
121,312,141,329
121,312,228,50
121,312,142,330
121,312,229,51
121,35,228,50
121,35,228,53
121,35,142,330
121,35,229,51
121,35,230,52
121,35,144,332
121,35,231,53
121,313,227,49
121,313,141,329
121,313,228,50
121,313,142,330
121,313,229,51
121,36,229,51
121,36,230,52
121,36,144,332
121,36,231,53
121,314,227,49
121,314,141,329
121,314,228,50
121,314,142,330
121,314,229,51
121,37,229,51
121,37,230,52
121,37,144,332
121,37,231,53
121,315,228,50
121,315,142,330
121,315,229,51
121,38,230,52
121,38,144,332
121,38,231,53
121,316,229,51
121,39,231,53
208,30,224,46,237,59
208,30,224,46,151,339
208,30,224,46,238,60
208,30,224,46,152,340
208,30,224,48
208,30,224,326
208,30,224,49
208,30,224,327
208,30,224,328
208,30,224,50
208,30,224,329
208,30,224,51
208,30,224,330
208,30,224,52
208,30,137,325,238,60
208,30,137,325,152,340
208,30,137,50
208,30,137,329
208,30,137,51
208,30,137,330
208,30,137,52
208,30,137,331
208,30,137,53
208,30,225,47,238,60
208,30,225,47,152,340
208,30,225,49
208,30,225,327
208,30,225,328
208,30,225,50
208,30,225,329
208,30,225,51
208,30,225,330
208,30,225,52
208,30,138,51
208,30,138,330
208,30,138,52
208,30,138,331
208,30,138,53
208,30,139,52
208,30,139,331
208,30,139,53
208,30,226,48
208,30,226,51
208,30,226,330
208,30,226,52
208,30,140,328
208,30,140,331
208,30,140,53
208,30,227,49
208,30,227,52
208,30,141,329
208,30,228,50
208,30,142,330
208,30,229,51
208,30,143,331
208,33,226,48
208,33,226,51
208,33,226,330
208,33,226,52
208,33,140,328
208,33,140,331
208,33,140,53
208,33,227,49
208,33,227,52
208,33,141,329
208,33,228,50
208,33,142,330
208,33,229,51
208,33,143,331
208,311,138,326
208,311,138,51
208,311,139,327
208,311,226,48
208,311,140,328
208,311,227,49
208,311,141,329
208,311,228,50
208,311,142,330
208,34,227,49
208,34,227,52
208,34,141,329
208,34,228,50
208,34,142,330
208,34,229,51
208,34,143,331
208,312,139,327
208,312,226,48
208,312,140,328
208,312,227,49
208,312,141,329
208,312,228,50
208,312,142,330
208,35,226,48
208,35,226,51
208,35,226,330
208,35,226,52
208,35,140,328
208,35,140,331
208,35,140,53
208,35,227,49
208,35,227,52
208,35,141,329
208,35,228,50
208,35,142,330
208,35,229,51
208,35,143,331
208,313,138,326
208,313,138,51
208,313,139,327
208,313,226,48
208,313,140,328
208,313,227,49
208,313,141,329
208,313,228,50
208,313,142,330
208,36,227,49
208,36,227,52
208,36,141,329
208,36,228,50
208,36,142,330
208,36,229,51
208,36,143,331
208,314,227,49
208,314,141,329
208,314,228,50
208,314,142,330
208,37,229,51
208,37,143,331
208,315,228,50
208,315,142,330
303,126,40,229,56,245
303,126,40,229,335,158
303,126,40,234
303,126,40,235
303,126,40,148
303,126,40,236
303,126,40,149
303,126,318,141,334,157
303,126,318,141,56,245
303,126,318,141,335,158
303,126,318,146
303,126,318,233
303,126,318,147
303,126,318,234
303,126,318,235
303,126,318,148
303,126,319,142,335,158
303,126,319,147
303,126,319,234
303,126,319,235
303,126,319,148
303,126,41,235
303,126,41,148
303,126,41,236
303,126,41,149
303,126,42,234
303,126,42,235
303,126,42,148
303,126,42,236
303,126,42,149
303,126,320,143,334,157
303,126,320,143,56,245
303,126,320,143,335,158
303,126,320,146
303,126,320,233
303,126,320,147
303,126,320,234
303,126,320,235
303,126,320,148
303,126,321,144,335,158
303,126,321,147
303,126,321,234
303,126,321,235
303,126,321,148
303,126,43,235
303,126,43,148
303,126,43,236
303,126,43,149
303,126,44,236
303,126,44,149
303,126,322,235
303,126,322,148
303,126,323,146
303,126,323,148
303,126,45,234
303,126,46,235
303,126,324,147
303,126,47,236
303,216,321,144,335,158
303,216,321,144
303,216,321,147
303,216,321,234
303,216,43,232
303,216,43,235
303,216,43,148
303,216,44,233
303,216,322,145
303,216,323,146
303,216,45,234
303,216,46,235
303,216,324,147
303,130,323,146
303,130,323,148
303,130,45,234
303,130,46,235
303,130,324,147
303,130,47,236
303,217,44,233
303,217,322,145
303,217,323,146
303,217,45,234
303,217,46,235
303,217,324,147
303,131,46,235
303,131,324,147
303,131,47,236
303,218,321,144,335,158
303,218,321,144
303,218,321,147
303,218,321,234
303,218,43,232
303,218,43,235
303,218,43,148
303,218,44,233
303,218,322,145
303,218,323,146
303,218,45,234
303,218,46,235
303,218,324,147
303,132,323,146
303,132,323,148
303,132,45,234
303,132,46,235
303,132,324,147
303,132,47,236
303,219,44,233
303,219,322,145
303,219,323,146
303,219,45,234
303,219,46,235
303,219,324,147
303,133,46,235
303,133,324,147
303,133,47,236
303,220,323,146
303,220,45,234
303,220,46,235
303,220,324,147
303,134,47,236
303,221,46,235
303,221,324,147
122,310,136,324,238,60
122,310,136,324,152,340
122,310,136,324,239,61
122,310,136,324,153,341
122,310,136,50
122,310,136,329
122,310,136,51
122,310,136,330
122,310,136,52
122,310,136,331
122,310,136,53
122,310,136,332
122,310,136,54
122,310,223,45,238,60
122,310,223,45,152,340
122,310,223,45,239,61
122,310,223,45,153,341
122,310,223,49
122,310,223,327
122,310,223,328
122,310,223,50
122,310,223,329
122,310,223,51
122,310,223,330
122,310,223,52
122,310,224,46,239,61
122,310,224,46,153,341
122,310,224,50
122,310,224,329
122,310,224,51
122,310,224,330
122,310,224,52
122,310,137,325,238,60
122,310,137,325,152,340
122,310,137,325,239,61
122,310,137,325,153,341
122,310,137,50
122,310,137,329
122,310,137,51
122,310,137,330
122,310,137,52
122,310,137,331
122,310,137,53
122,310,137,332
122,310,137,54
122,310,225,49
122,310,225,327
122,310,225,328
122,310,225,50
122,310,225,329
122,310,225,51
122,310,225,330
122,310,225,52
122,310,138,326,239,61
122,310,138,326,153,341
122,310,138,51
122,310,138,330
122,310,138,52
122,310,138,331
122,310,138,53
122,310,138,332
122,310,138,54
122,310,139,52
122,310,139,331
122,310,139,53
122,310,139,332
122,310,139,54
122,310,226,51
122,310,226,330
122,310,226,52
122,310,140,331
122,310,140,53
122,310,140,332
122,310,140,54
122,310,227,49
122,310,227,52
122,310,141,329
122,310,141,332
122,310,141,54
122,310,228,50
122,310,142,330
122,310,229,51
122,310,143,331
122,310,230,52
122,313,227,49
122,313,227,52
122,313,141,329
122,313,141,332
122,313,141,54
122,313,228,50
122,313,142,330
122,313,229,51
122,313,143,331
122,313,230,52
122,36,229,51
122,36,229,54
122,36,143,331
122,36,230,52
122,36,231,53
122,36,145,333
122,36,232,54
122,314,227,49
122,314,227,52
122,314,141,329
122,314,141,332
122,314,141,54
122,314,228,50
122,314,142,330
122,314,229,51
122,314,143,331
122,314,230,52
122,37,229,51
122,37,229,54
122,37,143,331
122,37,230,52
122,37,231,53
122,37,145,333
122,37,232,54
122,315,228,50
122,315,142,330
122,315,229,51
122,315,143,331
122,315,230,52
122,38,230,52
122,38,231,53
122,38,145,333
122,38,232,54
122,316,229,51
122,316,143,331
122,316,230,52
122,317,143,331
122,317,230,52
122,39,231,53
122,39,145,333
122,39,232,54
122,40,232,54
209,31,225,47,238,60
209,31,225,47,152,340
209,31,225,47,239,61
209,31,225,47,153,341
209,31,225,49
209,31,225,327
209,31,225,328
209,31,225,50
209,31,225,329
209,31,225,51
209,31,225,330
209,31,225,52
209,31,225,331
209,31,225,53
209,31,138,326,239,61
209,31,138,326,153,341
209,31,138,51
209,31,138,330
209,31,138,52
209,31,138,331
209,31,138,53
209,31,138,332
209,31,138,54
209,31,139,52
209,31,139,331
209,31,139,53
209,31,139,332
209,31,139,54
209,31,226,51
209,31,226,330
209,31,226,52
209,31,226,331
209,31,226,53
209,31,140,331
209,31,140,53
209,31,140,332
209,31,140,54
209,31,227,49
209,31,227,52
209,31,227,331
209,31,227,53
209,31,141,329
209,31,141,332
209,31,141,54
209,31,228,50
209,31,228,53
209,31,142,330
209,31,229,51
209,31,143,331
209,31,230,52
209,31,144,332
209,34,227,49
209,34,227,52
209,34,227,331
209,34,227,53
209,34,141,329
209,34,141,332
209,34,141,54
209,34,228,50
209,34,228,53
209,34,142,330
209,34,229,51
209,34,143,331
209,34,230,52
209,34,144,332
209,312,139,327
209,312,139,52
209,312,226,48
209,312,226,51
209,312,140,328
209,312,140,331
209,312,227,49
209,312,141,329
209,312,228,50
209,312,142,330
209,312,229,51
209,312,143,331
209,35,228,50
209,35,228,53
209,35,142,330
209,35,229,51
209,35,143,331
209,35,230,52
209,35,144,332
209,313,227,49
209,313,141,329
209,313,228,50
209,313,142,330
209,313,229,51
209,313,143,331
209,36,227,49
209,36,227,52
209,36,227,331
209,36,227,53
209,36,141,329
209,36,141,332
209,36,141,54
209,36,228,50
209,36,228,53
209,36,142,330
209,36,229,51
209,36,143,331
209,36,230,52
209,36,144,332
209,314,227,49
209,314,141,329
209,314,228,50
209,314,142,330
209,314,229,51
209,314,143,331
209,37,229,51
209,37,143,331
209,37,230,52
209,37,144,332
209,315,228,50
209,315,142,330
209,315,229,51
209,315,143,331
209,38,230,52
209,38,144,332
209,316,229,51
209,316,143,331
209,317,143,331
26,215,42,231,56,245
26,215,42,231,335,158
26,215,42,231,57,246
26,215,42,234
26,215,42,235
26,215,42,148
26,215,42,236
26,215,42,149
26,215,42,150
26,215,42,237
26,215,320,143,334,157
26,215,320,143,56,245
26,215,320,143,335,158
26,215,320,143,57,246
26,215,320,146
26,215,320,233
26,215,320,147
26,215,320,234
26,215,320,235
26,215,320,148
26,215,320,236
26,215,320,149
26,215,321,144,335,158
26,215,321,144,57,246
26,215,321,147
26,215,321,234
26,215,321,235
26,215,321,148
26,215,321,236
26,215,321,149
26,215,43,232,57,246
26,215,43,235
26,215,43,148
26,215,43,236
26,215,43,149
26,215,43,150
26,215,43,237
26,215,44,236
26,215,44,149
26,215,44,150
26,215,44,237
26,215,322,235
26,215,322,148
26,215,322,236
26,215,322,149
26,215,323,146
26,215,323,148
26,215,323,236
26,215,323,149
26,215,45,234
26,215,45,150
26,215,45,237
26,215,46,235
26,215,46,237
26,215,324,147
26,215,324,149
26,215,47,236
26,215,325,148
26,215,326,149
26,218,323,146
26,218,323,148
26,218,323,236
26,218,323,149
26,218,45,234
26,218,45,150
26,218,45,237
26,218,46,235
26,218,46,237
26,218,324,147
26,218,324,149
26,218,47,236
26,218,325,148
26,218,326,149
26,132,47,236
26,132,47,238
26,132,325,148
26,132,326,149
26,132,49,238
26,132,327,150
26,219,46,235
26,219,46,237
26,219,324,147
26,219,324,149
26,219,47,236
26,219,325,148
26,219,326,149
26,133,325,148
26,133,326,149
26,133,49,238
26,133,327,150
26,220,323,146
26,220,323,148
26,220,323,236
26,220,323,149
26,220,45,234
26,220,45,150
26,220,45,237
26,220,46,235
26,220,46,237
26,220,324,147
26,220,324,149
26,220,47,236
26,220,325,148
26,220,326,149
26,134,47,236
26,134,47,238
26,134,325,148
26,134,326,149
26,134,49,238
26,134,327,150
26,221,46,235
26,221,46,237
26,221,324,147
26,221,324,149
26,221,47,236
26,221,325,148
26,221,326,149
26,135,325,148
26,135,326,149
26,135,49,238
26,135,327,150
26,222,47,236
26,222,325,148
26,222,326,149
26,136,326,149
26,136,49,238
26,136,327,150
26,223,325,148
26,223,326,149
26,224,326,149
304,127,319,142,335,158
304,127,319,142,57,246
304,127,319,147
304,127,319,234
304,127,319,235
304,127,319,148
304,127,319,236
304,127,319,149
304,127,41,230,57,246
304,127,41,235
304,127,41,148
304,127,41,236
304,127,41,149
304,127,41,150
304,127,41,237
304,127,42,236
304,127,42,149
304,127,42,150
304,127,42,237
304,127,320,235
304,127,320,148
304,127,320,236
304,127,320,149
304,127,321,144,335,158
304,127,321,144,57,246
304,127,321,147
304,127,321,234
304,127,321,235
304,127,321,148
304,127,321,236
304,127,321,149
304,127,43,235
304,127,43,148
304,127,43,236
304,127,43,149
304,127,43,150
304,127,43,237
304,127,44,236
304,127,44,149
304,127,44,150
304,127,44,237
304,127,322,235
304,127,322,148
304,127,322,236
304,127,322,149
304,127,323,148
304,127,323,236
304,127,323,149
304,127,45,150
304,127,45,237
304,127,46,235
304,127,46,237
304,127,324,147
304,127,324,149
304,127,47,236
304,127,325,148
304,127,48,237
304,217,44,233
304,217,44,236
304,217,44,149
304,217,322,145
304,217,322,235
304,217,323,146
304,217,45,234
304,217,46,235
304,217,324,147
304,217,47,236
304,131,46,235
304,131,46,237
304,131,324,147
304,131,324,149
304,131,47,236
304,131,325,148
304,131,48,237
304,218,323,146
304,218,45,234
304,218,46,235
304,218,324,147
304,218,47,236
304,132,47,236
304,132,325,148
304,132,48,237
304,219,44,233
304,219,44,236
304,219,44,149
304,219,322,145
304,219,322,235
304,219,323,146
304,219,45,234
304,219,46,235
304,219,324,147
304,219,47,236
304,133,46,235
304,133,46,237
304,133,324,147
304,133,324,149
304,133,47,236
304,133,325,148
304,133,48,237
304,220,323,146
304,220,45,234
304,220,46,235
304,220,324,147
304,220,47,236
304,134,47,236
304,134,325,148
304,134,48,237
304,221,46,235
304,221,324,147
304,221,47,236
304,135,325,148
304,135,48,237
304,222,47,236
304,136,48,237
123,311,224,46,239,61
123,311,224,46,153,341
123,311,224,46,240,62
123,311,224,46,154,342
123,311,224,50
123,311,224,329
123,311,224,51
123,311,224,330
123,311,224,52
123,311,224,331
123,311,224,53
123,311,137,325,240,62
123,311,137,325,154,342
123,311,137,52
123,311,137,331
123,311,137,53
123,311,137,332
123,311,137,54
123,311,137,333
123,311,137,55
123,311,225,47,240,62
123,311,225,47,154,342
123,311,225,51
123,311,225,330
123,311,225,52
123,311,225,331
123,311,225,53
123,311,138,326,239,61
123,311,138,326,153,341
123,311,138,326,240,62
123,311,138,326,154,342
123,311,138,51
123,311,138,330
123,311,138,52
123,311,138,331
123,311,138,53
123,311,138,332
123,311,138,54
123,311,138,333
123,311,138,55
123,311,139,327,240,62
123,311,139,327,154,342
123,311,139,52
123,311,139,331
123,311,139,53
123,311,139,332
123,311,139,54
123,311,139,333
123,311,139,55
123,311,226,51
123,311,226,330
123,311,226,52
123,311,226,331
123,311,226,53
123,311,140,328,154,342
123,311,140,331
123,311,140,53
123,311,140,332
123,311,140,54
123,311,140,333
123,311,140,55
123,311,227,52
123,311,227,331
123,311,227,53
123,311,141,332
123,311,141,54
123,311,141,333
123,311,141,55
123,311,228,50
123,311,228,53
123,311,142,330
123,311,142,333
123,311,142,55
123,311,229,51
123,311,143,331
123,311,230,52
123,311,144,332
123,311,231,53
123,314,229,51
123,314,143,331
123,314,230,52
123,314,144,332
123,314,231,53
123,37,231,53
123,37,232,54
123,37,146,334
123,37,233,55
123,315,228,50
123,315,228,53
123,315,142,330
123,315,142,333
123,315,142,55
123,315,229,51
123,315,143,331
123,315,230,52
123,315,144,332
123,315,231,53
123,38,230,52
123,38,230,55
123,38,144,332
123,38,231,53
123,38,232,54
123,38,146,334
123,38,233,55
123,316,229,51
123,316,143,331
123,316,230,52
123,316,144,332
123,316,231,53
123,317,143,331
123,317,230,52
123,317,144,332
123,317,231,53
123,39,231,53
123,39,232,54
123,39,146,334
123,39,233,55
123,40,232,54
123,40,146,334
123,40,233,55
123,318,144,332
123,318,231,53
123,41,233,55
210,32,139,327,240,62
210,32,139,327,154,342
210,32,139,52
210,32,139,331
210,32,139,53
210,32,139,332
210,32,139,54
210,32,139,333
210,32,139,55
210,32,226,48,240,62
210,32,226,48,154,342
210,32,226,51
210,32,226,330
210,32,226,52
210,32,226,331
210,32,226,53
210,32,226,332
210,32,226,54
210,32,140,328,154,342
210,32,140,331
210,32,140,53
210,32,140,332
210,32,140,54
210,32,140,333
210,32,140,55
210,32,227,52
210,32,227,331
210,32,227,53
210,32,227,332
210,32,227,54
210,32,141,332
210,32,141,54
210,32,141,333
210,32,141,55
210,32,228,50
210,32,228,53
210,32,228,332
210,32,228,54
210,32,142,330
210,32,142,333
210,32,142,55
210,32,229,51
210,32,229,54
210,32,143,331
210,32,230,52
210,32,144,332
210,32,231,53
210,32,145,333
210,35,228,50
210,35,228,53
210,35,228,332
210,35,228,54
210,35,142,330
210,35,142,333
210,35,142,55
210,35,229,51
210,35,229,54
210,35,143,331
210,35,230,52
210,35,144,332
210,35,231,53
210,35,145,333
210,313,227,49
210,313,227,52
210,313,141,329
210,313,141,332
210,313,228,50
210,313,142,330
210,313,229,51
210,313,143,331
210,313,230,52
210,313,144,332
210,36,229,51
210,36,229,54
210,36,143,331
210,36,230,52
210,36,144,332
210,36,231,53
210,36,145,333
210,314,227,49
210,314,227,52
210,314,141,329
210,314,141,332
210,314,228,50
210,314,142,330
210,314,229,51
210,314,143,331
210,314,230,52
210,314,144,332
210,37,229,51
210,37,229,54
210,37,143,331
210,37,230,52
210,37,144,332
210,37,231,53
210,37,145,333
210,315,228,50
210,315,142,330
210,315,229,51
210,315,143,331
210,315,230,52
210,315,144,332
210,38,230,52
210,38,144,332
210,38,231,53
210,38,145,333
210,316,229,51
210,316,143,331
210,316,230,52
210,316,144,332
210,317,143,331
210,317,230,52
210,317,144,332
210,39,231,53
210,39,145,333
210,318,144,332
27,216,321,144,335,158
27,216,321,144,57,246
27,216,321,144,58,247
27,216,321,147
27,216,321,234
27,216,321,235
27,216,321,148
27,216,321,236
27,216,321,149
27,216,321,150
27,216,43,232,57,246
27,216,43,232,58,247
27,216,43,235
27,216,43,148
27,216,43,236
27,216,43,149
27,216,43,150
27,216,43,237
27,216,43,151
27,216,43,238
27,216,44,233,58,247
27,216,44,236
27,216,44,149
27,216,44,150
27,216,44,237
27,216,44,151
27,216,44,238
27,216,322,145,58,247
27,216,322,235
27,216,322,148
27,216,322,236
27,216,322,149
27,216,322,150
27,216,323,148
27,216,323,236
27,216,323,149
27,216,323,150
27,216,45,150
27,216,45,237
27,216,45,151
27,216,45,238
27,216,46,235
27,216,46,237
27,216,46,151
27,216,46,238
27,216,324,147
27,216,324,149
27,216,324,150
27,216,47,236
27,216,47,238
27,216,325,148
27,216,48,237
27,216,326,149
27,216,327,150
27,219,46,235
27,219,46,237
27,219,46,151
27,219,46,238
27,219,324,147
27,219,324,149
27,219,324,150
27,219,47,236
27,219,47,238
27,219,325,148
27,219,48,237
27,219,326,149
27,219,327,150
27,133,325,148
27,133,48,237
27,133,326,149
27,133,327,150
27,133,328,151
27,133,50,239
27,220,47,236
27,220,47,238
27,220,325,148
27,220,48,237
27,220,326,149
27,220,327,150
27,134,48,237
27,134,326,149
27,134,327,150
27,134,328,151
27,134,50,239
27,221,46,235
27,221,46,237
27,221,46,151
27,221,46,238
27,221,324,147
27,221,324,149
27,221,324,150
27,221,47,236
27,221,47,238
27,221,325,148
27,221,48,237
27,221,326,149
27,221,327,150
27,135,325,148
27,135,48,237
27,135,326,149
27,135,327,150
27,135,328,151
27,135,50,239
27,222,47,236
27,222,47,238
27,222,325,148
27,222,48,237
27,222,326,149
27,222,327,150
27,136,48,237
27,136,326,149
27,136,327,150
27,136,328,151
27,136,50,239
27,223,325,148
27,223,48,237
27,223,326,149
27,223,327,150
27,224,48,237
27,224,326,149
27,224,327,150
27,137,50,239
27,225,327,150
305,128,42,231,58,247
305,128,42,231,336,159
305,128,42,236
305,128,42,149
305,128,42,150
305,128,42,237
305,128,42,151
305,128,42,238
305,128,320,143,58,247
305,128,320,143,336,159
305,128,320,235
305,128,320,148
305,128,320,236
305,128,320,149
305,128,320,150
305,128,321,144,336,159
305,128,321,148
305,128,321,236
305,128,321,149
305,128,321,150
305,128,43,150
305,128,43,237
305,128,43,151
305,128,43,238
305,128,44,236
305,128,44,149
305,128,44,150
305,128,44,237
305,128,44,151
305,128,44,238
305,128,322,145,58,247
305,128,322,145,336,159
305,128,322,235
305,128,322,148
305,128,322,236
305,128,322,149
305,128,322,150
305,128,323,146,336,159
305,128,323,148
305,128,323,236
305,128,323,149
305,128,323,150
305,128,45,150
305,128,45,237
305,128,45,151
305,128,45,238
305,128,46,237
305,128,46,151
305,128,46,238
305,128,324,149
305,128,324,150
305,128,47,236
305,128,47,238
305,128,325,148
305,128,48,237
305,128,326,149
305,128,49,238
305,218,323,146,336,159
305,218,323,146
305,218,323,148
305,218,323,236
305,218,45,234
305,218,45,150
305,218,46,235
305,218,324,147
305,218,47,236
305,218,325,148
305,132,47,236
305,132,47,238
305,132,325,148
305,132,48,237
305,132,326,149
305,132,49,238
305,219,46,235
305,219,324,147
305,219,47,236
305,219,325,148
305,133,325,148
305,133,48,237
305,133,326,149
305,133,49,238
305,220,323,146,336,159
305,220,323,146
305,220,323,148
305,220,323,236
305,220,45,234
305,220,45,150
305,220,46,235
305,220,324,147
305,220,47,236
305,220,325,148
305,134,47,236
305,134,47,238
305,134,325,148
305,134,48,237
305,134,326,149
305,134,49,238
305,221,46,235
305,221,324,147
305,221,47,236
305,221,325,148
305,135,325,148
305,135,48,237
305,135,326,149
305,135,49,238
305,222,47,236
305,222,325,148
305,136,48,237
305,136,326,149
305,136,49,238
305,223,325,148
124,312,137,325,240,62
124,312,137,325,154,342
124,312,137,325,241,63
124,312,137,325,155,343
124,312,137,52
124,312,137,331
124,312,137,53
124,312,137,332
124,312,137,54
124,312,137,333
124,312,137,55
124,312,137,334
124,312,137,56
124,312,225,47,240,62
124,312,225,47,154,342
124,312,225,47,241,63
124,312,225,47,155,343
124,312,225,51
124,312,225,330
124,312,225,52
124,312,225,331
124,312,225,53
124,312,225,332
124,312,225,54
124,312,138,326,241,63
124,312,138,326,155,343
124,312,138,53
124,312,138,332
124,312,138,54
124,312,138,333
124,312,138,55
124,312,138,334
124,312,138,56
124,312,139,327,240,62
124,312,139,327,154,342
124,312,139,327,241,63
124,312,139,327,155,343
124,312,139,52
124,312,139,331
124,312,139,53
124,312,139,332
124,312,139,54
124,312,139,333
124,312,139,55
124,312,139,334
124,312,139,56
124,312,226,51
124,312,226,330
124,312,226,52
124,312,226,331
124,312,226,53
124,312,226,332
124,312,226,54
124,312,140,328,154,342
124,312,140,328,241,63
124,312,140,328,155,343
124,312,140,331
124,312,140,53
124,312,140,332
124,312,140,54
124,312,140,333
124,312,140,55
124,312,140,334
124,312,140,56
124,312,227,52
124,312,227,331
124,312,227,53
124,312,227,332
124,312,227,54
124,312,141,329,155,343
124,312,141,332
124,312,141,54
124,312,141,333
124,312,141,55
124,312,141,334
124,312,141,56
124,312,228,53
124,312,228,332
124,312,228,54
124,312,142,333
124,312,142,55
124,312,142,334
124,312,142,56
124,312,229,51
124,312,229,54
124,312,143,331
124,312,143,334
124,312,143,56
124,312,230,52
124,312,144,332
124,312,231,53
124,312,145,333
124,312,232,54
124,314,229,51
124,314,229,54
124,314,143,331
124,314,143,334
124,314,143,56
124,314,230,52
124,314,144,332
124,314,231,53
124,314,145,333
124,314,232,54
124,37,231,53
124,37,231,56
124,37,145,333
124,37,232,54
124,37,233,55
124,37,147,335
124,37,234,56
124,315,230,52
124,315,144,332
124,315,231,53
124,315,145,333
124,315,232,54
124,38,232,54
124,38,233,55
124,38,147,335
124,38,234,56
124,316,229,51
124,316,229,54
124,316,143,331
124,316,143,334
124,316,143,56
124,316,230,52
124,316,144,332
124,316,231,53
124,316,145,333
124,316,232,54
124,317,143,331
124,317,143,334
124,317,143,56
124,317,230,52
124,317,144,332
124,317,231,53
124,317,145,333
124,317,232,54
124,39,231,53
124,39,231,56
124,39,145,333
124,39,232,54
124,39,233,55
124,39,147,335
124,39,234,56
124,40,232,54
124,40,233,55
124,40,147,335
124,40,234,56
124,318,144,332
124,318,231,53
124,318,145,333
124,318,232,54
124,319,145,333
124,319,232,54
124,41,233,55
124,41,147,335
124,41,234,56
124,42,234,56
211,33,226,48,240,62
211,33,226,48,154,342
211,33,226,48,241,63
211,33,226,48,155,343
211,33,226,51
211,33,226,330
211,33,226,52
211,33,226,331
211,33,226,53
211,33,226,332
211,33,226,54
211,33,226,333
211,33,226,55
211,33,140,328,154,342
211,33,140,328,241,63
211,33,140,328,155,343
211,33,140,331
211,33,140,53
211,33,140,332
211,33,140,54
211,33,140,333
211,33,140,55
211,33,140,334
211,33,140,56
211,33,227,49,241,63
211,33,227,49,155,343
211,33,227,52
211,33,227,331
211,33,227,53
211,33,227,332
211,33,227,54
211,33,227,333
211,33,227,55
211,33,141,329,155,343
211,33,141,332
211,33,141,54
211,33,141,333
211,33,141,55
211,33,141,334
211,33,141,56
211,33,228,53
211,33,228,332
211,33,228,54
211,33,228,333
211,33,228,55
211,33,142,333
211,33,142,55
211,33,142,334
211,33,142,56
211,33,229,51
211,33,229,54
211,33,229,333
211,33,229,55
211,33,143,331
211,33,143,334
211,33,143,56
211,33,230,52
211,33,230,55
211,33,144,332
211,33,231,53
211,33,145,333
211,33,232,54
211,33,146,334
211,36,229,51
211,36,229,54
211,36,229,333
211,36,229,55
211,36,143,331
211,36,143,334
211,36,143,56
211,36,230,52
211,36,230,55
211,36,144,332
211,36,231,53
211,36,145,333
211,36,232,54
211,36,146,334
211,314,229,51
211,314,143,331
211,314,230,52
211,314,144,332
211,314,231,53
211,314,145,333
211,37,229,51
211,37,229,54
211,37,229,333
211,37,229,55
211,37,143,331
211,37,143,334
211,37,143,56
211,37,230,52
211,37,230,55
211,37,144,332
211,37,231,53
211,37,145,333
211,37,232,54
211,37,146,334
211,315,228,50
211,315,228,53
211,315,142,330
211,315,142,333
211,315,229,51
211,315,143,331
211,315,230,52
211,315,144,332
211,315,231,53
211,315,145,333
211,38,230,52
211,38,230,55
211,38,144,332
211,38,231,53
211,38,145,333
211,38,232,54
211,38,146,334
211,316,229,51
211,316,143,331
211,316,230,52
211,316,144,332
211,316,231,53
211,316,145,333
211,317,143,331
211,317,230,52
211,317,144,332
211,317,231,53
211,317,145,333
211,39,231,53
211,39,145,333
211,39,232,54
211,39,146,334
211,40,232,54
211,40,146,334
211,318,144,332
211,318,231,53
211,318,145,333
211,319,145,333
28,217,44,233,58,247
28,217,44,233,336,159
28,217,44,236
28,217,44,149
28,217,44,150
28,217,44,237
28,217,44,151
28,217,44,238
28,217,44,152
28,217,44,239
28,217,322,145,58,247
28,217,322,145,336,159
28,217,322,235
28,217,322,148
28,217,322,236
28,217,322,149
28,217,322,150
28,217,322,237
28,217,322,151
28,217,323,146,336,159
28,217,323,148
28,217,323,236
28,217,323,149
28,217,323,150
28,217,323,237
28,217,323,151
28,217,45,150
28,217,45,237
28,217,45,151
28,217,45,238
28,217,45,152
28,217,45,239
28,217,46,237
28,217,46,151
28,217,46,238
28,217,46,152
28,217,46,239
28,217,324,149
28,217,324,150
28,217,324,237
28,217,324,151
28,217,47,236
28,217,47,238
28,217,47,152
28,217,47,239
28,217,325,148
28,217,48,237
28,217,326,149
28,217,49,238
28,217,327,150
28,217,328,151
28,220,47,236
28,220,47,238
28,220,47,152
28,220,47,239
28,220,325,148
28,220,48,237
28,220,326,149
28,220,49,238
28,220,327,150
28,220,328,151
28,134,48,237
28,134,48,240
28,134,326,149
28,134,49,238
28,134,327,150
28,134,328,151
28,134,329,152
28,134,51,240
28,221,325,148
28,221,48,237
28,221,326,149
28,221,49,238
28,221,327,150
28,221,328,151
28,135,49,238
28,135,327,150
28,135,328,151
28,135,329,152
28,135,51,240
28,222,47,236
28,222,47,238
28,222,47,152
28,222,47,239
28,222,325,148
28,222,48,237
28,222,326,149
28,222,49,238
28,222,327,150
28,222,328,151
28,136,48,237
28,136,48,240
28,136,326,149
28,136,49,238
28,136,327,150
28,136,328,151
28,136,329,152
28,136,51,240
28,223,325,148
28,223,48,237
28,223,326,149
28,223,49,238
28,223,327,150
28,223,328,151
28,224,48,237
28,224,326,149
28,224,49,238
28,224,327,150
28,224,328,151
28,137,329,152
28,137,51,240
28,225,49,238
28,225,327,150
28,225,328,151
28,138,51,240
306,129,42,231,58,247
306,129,42,231,336,159
306,129,42,236
306,129,42,149
306,129,42,150
306,129,42,237
306,129,42,151
306,129,42,238
306,129,42,152
306,129,42,239
306,129,320,143,58,247
306,129,320,143,336,159
306,129,320,235
306,129,320,148
306,129,320,236
306,129,320,149
306,129,320,150
306,129,320,237
306,129,320,151
306,129,321,144,336,159
306,129,321,148
306,129,321,236
306,129,321,149
306,129,321,150
306,129,321,237
306,129,321,151
306,129,43,150
306,129,43,237
306,129,43,151
306,129,43,238
306,129,43,152
306,129,43,239
306,129,44,236
306,129,44,149
306,129,44,150
306,129,44,237
306,129,44,151
306,129,44,238
306,129,44,152
306,129,44,239
306,129,322,145,58,247
306,129,322,145,336,159
306,129,322,235
306,129,322,148
306,129,322,236
306,129,322,149
306,129,322,150
306,129,322,237
306,129,322,151
306,129,323,146,336,159
306,129,323,148
306,129,323,236
306,129,323,149
306,129,323,150
306,129,323,237
306,129,323,151
306,129,45,150
306,129,45,237
306,129,45,151
306,129,45,238
306,129,45,152
306,129,45,239
306,129,46,237
306,129,46,151
306,129,46,238
306,129,46,152
306,129,46,239
306,129,324,149
306,129,324,150
306,129,324,237
306,129,324,151
306,129,47,236
306,129,47,238
306,129,47,152
306,129,47,239
306,129,325,148
306,129,48,237
306,129,326,149
306,129,49,238
306,129,327,150
306,129,50,239
306,132,47,236
306,132,47,238
306,132,47,152
306,132,47,239
306,132,325,148
306,132,48,237
306,132,326,149
306,132,49,238
306,132,327,150
306,132,50,239
306,219,46,235
306,219,46,237
306,219,46,151
306,219,324,147
306,219,324,149
306,219,47,236
306,219,325,148
306,219,48,237
306,219,326,149
306,133,325,148
306,133,48,237
306,133,326,149
306,133,49,238
306,133,327,150
306,133,50,239
306,220,47,236
306,220,325,148
306,220,48,237
306,220,326,149
306,134,47,236
306,134,47,238
306,134,47,152
306,134,47,239
306,134,325,148
306,134,48,237
306,134,326,149
306,134,49,238
306,134,327,150
306,134,50,239
306,221,46,235
306,221,46,237
306,221,46,151
306,221,324,147
306,221,324,149
306,221,47,236
306,221,325,148
306,221,48,237
306,221,326,149
306,135,325,148
306,135,48,237
306,135,326,149
306,135,49,238
306,135,327,150
306,135,50,239
306,222,47,236
306,222,325,148
306,222,48,237
306,222,326,149
306,136,48,237
306,136,326,149
306,136,49,238
306,136,327,150
306,136,50,239
306,223,325,148
306,223,48,237
306,223,326,149
306,224,48,237
306,224,326,149
306,137,50,239
125,313,138,326,241,63
125,313,138,326,155,343
125,313,138,326,242,64
125,313,138,326,156,344
125,313,138,53
125,313,138,332
125,313,138,54
125,313,138,333
125,313,138,55
125,313,138,334
125,313,138,56
125,313,138,335
125,313,138,57
125,313,139,327,242,64
125,313,139,327,156,344
125,313,139,54
125,313,139,333
125,313,139,55
125,313,139,334
125,313,139,56
125,313,139,335
125,313,139,57
125,313,226,48,242,64
125,313,226,48,156,344
125,313,226,53
125,313,226,332
125,313,226,54
125,313,226,333
125,313,226,55
125,313,140,328,156,344
125,313,140,333
125,313,140,55
125,313,140,334
125,313,140,56
125,313,140,335
125,313,140,57
125,313,227,52
125,313,227,331
125,313,227,53
125,313,227,332
125,313,227,54
125,313,227,333
125,313,227,55
125,313,141,329,155,343
125,313,141,329,242,64
125,313,141,329,156,344
125,313,141,332
125,313,141,54
125,313,141,333
125,313,141,55
125,313,141,334
125,313,141,56
125,313,141,335
125,313,141,57
125,313,228,53
125,313,228,332
125,313,228,54
125,313,228,333
125,313,228,55
125,313,142,330,156,344
125,313,142,333
125,313,142,55
125,313,142,334
125,313,142,56
125,313,142,335
125,313,142,57
125,313,229,54
125,313,229,333
125,313,229,55
125,313,143,334
125,313,143,56
125,313,143,335
125,313,143,57
125,313,230,52
125,313,230,55
125,313,144,332
125,313,144,335
125,313,144,57
125,313,231,53
125,313,145,333
125,313,232,54
125,313,146,334
125,313,233,55
125,315,230,52
125,315,230,55
125,315,144,332
125,315,144,335
125,315,144,57
125,315,231,53
125,315,145,333
125,315,232,54
125,315,146,334
125,315,233,55
125,38,232,54
125,38,232,57
125,38,146,334
125,38,233,55
125,38,234,56
125,38,235,57
125,316,231,53
125,316,145,333
125,316,232,54
125,316,146,334
125,316,233,55
125,317,145,333
125,317,232,54
125,317,146,334
125,317,233,55
125,39,233,55
125,39,234,56
125,39,235,57
125,40,232,54
125,40,232,57
125,40,146,334
125,40,233,55
125,40,234,56
125,40,235,57
125,318,144,332
125,318,144,335
125,318,144,57
125,318,231,53
125,318,145,333
125,318,232,54
125,318,146,334
125,318,233,55
125,319,145,333
125,319,232,54
125,319,146,334
125,319,233,55
125,41,233,55
125,41,234,56
125,41,235,57
125,42,234,56
125,42,235,57
125,320,146,334
125,320,233,55
125,43,235,57
212,34,227,49,241,63
212,34,227,49,155,343
212,34,227,49,242,64
212,34,227,49,156,344
212,34,227,52
212,34,227,331
212,34,227,53
212,34,227,332
212,34,227,54
212,34,227,333
212,34,227,55
212,34,227,334
212,34,227,56
212,34,141,329,155,343
212,34,141,329,242,64
212,34,141,329,156,344
212,34,141,332
212,34,141,54
212,34,141,333
212,34,141,55
212,34,141,334
212,34,141,56
212,34,141,335
212,34,141,57
212,34,228,50,242,64
212,34,228,50,156,344
212,34,228,53
212,34,228,332
212,34,228,54
212,34,228,333
212,34,228,55
212,34,228,334
212,34,228,56
212,34,142,330,156,344
212,34,142,333
212,34,142,55
212,34,142,334
212,34,142,56
212,34,142,335
212,34,142,57
212,34,229,54
212,34,229,333
212,34,229,55
212,34,229,334
212,34,229,56
212,34,143,334
212,34,143,56
212,34,143,335
212,34,143,57
212,34,230,52
212,34,230,55
212,34,230,334
212,34,230,56
212,34,144,332
212,34,144,335
212,34,144,57
212,34,231,53
212,34,231,56
212,34,145,333
212,34,232,54
212,34,146,334
212,34,233,55
212,34,147,335
212,314,229,51
212,314,229,54
212,314,143,331
212,314,143,334
212,314,230,52
212,314,144,332
212,314,231,53
212,314,145,333
212,314,232,54
212,314,146,334
212,37,231,53
212,37,231,56
212,37,145,333
212,37,232,54
212,37,146,334
212,37,233,55
212,37,147,335
212,315,230,52
212,315,144,332
212,315,231,53
212,315,145,333
212,315,232,54
212,315,146,334
212,38,230,52
212,38,230,55
212,38,230,334
212,38,230,56
212,38,144,332
212,38,144,335
212,38,144,57
212,38,231,53
212,38,231,56
212,38,145,333
212,38,232,54
212,38,146,334
212,38,233,55
212,38,147,335
212,316,229,51
212,316,229,54
212,316,143,331
212,316,143,334
212,316,230,52
212,316,144,332
212,316,231,53
212,316,145,333
212,316,232,54
212,316,146,334
212,317,143,331
212,317,143,334
212,317,230,52
212,317,144,332
212,317,231,53
212,317,145,333
212,317,232,54
212,317,146,334
212,39,231,53
212,39,231,56
212,39,145,333
212,39,232,54
212,39,146,334
212,39,233,55
212,39,147,335
212,40,232,54
212,40,146,334
212,40,233,55
212,40,147,335
212,318,144,332
212,318,231,53
212,318,145,333
212,318,232,54
212,318,146,334
212,319,145,333
212,319,232,54
212,319,146,334
212,41,233,55
212,41,147,335
212,320,146,334
29,218,323,146,336,159
29,218,323,146,337,160
29,218,323,146,59,248
29,218,323,148
29,218,323,236
29,218,323,149
29,218,323,150
29,218,323,237
29,218,323,151
29,218,323,238
29,218,323,152
29,218,45,234,337,160
29,218,45,234,59,248
29,218,45,150
29,218,45,237
29,218,45,151
29,218,45,238
29,218,45,152
29,218,45,239
29,218,45,153
29,218,45,240
29,218,46,235,59,248
29,218,46,237
29,218,46,151
29,218,46,238
29,218,46,152
29,218,46,239
29,218,46,153
29,218,46,240
29,218,324,147,337,160
29,218,324,147,59,248
29,218,324,149
29,218,324,150
29,218,324,237
29,218,324,151
29,218,324,238
29,218,324,152
29,218,47,238
29,218,47,152
29,218,47,239
29,218,47,153
29,218,47,240
29,218,325,148
29,218,325,238
29,218,325,152
29,218,48,237
29,218,48,240
29,218,326,149
29,218,49,238
29,218,327,150
29,218,328,151
29,218,50,239
29,218,329,152
29,221,325,148
29,221,325,238
29,221,325,152
29,221,48,237
29,221,48,240
29,221,326,149
29,221,49,238
29,221,327,150
29,221,328,151
29,221,50,239
29,221,329,152
29,135,49,238
29,135,49,241
29,135,327,150
29,135,328,151
29,135,50,239
29,135,329,152
29,135,330,153
29,135,52,241
29,222,48,237
29,222,48,240
29,222,326,149
29,222,49,238
29,222,327,150
29,222,328,151
29,222,50,239
29,222,329,152
29,136,50,239
29,136,329,152
29,136,330,153
29,136,52,241
29,223,325,148
29,223,325,238
29,223,325,152
29,223,48,237
29,223,48,240
29,223,326,149
29,223,49,238
29,223,327,150
29,223,328,151
29,223,50,239
29,223,329,152
29,224,48,237
29,224,48,240
29,224,326,149
29,224,49,238
29,224,327,150
29,224,328,151
29,224,50,239
29,224,329,152
29,137,50,239
29,137,329,152
29,137,330,153
29,137,52,241
29,225,49,238
29,225,327,150
29,225,328,151
29,225,50,239
29,225,329,152
29,138,330,153
29,138,52,241
29,139,52,241
307,130,321,144,336,159
307,130,321,144,337,160
307,130,321,144,59,248
307,130,321,148
307,130,321,236
307,130,321,149
307,130,321,150
307,130,321,237
307,130,321,151
307,130,321,238
307,130,321,152
307,130,43,232,337,160
307,130,43,232,59,248
307,130,43,150
307,130,43,237
307,130,43,151
307,130,43,238
307,130,43,152
307,130,43,239
307,130,43,153
307,130,43,240
307,130,44,233,59,248
307,130,44,237
307,130,44,151
307,130,44,238
307,130,44,152
307,130,44,239
307,130,44,153
307,130,44,240
307,130,322,145,337,160
307,130,322,145,59,248
307,130,322,149
307,130,322,150
307,130,322,237
307,130,322,151
307,130,322,238
307,130,322,152
307,130,323,146,336,159
307,130,323,146,337,160
307,130,323,146,59,248
307,130,323,148
307,130,323,236
307,130,323,149
307,130,323,150
307,130,323,237
307,130,323,151
307,130,323,238
307,130,323,152
307,130,45,150
307,130,45,237
307,130,45,151
307,130,45,238
307,130,45,152
307,130,45,239
307,130,45,153
307,130,45,240
307,130,46,237
307,130,46,151
307,130,46,238
307,130,46,152
307,130,46,239
307,130,46,153
307,130,46,240
307,130,324,147,337,160
307,130,324,147,59,248
307,130,324,149
307,130,324,150
307,130,324,237
307,130,324,151
307,130,324,238
307,130,324,152
307,130,47,238
307,130,47,152
307,130,47,239
307,130,47,153
307,130,47,240
307,130,325,148
307,130,325,238
307,130,325,152
307,130,48,237
307,130,48,240
307,130,326,149
307,130,49,238
307,130,327,150
307,130,328,151
307,130,50,239
307,130,51,240
307,133,325,148
307,133,325,238
307,133,325,152
307,133,48,237
307,133,48,240
307,133,326,149
307,133,49,238
307,133,327,150
307,133,328,151
307,133,50,239
307,133,51,240
307,220,47,236
307,220,47,238
307,220,47,152
307,220,325,148
307,220,48,237
307,220,326,149
307,220,49,238
307,220,327,150
307,134,48,237
307,134,48,240
307,134,326,149
307,134,49,238
307,134,327,150
307,134,328,151
307,134,50,239
307,134,51,240
307,221,325,148
307,221,48,237
307,221,326,149
307,221,49,238
307,221,327,150
307,135,325,148
307,135,325,238
307,135,325,152
307,135,48,237
307,135,48,240
307,135,326,149
307,135,49,238
307,135,327,150
307,135,328,151
307,135,50,239
307,135,51,240
307,222,47,236
307,222,47,238
307,222,47,152
307,222,325,148
307,222,48,237
307,222,326,149
307,222,49,238
307,222,327,150
307,136,48,237
307,136,48,240
307,136,326,149
307,136,49,238
307,136,327,150
307,136,328,151
307,136,50,239
307,136,51,240
307,223,325,148
307,223,48,237
307,223,326,149
307,223,49,238
307,223,327,150
307,224,48,237
307,224,326,149
307,224,49,238
307,224,327,150
307,137,50,239
307,137,51,240
307,225,49,238
307,225,327,150
307,138,51,240
213,35,228,50,242,64
213,35,228,50,156,344
213,35,228,50,243,65
213,35,228,50,157,345
213,35,228,53
213,35,228,332
213,35,228,54
213,35,228,333
213,35,228,55
213,35,228,334
213,35,228,56
213,35,228,335
213,35,228,57
213,35,142,330,156,344
213,35,142,330,243,65
213,35,142,330,157,345
213,35,142,333
213,35,142,55
213,35,142,334
213,35,142,56
213,35,142,335
213,35,142,57
213,35,142,58
213,35,229,51,243,65
213,35,229,51,157,345
213,35,229,54
213,35,229,333
213,35,229,55
213,35,229,334
213,35,229,56
213,35,229,335
213,35,229,57
213,35,143,331,157,345
213,35,143,334
213,35,143,56
213,35,143,335
213,35,143,57
213,35,143,58
213,35,230,55
213,35,230,334
213,35,230,56
213,35,230,335
213,35,230,57
213,35,144,335
213,35,144,57
213,35,144,58
213,35,231,53
213,35,231,56
213,35,231,335
213,35,231,57
213,35,145,333
213,35,145,58
213,35,232,54
213,35,232,57
213,35,146,334
213,35,233,55
213,35,147,335
213,35,234,56
213,37,231,53
213,37,231,56
213,37,231,335
213,37,231,57
213,37,145,333
213,37,145,58
213,37,232,54
213,37,232,57
213,37,146,334
213,37,233,55
213,37,147,335
213,37,234,56
213,315,230,52
213,315,230,55
213,315,144,332
213,315,144,335
213,315,231,53
213,315,145,333
213,315,232,54
213,315,146,334
213,315,233,55
213,315,147,335
213,38,232,54
213,38,232,57
213,38,146,334
213,38,233,55
213,38,147,335
213,38,234,56
213,316,231,53
213,316,145,333
213,316,232,54
213,316,146,334
213,316,233,55
213,316,147,335
213,317,140,331,157,345
213,317,143,331,157,345
213,317,143,331
213,317,143,334
213,317,143,56
213,317,143,335
213,317,230,52
213,317,230,55
213,317,144,332
213,317,144,335
213,317,231,53
213,317,145,333
213,317,232,54
213,317,146,334
213,317,233,55
213,317,147,335
213,39,231,53
213,39,231,56
213,39,231,335
213,39,231,57
213,39,145,333
213,39,145,58
213,39,232,54
213,39,232,57
213,39,146,334
213,39,233,55
213,39,147,335
213,39,234,56
213,40,232,54
213,40,232,57
213,40,146,334
213,40,233,55
213,40,147,335
213,40,234,56
213,318,144,332
213,318,144,335
213,318,231,53
213,318,145,333
213,318,232,54
213,318,146,334
213,318,233,55
213,318,147,335
213,319,145,333
213,319,232,54
213,319,146,334
213,319,233,55
213,319,147,335
213,41,233,55
213,41,147,335
213,41,234,56
213,42,234,56
213,320,146,334
213,320,233,55
213,320,147,335
213,321,147,335
30,219,46,235,59,248
30,219,46,235,338,161
30,219,46,235,60,249
30,219,46,237
30,219,46,151
30,219,46,238
30,219,46,152
30,219,46,239
30,219,46,153
30,219,46,240
30,219,46,154
30,219,46,241
30,219,324,147,337,160
30,219,324,147,59,248
30,219,324,147,338,161
30,219,324,147,60,249
30,219,324,149
30,219,324,150
30,219,324,237
30,219,324,151
30,219,324,238
30,219,324,152
30,219,324,239
30,219,324,153
30,219,47,236,60,249
30,219,47,238
30,219,47,152
30,219,47,239
30,219,47,153
30,219,47,240
30,219,47,154
30,219,47,241
30,219,325,238
30,219,325,152
30,219,325,239
30,219,325,153
30,219,48,237
30,219,48,240
30,219,48,154
30,219,48,241
30,219,326,149
30,219,326,239
30,219,326,153
30,219,49,238
30,219,49,241
30,219,327,150
30,219,328,151
30,219,50,239
30,219,329,152
30,219,51,240
30,219,330,153
30,222,48,237
30,222,48,240
30,222,48,154
30,222,48,241
30,222,326,149
30,222,326,239
30,222,326,153
30,222,49,238
30,222,49,241
30,222,327,150
30,222,328,151
30,222,50,239
30,222,329,152
30,222,51,240
30,222,330,153
30,136,50,239
30,136,50,242
30,136,329,152
30,136,51,240
30,136,330,153
30,136,331,154
30,136,53,242
30,223,49,238
30,223,49,241
30,223,327,150
30,223,328,151
30,223,50,239
30,223,329,152
30,223,51,240
30,223,330,153
30,224,48,237
30,224,48,240
30,224,48,154
30,224,48,241
30,224,326,149
30,224,326,239
30,224,326,153
30,224,49,238
30,224,49,241
30,224,327,150
30,224,328,151
30,224,50,239
30,224,329,152
30,224,51,240
30,224,330,153
30,137,50,239
30,137,50,242
30,137,329,152
30,137,51,240
30,137,330,153
30,137,331,154
30,137,53,242
30,225,49,238
30,225,49,241
30,225,327,150
30,225,328,151
30,225,50,239
30,225,329,152
30,225,51,240
30,225,330,153
30,138,51,240
30,138,330,153
30,138,331,154
30,138,53,242
30,139,331,154
30,139,53,242
30,226,51,240
30,226,330,153
30,140,331,154
30,140,53,242
308,131,44,233,59,248
308,131,44,233,338,161
308,131,44,233,60,249
308,131,44,233,339,162
308,131,44,237
308,131,44,151
308,131,44,238
308,131,44,152
308,131,44,239
308,131,44,153
308,131,44,240
308,131,44,154
308,131,44,241
308,131,322,145,337,160
308,131,322,145,59,248
308,131,322,145,338,161
308,131,322,145,60,249
308,131,322,145,339,162
308,131,322,149
308,131,322,150
308,131,322,237
308,131,322,151
308,131,322,238
308,131,322,152
308,131,322,239
308,131,322,153
308,131,323,146,338,161
308,131,323,146,60,249
308,131,323,146,339,162
308,131,323,150
308,131,323,237
308,131,323,151
308,131,323,238
308,131,323,152
308,131,323,239
308,131,323,153
308,131,45,234,60,249
308,131,45,234,339,162
308,131,45,238
308,131,45,152
308,131,45,239
308,131,45,153
308,131,45,240
308,131,45,154
308,131,45,241
308,131,46,237
308,131,46,151
308,131,46,238
308,131,46,152
308,131,46,239
308,131,46,153
308,131,46,240
308,131,46,154
308,131,46,241
308,131,324,147,337,160
308,131,324,147,59,248
308,131,324,147,338,161
308,131,324,147,60,249
308,131,324,147,339,162
308,131,324,149
308,131,324,150
308,131,324,237
308,131,324,151
308,131,324,238
308,131,324,152
308,131,324,239
308,131,324,153
308,131,47,238
308,131,47,152
308,131,47,239
308,131,47,153
308,131,47,240
308,131,47,154
308,131,47,241
308,131,325,238
308,131,325,152
308,131,325,239
308,131,325,153
308,131,48,237
308,131,48,240
308,131,48,154
308,131,48,241
308,131,326,149
308,131,326,239
308,131,326,153
308,131,49,238
308,131,49,241
308,131,327,150
308,131,328,151
308,131,50,239
308,131,329,152
308,131,51,240
308,131,52,241
308,134,48,237
308,134,48,240
308,134,48,154
308,134,48,241
308,134,326,149
308,134,326,239
308,134,326,153
308,134,49,238
308,134,49,241
308,134,327,150
308,134,328,151
308,134,50,239
308,134,329,152
308,134,51,240
308,134,52,241
308,221,325,148
308,221,325,238
308,221,48,237
308,221,326,149
308,221,49,238
308,221,327,150
308,221,328,151
308,221,50,239
308,135,49,238
308,135,49,241
308,135,327,150
308,135,328,151
308,135,50,239
308,135,329,152
308,135,51,240
308,135,52,241
308,222,48,237
308,222,326,149
308,222,49,238
308,222,327,150
308,222,328,151
308,222,50,239
308,136,48,237
308,136,48,240
308,136,48,154
308,136,48,241
308,136,326,149
308,136,326,239
308,136,326,153
308,136,49,238
308,136,49,241
308,136,327,150
308,136,328,151
308,136,50,239
308,136,329,152
308,136,51,240
308,136,52,241
308,223,325,148
308,223,325,238
308,223,48,237
308,223,326,149
308,223,49,238
308,223,327,150
308,223,328,151
308,223,50,239
308,224,48,237
308,224,326,149
308,224,49,238
308,224,327,150
308,224,328,151
308,224,50,239
308,137,50,239
308,137,329,152
308,137,51,240
308,137,52,241
308,225,49,238
308,225,327,150
308,225,328,151
308,225,50,239
308,138,51,240
308,138,52,241
308,139,52,241
126,314,227,49,243,65
126,314,227,49,157,345
126,314,227,49,244,66
126,314,227,49,158,346
126,314,227,54
126,314,227,333
126,314,227,55
126,314,227,334
126,314,227,56
126,314,227,335
126,314,227,57
126,314,141,329,157,345
126,314,141,329,244,66
126,314,141,329,158,346
126,314,141,334
126,314,141,56
126,314,141,335
126,314,141,57
126,314,141,58
126,314,141,336
126,314,228,50,244,66
126,314,228,50,158,346
126,314,228,55
126,314,228,334
126,314,228,56
126,314,228,335
126,314,228,57
126,314,142,330,158,346
126,314,142,335
126,314,142,57
126,314,142,58
126,314,142,336
126,314,229,54
126,314,229,333
126,314,229,55
126,314,229,334
126,314,229,56
126,314,229,335
126,314,229,57
126,314,143,331,157,345
126,314,143,331,244,66
126,314,143,331,158,346
126,314,143,334
126,314,143,56
126,314,143,335
126,314,143,57
126,314,143,58
126,314,143,336
126,314,230,55
126,314,230,334
126,314,230,56
126,314,230,335
126,314,230,57
126,314,144,332,158,346
126,314,144,335
126,314,144,57
126,314,144,58
126,314,144,336
126,314,231,56
126,314,231,335
126,314,231,57
126,314,145,58
126,314,145,336
126,314,232,54
126,314,232,57
126,314,146,334
126,314,146,336
126,314,233,55
126,314,147,335
126,314,234,56
126,314,235,57
126,40,234,56
126,40,235,57
126,40,236,58
126,40,149,337
126,318,146,334
126,318,146,336
126,318,233,55
126,318,147,335
126,318,234,56
126,318,235,57
126,319,147,335
126,319,234,56
126,319,235,57
126,41,235,57
126,41,236,58
126,41,149,337
126,42,234,56
126,42,235,57
126,42,236,58
126,42,149,337
126,320,146,334
126,320,146,336
126,320,233,55
126,320,147,335
126,320,234,56
126,320,235,57
126,321,147,335
126,321,234,56
126,321,235,57
126,43,235,57
126,43,236,58
126,43,149,337
126,44,236,58
126,44,149,337
126,322,235,57
214,36,229,51,243,65
214,36,229,51,157,345
214,36,229,51,244,66
214,36,229,51,158,346
214,36,229,54
214,36,229,333
214,36,229,55
214,36,229,334
214,36,229,56
214,36,229,335
214,36,229,57
214,36,229,58
214,36,143,331,157,345
214,36,143,331,244,66
214,36,143,331,158,346
214,36,143,334
214,36,143,56
214,36,143,335
214,36,143,57
214,36,143,58
214,36,143,336
214,36,230,52,244,66
214,36,230,52,158,346
214,36,230,55
214,36,230,334
214,36,230,56
214,36,230,335
214,36,230,57
214,36,230,58
214,36,144,332,158,346
214,36,144,335
214,36,144,57
214,36,144,58
214,36,144,336
214,36,231,56
214,36,231,335
214,36,231,57
214,36,231,58
214,36,145,58
214,36,145,336
214,36,232,54
214,36,232,57
214,36,232,58
214,36,146,334
214,36,146,336
214,36,233,55
214,36,233,58
214,36,147,335
214,36,234,56
214,36,235,57
214,36,148,336
214,38,232,54
214,38,232,57
214,38,232,58
214,38,146,334
214,38,146,336
214,38,233,55
214,38,233,58
214,38,147,335
214,38,234,56
214,38,235,57
214,38,148,336
214,316,231,53
214,316,231,56
214,316,145,333
214,316,232,54
214,316,146,334
214,316,233,55
214,316,147,335
214,316,234,56
214,317,145,333
214,317,232,54
214,317,146,334
214,317,233,55
214,317,147,335
214,317,234,56
214,39,233,55
214,39,233,58
214,39,147,335
214,39,234,56
214,39,235,57
214,39,148,336
214,40,232,54
214,40,232,57
214,40,232,58
214,40,146,334
214,40,146,336
214,40,233,55
214,40,233,58
214,40,147,335
214,40,234,56
214,40,235,57
214,40,148,336
214,318,141,332,158,346
214,318,144,332,158,346
214,318,144,332
214,318,144,335
214,318,144,57
214,318,231,53
214,318,231,56
214,318,145,333
214,318,232,54
214,318,146,334
214,318,233,55
214,318,147,335
214,318,234,56
214,319,145,333
214,319,232,54
214,319,146,334
214,319,233,55
214,319,147,335
214,319,234,56
214,41,233,55
214,41,233,58
214,41,147,335
214,41,234,56
214,41,235,57
214,41,148,336
214,42,234,56
214,42,235,57
214,42,148,336
214,320,146,334
214,320,233,55
214,320,147,335
214,320,234,56
214,321,147,335
214,321,234,56
214,43,235,57
214,43,148,336
31,220,47,236,60,249
31,220,47,236,339,162
31,220,47,236,61,250
31,220,47,238
31,220,47,152
31,220,47,239
31,220,47,153
31,220,47,240
31,220,47,154
31,220,47,241
31,220,47,155
31,220,47,242
31,220,325,148,61,250
31,220,325,238
31,220,325,152
31,220,325,239
31,220,325,153
31,220,325,240
31,220,325,154
31,220,48,240
31,220,48,154
31,220,48,241
31,220,48,155
31,220,48,242
31,220,326,239
31,220,326,153
31,220,326,240
31,220,326,154
31,220,49,238
31,220,49,241
31,220,49,155
31,220,49,242
31,220,327,150
31,220,327,240
31,220,327,154
31,220,328,151
31,220,328,154
31,220,50,239
31,220,50,242
31,220,329,152
31,220,51,240
31,220,330,153
31,220,52,241
31,220,331,154
31,223,49,238
31,223,49,241
31,223,49,155
31,223,49,242
31,223,327,150
31,223,327,240
31,223,327,154
31,223,328,151
31,223,328,154
31,223,50,239
31,223,50,242
31,223,329,152
31,223,51,240
31,223,330,153
31,223,52,241
31,223,331,154
31,224,50,239
31,224,50,242
31,224,329,152
31,224,51,240
31,224,330,153
31,224,52,241
31,224,331,154
31,137,52,241
31,137,331,154
31,137,332,155
31,137,54,243
31,225,49,238
31,225,49,241
31,225,49,155
31,225,49,242
31,225,327,150
31,225,327,240
31,225,327,154
31,225,328,151
31,225,328,154
31,225,50,239
31,225,50,242
31,225,329,152
31,225,51,240
31,225,330,153
31,225,52,241
31,225,331,154
31,138,51,240
31,138,51,243
31,138,330,153
31,138,52,241
31,138,331,154
31,138,332,155
31,138,54,243
31,139,52,241
31,139,331,154
31,139,332,155
31,139,54,243
31,226,51,240
31,226,330,153
31,226,52,241
31,226,331,154
31,140,331,154
31,140,332,155
31,140,54,243
31,227,52,241
31,227,331,154
31,141,332,155
31,141,54,243
309,132,323,146,338,161
309,132,323,146,60,249
309,132,323,146,339,162
309,132,323,146,61,250
309,132,323,146,340,163
309,132,323,150
309,132,323,237
309,132,323,151
309,132,323,238
309,132,323,152
309,132,323,239
309,132,323,153
309,132,323,240
309,132,323,154
309,132,45,234,60,249
309,132,45,234,339,162
309,132,45,234,61,250
309,132,45,234,340,163
309,132,45,238
309,132,45,152
309,132,45,239
309,132,45,153
309,132,45,240
309,132,45,154
309,132,45,241
309,132,45,155
309,132,45,242
309,132,46,235,61,250
309,132,46,235,340,163
309,132,46,239
309,132,46,153
309,132,46,240
309,132,46,154
309,132,46,241
309,132,46,155
309,132,46,242
309,132,324,147,61,250
309,132,324,147,340,163
309,132,324,238
309,132,324,152
309,132,324,239
309,132,324,153
309,132,324,240
309,132,324,154
309,132,47,238
309,132,47,152
309,132,47,239
309,132,47,153
309,132,47,240
309,132,47,154
309,132,47,241
309,132,47,155
309,132,47,242
309,132,325,148,61,250
309,132,325,148,340,163
309,132,325,238
309,132,325,152
309,132,325,239
309,132,325,153
309,132,325,240
309,132,325,154
309,132,48,240
309,132,48,154
309,132,48,241
309,132,48,155
309,132,48,242
309,132,326,239
309,132,326,153
309,132,326,240
309,132,326,154
309,132,49,238
309,132,49,241
309,132,49,155
309,132,49,242
309,132,327,150
309,132,327,240
309,132,327,154
309,132,328,151
309,132,328,154
309,132,50,239
309,132,50,242
309,132,329,152
309,132,51,240
309,132,330,153
309,132,52,241
309,132,53,242
309,135,49,238
309,135,49,241
309,135,49,155
309,135,49,242
309,135,327,150
309,135,327,240
309,135,327,154
309,135,328,151
309,135,328,154
309,135,50,239
309,135,50,242
309,135,329,152
309,135,51,240
309,135,330,153
309,135,52,241
309,135,53,242
309,222,48,237
309,222,48,240
309,222,48,154
309,222,326,149
309,222,326,239
309,222,49,238
309,222,327,150
309,222,328,151
309,222,50,239
309,222,329,152
309,222,51,240
309,136,50,239
309,136,50,242
309,136,329,152
309,136,51,240
309,136,330,153
309,136,52,241
309,136,53,242
309,223,49,238
309,223,327,150
309,223,328,151
309,223,50,239
309,223,329,152
309,223,51,240
309,224,48,237
309,224,48,240
309,224,48,154
309,224,326,149
309,224,326,239
309,224,49,238
309,224,327,150
309,224,328,151
309,224,50,239
309,224,329,152
309,224,51,240
309,137,50,239
309,137,50,242
309,137,329,152
309,137,51,240
309,137,330,153
309,137,52,241
309,137,53,242
309,225,49,238
309,225,327,150
309,225,328,151
309,225,50,239
309,225,329,152
309,225,51,240
309,138,51,240
309,138,330,153
309,138,52,241
309,138,53,242
309,139,52,241
309,139,53,242
309,226,51,240
309,140,53,242
127,315,228,50,244,66
127,315,228,50,158,346
127,315,228,50,245,67
127,315,228,55
127,315,228,334
127,315,228,56
127,315,228,335
127,315,228,57
127,315,228,58
127,315,142,330,158,346
127,315,142,330,245,67
127,315,142,335
127,315,142,57
127,315,142,58
127,315,142,336
127,315,142,337
127,315,142,59
127,315,229,51,245,67
127,315,229,56
127,315,229,335
127,315,229,57
127,315,229,58
127,315,143,58
127,315,143,336
127,315,143,337
127,315,143,59
127,315,230,55
127,315,230,334
127,315,230,56
127,315,230,335
127,315,230,57
127,315,230,58
127,315,144,332,158,346
127,315,144,332,245,67
127,315,144,335
127,315,144,57
127,315,144,58
127,315,144,336
127,315,144,337
127,315,144,59
127,315,231,56
127,315,231,335
127,315,231,57
127,315,231,58
127,315,145,58
127,315,145,336
127,315,145,337
127,315,145,59
127,315,232,57
127,315,232,58
127,315,146,336
127,315,146,337
127,315,146,59
127,315,233,55
127,315,233,58
127,315,147,335
127,315,147,337
127,315,147,59
127,315,234,56
127,315,235,57
127,315,148,336
127,315,236,58
127,319,147,335
127,319,147,337
127,319,147,59
127,319,234,56
127,319,235,57
127,319,148,336
127,319,236,58
127,41,235,57
127,41,235,59
127,41,148,336
127,41,236,58
127,41,150,338
127,41,237,59
127,42,236,58
127,42,150,338
127,42,237,59
127,320,235,57
127,320,148,336
127,320,236,58
127,321,147,335
127,321,147,337
127,321,147,59
127,321,234,56
127,321,235,57
127,321,148,336
127,321,236,58
127,43,235,57
127,43,235,59
127,43,148,336
127,43,236,58
127,43,150,338
127,43,237,59
127,44,236,58
127,44,150,338
127,44,237,59
127,322,235,57
127,322,148,336
127,322,236,58
127,323,148,336
127,323,236,58
127,45,150,338
127,45,237,59
127,46,237,59
32,221,325,148,61,250
32,221,325,148,340,163
32,221,325,148,62,251
32,221,325,238
32,221,325,152
32,221,325,239
32,221,325,153
32,221,325,240
32,221,325,154
32,221,325,241
32,221,325,155
32,221,48,237,62,251
32,221,48,240
32,221,48,154
32,221,48,241
32,221,48,155
32,221,48,242
32,221,48,156
32,221,48,243
32,221,326,149,62,251
32,221,326,239
32,221,326,153
32,221,326,240
32,221,326,154
32,221,326,241
32,221,326,155
32,221,49,241
32,221,49,155
32,221,49,242
32,221,49,156
32,221,49,243
32,221,327,240
32,221,327,154
32,221,327,241
32,221,327,155
32,221,328,154
32,221,328,241
32,221,328,155
32,221,50,239
32,221,50,242
32,221,50,156
32,221,50,243
32,221,329,152
32,221,329,155
32,221,51,240
32,221,51,243
32,221,330,153
32,221,52,241
32,221,331,154
32,221,53,242
32,221,332,155
32,224,50,239
32,224,50,242
32,224,50,156
32,224,50,243
32,224,329,152
32,224,329,155
32,224,51,240
32,224,51,243
32,224,330,153
32,224,52,241
32,224,331,154
32,224,53,242
32,224,332,155
32,137,52,241
32,137,52,244
32,137,331,154
32,137,53,242
32,137,332,155
32,137,333,156
32,137,55,244
32,225,51,240
32,225,51,243
32,225,330,153
32,225,52,241
32,225,331,154
32,225,53,242
32,225,332,155
32,138,53,242
32,138,332,155
32,138,333,156
32,138,55,244
32,139,52,241
32,139,52,244
32,139,331,154
32,139,53,242
32,139,332,155
32,139,333,156
32,139,55,244
32,226,51,240
32,226,51,243
32,226,330,153
32,226,52,241
32,226,331,154
32,226,53,242
32,226,332,155
32,140,331,154
32,140,53,242
32,140,332,155
32,140,333,156
32,140,55,244
32,227,52,241
32,227,331,154
32,227,53,242
32,227,332,155
32,141,332,155
32,141,333,156
32,141,55,244
32,228,53,242
32,228,332,155
32,142,333,156
32,142,55,244
310,133,46,235,61,250
310,133,46,235,340,163
310,133,46,235,62,251
310,133,46,235,341,164
310,133,46,239
310,133,46,153
310,133,46,240
310,133,46,154
310,133,46,241
310,133,46,155
310,133,46,242
310,133,46,156
310,133,46,243
310,133,324,147,61,250
310,133,324,147,340,163
310,133,324,147,62,251
310,133,324,147,341,164
310,133,324,238
310,133,324,152
310,133,324,239
310,133,324,153
310,133,324,240
310,133,324,154
310,133,324,241
310,133,324,155
310,133,47,236,62,251
310,133,47,236,341,164
310,133,47,240
310,133,47,154
310,133,47,241
310,133,47,155
310,133,47,242
310,133,47,156
310,133,47,243
310,133,325,148,61,250
310,133,325,148,340,163
310,133,325,148,62,251
310,133,325,148,341,164
310,133,325,238
310,133,325,152
310,133,325,239
310,133,325,153
310,133,325,240
310,133,325,154
310,133,325,241
310,133,325,155
310,133,48,240
310,133,48,154
310,133,48,241
310,133,48,155
310,133,48,242
310,133,48,156
310,133,48,243
310,133,326,149,62,251
310,133,326,149,341,164
310,133,326,239
310,133,326,153
310,133,326,240
310,133,326,154
310,133,326,241
310,133,326,155
310,133,49,241
310,133,49,155
310,133,49,242
310,133,49,156
310,133,49,243
310,133,327,240
310,133,327,154
310,133,327,241
310,133,327,155
310,133,328,154
310,133,328,241
310,133,328,155
310,133,50,239
310,133,50,242
310,133,50,156
310,133,50,243
310,133,329,152
310,133,329,155
310,133,51,240
310,133,51,243
310,133,330,153
310,133,52,241
310,133,331,154
310,133,53,242
310,133,54,243
310,136,50,239
310,136,50,242
310,136,50,156
310,136,50,243
310,136,329,152
310,136,329,155
310,136,51,240
310,136,51,243
310,136,330,153
310,136,52,241
310,136,331,154
310,136,53,242
310,136,54,243
310,223,49,238
310,223,49,241
310,223,49,155
310,223,327,150
310,223,327,240
310,223,328,151
310,223,50,239
310,223,329,152
310,223,51,240
310,223,330,153
310,223,52,241
310,224,50,239
310,224,329,152
310,224,51,240
310,224,330,153
310,224,52,241
310,137,50,239
310,137,50,242
310,137,50,156
310,137,50,243
310,137,329,152
310,137,329,155
310,137,51,240
310,137,51,243
310,137,330,153
310,137,52,241
310,137,331,154
310,137,53,242
310,137,54,243
310,225,49,238
310,225,49,241
310,225,49,155
310,225,327,150
310,225,327,240
310,225,328,151
310,225,50,239
310,225,329,152
310,225,51,240
310,225,330,153
310,225,52,241
310,138,51,240
310,138,51,243
310,138,330,153
310,138,52,241
310,138,331,154
310,138,53,242
310,138,54,243
310,139,52,241
310,139,331,154
310,139,53,242
310,139,54,243
310,226,51,240
310,226,330,153
310,226,52,241
310,140,331,154
310,140,53,242
310,140,54,243
310,227,52,241
310,141,54,243
128,316,229,51,245,67
128,316,229,51,246,68
128,316,229,51,159,347
128,316,229,56
128,316,229,335
128,316,229,57
128,316,229,58
128,316,229,336
128,316,143,331,246,68
128,316,143,331,159,347
128,316,143,58
128,316,143,336
128,316,143,337
128,316,143,59
128,316,143,338
128,316,143,60
128,316,230,52,246,68
128,316,230,52,159,347
128,316,230,57
128,316,230,58
128,316,230,336
128,316,144,332,159,347
128,316,144,336
128,316,144,337
128,316,144,59
128,316,144,338
128,316,144,60
128,316,231,56
128,316,231,335
128,316,231,57
128,316,231,58
128,316,231,336
128,316,145,333,246,68
128,316,145,333,159,347
128,316,145,58
128,316,145,336
128,316,145,337
128,316,145,59
128,316,145,338
128,316,145,60
128,316,232,57
128,316,232,58
128,316,232,336
128,316,146,334,159,347
128,316,146,336
128,316,146,337
128,316,146,59
128,316,146,338
128,316,146,60
128,316,233,58
128,316,233,336
128,316,147,337
128,316,147,59
128,316,147,338
128,316,147,60
128,316,234,56
128,316,235,57
128,316,148,336
128,316,236,58
128,316,149,337
128,42,236,58
128,42,236,60
128,42,149,337
128,42,237,59
128,42,151,339
128,42,238,60
128,320,235,57
128,320,148,336
128,320,236,58
128,320,149,337
128,321,148,336
128,321,236,58
128,321,149,337
128,43,237,59
128,43,151,339
128,43,238,60
128,44,236,58
128,44,236,60
128,44,149,337
128,44,237,59
128,44,151,339
128,44,238,60
128,322,235,57
128,322,148,336
128,322,236,58
128,322,149,337
128,323,148,336
128,323,236,58
128,323,149,337
128,45,237,59
128,45,151,339
128,45,238,60
128,46,237,59
128,46,151,339
128,46,238,60
128,324,149,337
128,47,238,60
215,37,231,53,245,67
215,37,231,53,246,68
215,37,231,53,159,347
215,37,231,56
215,37,231,335
215,37,231,57
215,37,231,58
215,37,231,336
215,37,231,337
215,37,231,59
215,37,145,333,246,68
215,37,145,333,159,347
215,37,145,58
215,37,145,336
215,37,145,337
215,37,145,59
215,37,145,338
215,37,145,60
215,37,232,54,246,68
215,37,232,54,159,347
215,37,232,57
215,37,232,58
215,37,232,336
215,37,232,337
215,37,232,59
215,37,146,334,159,347
215,37,146,336
215,37,146,337
215,37,146,59
215,37,146,338
215,37,146,60
215,37,233,58
215,37,233,336
215,37,233,337
215,37,233,59
215,37,147,337
215,37,147,59
215,37,147,338
215,37,147,60
215,37,234,56
215,37,234,337
215,37,234,59
215,37,235,57
215,37,235,59
215,37,148,336
215,37,236,58
215,37,149,337
215,37,150,338
215,40,234,56
215,40,234,337
215,40,234,59
215,40,235,57
215,40,235,59
215,40,148,336
215,40,236,58
215,40,149,337
215,40,150,338
215,318,141,334,159,347
215,318,146,334,159,347
215,318,146,334
215,318,146,336
215,318,146,337
215,318,233,55
215,318,233,58
215,318,147,335
215,318,147,337
215,318,234,56
215,318,235,57
215,318,148,336
215,318,236,58
215,318,149,337
215,319,147,335
215,319,147,337
215,319,234,56
215,319,235,57
215,319,148,336
215,319,236,58
215,319,149,337
215,41,235,57
215,41,235,59
215,41,148,336
215,41,236,58
215,41,149,337
215,41,150,338
215,42,234,56
215,42,234,337
215,42,234,59
215,42,235,57
215,42,235,59
215,42,148,336
215,42,236,58
215,42,149,337
215,42,150,338
215,320,143,334,159,347
215,320,146,334,159,347
215,320,146,334
215,320,146,336
215,320,146,337
215,320,233,55
215,320,233,58
215,320,147,335
215,320,147,337
215,320,234,56
215,320,235,57
215,320,148,336
215,320,236,58
215,320,149,337
215,321,147,335
215,321,147,337
215,321,234,56
215,321,235,57
215,321,148,336
215,321,236,58
215,321,149,337
215,43,235,57
215,43,235,59
215,43,148,336
215,43,236,58
215,43,149,337
215,43,150,338
215,44,236,58
215,44,149,337
215,44,150,338
215,322,235,57
215,322,148,336
215,322,236,58
215,322,149,337
215,323,148,336
215,323,236,58
215,323,149,337
215,45,150,338
215,324,149,337
33,222,48,237,62,251
33,222,48,237,341,164
33,222,48,237,63,252
33,222,48,240
33,222,48,154
33,222,48,241
33,222,48,155
33,222,48,242
33,222,48,156
33,222,48,243
33,222,48,157
33,222,48,244
33,222,326,149,62,251
33,222,326,149,341,164
33,222,326,149,63,252
33,222,326,239
33,222,326,153
33,222,326,240
33,222,326,154
33,222,326,241
33,222,326,155
33,222,326,242
33,222,326,156
33,222,49,238,63,252
33,222,49,241
33,222,49,155
33,222,49,242
33,222,49,156
33,222,49,243
33,222,49,157
33,222,49,244
33,222,327,150,63,252
33,222,327,240
33,222,327,154
33,222,327,241
33,222,327,155
33,222,327,242
33,222,327,156
33,222,328,154
33,222,328,241
33,222,328,155
33,222,328,242
33,222,328,156
33,222,50,242
33,222,50,156
33,222,50,243
33,222,50,157
33,222,50,244
33,222,329,155
33,222,329,242
33,222,329,156
33,222,51,240
33,222,51,243
33,222,51,157
33,222,51,244
33,222,330,153
33,222,330,156
33,222,52,241
33,222,52,244
33,222,331,154
33,222,53,242
33,222,332,155
33,222,54,243
33,222,333,156
33,225,51,240
33,225,51,243
33,225,51,157
33,225,51,244
33,225,330,153
33,225,330,156
33,225,52,241
33,225,52,244
33,225,331,154
33,225,53,242
33,225,332,155
33,225,54,243
33,225,333,156
33,138,53,242
33,138,53,245
33,138,332,155
33,138,54,243
33,138,333,156
33,138,334,157
33,138,56,245
33,139,54,243
33,139,333,156
33,139,334,157
33,139,56,245
33,226,51,240
33,226,51,243
33,226,51,157
33,226,51,244
33,226,330,153
33,226,330,156
33,226,52,241
33,226,52,244
33,226,331,154
33,226,53,242
33,226,332,155
33,226,54,243
33,226,333,156
33,140,331,154
33,140,331,157
33,140,53,242
33,140,53,245
33,140,332,155
33,140,54,243
33,140,333,156
33,140,334,157
33,140,56,245
33,227,52,241
33,227,52,244
33,227,331,154
33,227,53,242
33,227,332,155
33,227,54,243
33,227,333,156
33,141,332,155
33,141,54,243
33,141,333,156
33,141,334,157
33,141,56,245
33,228,53,242
33,228,332,155
33,228,54,243
33,228,333,156
33,142,333,156
33,142,334,157
33,142,56,245
33,229,54,243
33,229,333,156
33,143,334,157
33,143,56,245
311,134,47,236,62,251
311,134,47,236,341,164
311,134,47,236,63,252
311,134,47,236,342,165
311,134,47,240
311,134,47,154
311,134,47,241
311,134,47,155
311,134,47,242
311,134,47,156
311,134,47,243
311,134,47,157
311,134,47,244
311,134,325,148,63,252
311,134,325,148,342,165
311,134,325,240
311,134,325,154
311,134,325,241
311,134,325,155
311,134,325,242
311,134,325,156
311,134,48,240
311,134,48,154
311,134,48,241
311,134,48,155
311,134,48,242
311,134,48,156
311,134,48,243
311,134,48,157
311,134,48,244
311,134,326,149,62,251
311,134,326,149,341,164
311,134,326,149,63,252
311,134,326,149,342,165
311,134,326,239
311,134,326,153
311,134,326,240
311,134,326,154
311,134,326,241
311,134,326,155
311,134,326,242
311,134,326,156
311,134,49,241
311,134,49,155
311,134,49,242
311,134,49,156
311,134,49,243
311,134,49,157
311,134,49,244
311,134,327,150,63,252
311,134,327,150,342,165
311,134,327,240
311,134,327,154
311,134,327,241
311,134,327,155
311,134,327,242
311,134,327,156
311,134,328,151,342,165
311,134,328,154
311,134,328,241
311,134,328,155
311,134,328,242
311,134,328,156
311,134,50,242
311,134,50,156
311,134,50,243
311,134,50,157
311,134,50,244
311,134,329,155
311,134,329,242
311,134,329,156
311,134,51,240
311,134,51,243
311,134,51,157
311,134,51,244
311,134,330,153
311,134,330,156
311,134,52,241
311,134,52,244
311,134,331,154
311,134,53,242
311,134,332,155
311,134,54,243
311,134,55,244
311,224,50,239
311,224,50,242
311,224,50,156
311,224,329,152
311,224,51,240
311,224,330,153
311,224,52,241
311,224,331,154
311,224,53,242
311,137,52,241
311,137,52,244
311,137,331,154
311,137,53,242
311,137,332,155
311,137,54,243
311,137,55,244
311,225,51,240
311,225,330,153
311,225,52,241
311,225,331,154
311,225,53,242
311,138,51,240
311,138,51,243
311,138,51,157
311,138,51,244
311,138,330,153
311,138,330,156
311,138,52,241
311,138,52,244
311,138,331,154
311,138,53,242
311,138,332,155
311,138,54,243
311,138,55,244
311,139,52,241
311,139,52,244
311,139,331,154
311,139,53,242
311,139,332,155
311,139,54,243
311,139,55,244
311,226,51,240
311,226,330,153
311,226,52,241
311,226,331,154
311,226,53,242
311,140,331,154
311,140,53,242
311,140,332,155
311,140,54,243
311,140,55,244
311,227,52,241
311,227,331,154
311,227,53,242
311,141,332,155
311,141,54,243
311,141,55,244
311,228,53,242
311,142,55,244
129,317,143,331,246,68
129,317,143,331,159,347
129,317,143,331,247,69
129,317,143,58
129,317,143,336
129,317,143,337
129,317,143,59
129,317,143,338
129,317,143,60
129,317,143,339
129,317,230,52,246,68
129,317,230,52,159,347
129,317,230,52,247,69
129,317,230,57
129,317,230,58
129,317,230,336
129,317,230,337
129,317,230,59
129,317,144,332,159,347
129,317,144,332,247,69
129,317,144,336
129,317,144,337
129,317,144,59
129,317,144,338
129,317,144,60
129,317,144,339
129,317,231,53,247,69
129,317,231,58
129,317,231,336
129,317,231,337
129,317,231,59
129,317,145,333,246,68
129,317,145,333,159,347
129,317,145,333,247,69
129,317,145,58
129,317,145,336
129,317,145,337
129,317,145,59
129,317,145,338
129,317,145,60
129,317,145,339
129,317,232,57
129,317,232,58
129,317,232,336
129,317,232,337
129,317,232,59
129,317,146,334,159,347
129,317,146,334,247,69
129,317,146,336
129,317,146,337
129,317,146,59
129,317,146,338
129,317,146,60
129,317,146,339
129,317,233,58
129,317,233,336
129,317,233,337
129,317,233,59
129,317,147,337
129,317,147,59
129,317,147,338
129,317,147,60
129,317,147,339
129,317,234,337
129,317,234,59
129,317,235,57
129,317,235,59
129,317,148,336
129,317,236,58
129,317,149,337
129,317,150,338
129,317,237,59
129,42,236,58
129,42,236,60
129,42,236,339
129,42,236,61
129,42,149,337
129,42,149,62
129,42,150,338
129,42,237,59
129,42,238,60
129,42,152,340
129,42,239,61
129,320,235,57
129,320,235,59
129,320,148,336
129,320,236,58
129,320,149,337
129,320,150,338
129,320,237,59
129,321,148,336
129,321,236,58
129,321,149,337
129,321,150,338
129,321,237,59
129,43,150,338
129,43,237,59
129,43,238,60
129,43,152,340
129,43,239,61
129,44,236,58
129,44,236,60
129,44,236,339
129,44,236,61
129,44,149,337
129,44,149,62
129,44,150,338
129,44,237,59
129,44,238,60
129,44,152,340
129,44,239,61
129,322,235,57
129,322,235,59
129,322,148,336
129,322,236,58
129,322,149,337
129,322,150,338
129,322,237,59
129,323,148,336
129,323,236,58
129,323,149,337
129,323,150,338
129,323,237,59
129,45,150,338
129,45,237,59
129,45,238,60
129,45,152,340
129,45,239,61
129,46,237,59
129,46,238,60
129,46,152,340
129,46,239,61
129,324,149,337
129,324,150,338
129,324,237,59
129,47,238,60
129,47,152,340
129,47,239,61
216,38,232,54,246,68
216,38,232,54,159,347
216,38,232,54,247,69
216,38,232,54,160,348
216,38,232,57
216,38,232,58
216,38,232,336
216,38,232,337
216,38,232,59
216,38,232,338
216,38,232,60
216,38,146,334,159,347
216,38,146,334,247,69
216,38,146,334,160,348
216,38,146,336
216,38,146,337
216,38,146,59
216,38,146,338
216,38,146,60
216,38,146,339
216,38,146,61
216,38,233,55,247,69
216,38,233,55,160,348
216,38,233,58
216,38,233,336
216,38,233,337
216,38,233,59
216,38,233,338
216,38,233,60
216,38,147,335,160,348
216,38,147,337
216,38,147,59
216,38,147,338
216,38,147,60
216,38,147,339
216,38,147,61
216,38,234,337
216,38,234,59
216,38,234,338
216,38,234,60
216,38,235,57
216,38,235,59
216,38,235,338
216,38,235,60
216,38,148,336
216,38,148,61
216,38,236,58
216,38,236,60
216,38,149,337
216,38,150,338
216,38,237,59
216,38,151,339
216,319,142,335,160,348
216,319,147,335,160,348
216,319,147,335
216,319,147,337
216,319,147,59
216,319,147,338
216,319,234,56
216,319,235,57
216,319,148,336
216,319,236,58
216,319,149,337
216,319,150,338
216,41,235,57
216,41,235,59
216,41,235,338
216,41,235,60
216,41,148,336
216,41,148,61
216,41,236,58
216,41,236,60
216,41,149,337
216,41,150,338
216,41,237,59
216,41,151,339
216,42,236,58
216,42,236,60
216,42,149,337
216,42,150,338
216,42,237,59
216,42,151,339
216,320,235,57
216,320,148,336
216,320,236,58
216,320,149,337
216,320,150,338
216,321,144,335,160,348
216,321,147,335,160,348
216,321,147,335
216,321,147,337
216,321,147,59
216,321,147,338
216,321,234,56
216,321,235,57
216,321,148,336
216,321,236,58
216,321,149,337
216,321,150,338
216,43,235,57
216,43,235,59
216,43,235,338
216,43,235,60
216,43,148,336
216,43,148,61
216,43,236,58
216,43,236,60
216,43,149,337
216,43,150,338
216,43,237,59
216,43,151,339
216,44,236,58
216,44,236,60
216,44,149,337
216,44,150,338
216,44,237,59
216,44,151,339
216,322,235,57
216,322,148,336
216,322,236,58
216,322,149,337
216,322,150,338
216,323,148,336
216,323,236,58
216,323,149,337
216,323,150,338
216,45,150,338
216,45,237,59
216,45,151,339
216,46,237,59
216,46,151,339
216,324,149,337
216,324,150,338
34,223,49,238,63,252
34,223,49,238,342,165
34,223,49,238,64,253
34,223,49,241
34,223,49,155
34,223,49,242
34,223,49,156
34,223,49,243
34,223,49,157
34,223,49,244
34,223,49,158
34,223,49,245
34,223,327,150,63,252
34,223,327,150,342,165
34,223,327,150,64,253
34,223,327,240
34,223,327,154
34,223,327,241
34,223,327,155
34,223,327,242
34,223,327,156
34,223,327,243
34,223,327,157
34,223,328,151,342,165
34,223,328,151,64,253
34,223,328,154
34,223,328,241
34,223,328,155
34,223,328,242
34,223,328,156
34,223,328,243
34,223,328,157
34,223,50,239,64,253
34,223,50,242
34,223,50,156
34,223,50,243
34,223,50,157
34,223,50,244
34,223,50,158
34,223,50,245
34,223,329,155
34,223,329,242
34,223,329,156
34,223,329,243
34,223,329,157
34,223,51,243
34,223,51,157
34,223,51,244
34,223,51,158
34,223,51,245
34,223,330,156
34,223,330,243
34,223,330,157
34,223,52,241
34,223,52,244
34,223,52,158
34,223,52,245
34,223,331,154
34,223,331,157
34,223,53,242
34,223,53,245
34,223,332,155
34,223,54,243
34,223,333,156
34,223,55,244
34,223,334,157
34,139,54,243
34,139,54,246
34,139,333,156
34,139,55,244
34,139,334,157
34,139,335,158
34,139,57,246
34,226,53,242
34,226,53,245
34,226,332,155
34,226,54,243
34,226,333,156
34,226,55,244
34,226,334,157
34,140,333,156
34,140,55,244
34,140,334,157
34,140,335,158
34,140,57,246
34,227,52,241
34,227,52,244
34,227,52,158
34,227,52,245
34,227,331,154
34,227,331,157
34,227,53,242
34,227,53,245
34,227,332,155
34,227,54,243
34,227,333,156
34,227,55,244
34,227,334,157
34,141,332,155
34,141,332,158
34,141,54,243
34,141,54,246
34,141,333,156
34,141,55,244
34,141,334,157
34,141,335,158
34,141,57,246
34,228,53,242
34,228,53,245
34,228,332,155
34,228,54,243
34,228,333,156
34,228,55,244
34,228,334,157
34,142,333,156
34,142,55,244
34,142,334,157
34,142,335,158
34,142,57,246
34,229,54,243
34,229,333,156
34,229,55,244
34,229,334,157
34,143,334,157
34,143,335,158
34,143,57,246
34,230,55,244
34,230,334,157
34,144,335,158
34,144,57,246
312,135,325,148,63,252
312,135,325,148,342,165
312,135,325,148,64,253
312,135,325,148,343,166
312,135,325,240
312,135,325,154
312,135,325,241
312,135,325,155
312,135,325,242
312,135,325,156
312,135,325,243
312,135,325,157
312,135,48,237,64,253
312,135,48,237,343,166
312,135,48,242
312,135,48,156
312,135,48,243
312,135,48,157
312,135,48,244
312,135,48,158
312,135,48,245
312,135,326,149,64,253
312,135,326,149,343,166
312,135,326,241
312,135,326,155
312,135,326,242
312,135,326,156
312,135,326,243
312,135,326,157
312,135,49,241
312,135,49,155
312,135,49,242
312,135,49,156
312,135,49,243
312,135,49,157
312,135,49,244
312,135,49,158
312,135,49,245
312,135,327,150,63,252
312,135,327,150,342,165
312,135,327,150,64,253
312,135,327,150,343,166
312,135,327,240
312,135,327,154
312,135,327,241
312,135,327,155
312,135,327,242
312,135,327,156
312,135,327,243
312,135,327,157
312,135,328,151,342,165
312,135,328,151,64,253
312,135,328,151,343,166
312,135,328,154
312,135,328,241
312,135,328,155
312,135,328,242
312,135,328,156
312,135,328,243
312,135,328,157
312,135,50,242
312,135,50,156
312,135,50,243
312,135,50,157
312,135,50,244
312,135,50,158
312,135,50,245
312,135,329,152,343,166
312,135,329,155
312,135,329,242
312,135,329,156
312,135,329,243
312,135,329,157
312,135,51,243
312,135,51,157
312,135,51,244
312,135,51,158
312,135,51,245
312,135,330,156
312,135,330,243
312,135,330,157
312,135,52,241
312,135,52,244
312,135,52,158
312,135,52,245
312,135,331,154
312,135,331,157
312,135,53,242
312,135,53,245
312,135,332,155
312,135,54,243
312,135,333,156
312,135,55,244
312,135,56,245
312,137,52,241
312,137,52,244
312,137,52,158
312,137,52,245
312,137,331,154
312,137,331,157
312,137,53,242
312,137,53,245
312,137,332,155
312,137,54,243
312,137,333,156
312,137,55,244
312,137,56,245
312,225,51,240
312,225,51,243
312,225,51,157
312,225,330,153
312,225,52,241
312,225,331,154
312,225,53,242
312,225,332,155
312,225,54,243
312,138,53,242
312,138,53,245
312,138,332,155
312,138,54,243
312,138,333,156
312,138,55,244
312,138,56,245
312,139,52,241
312,139,52,244
312,139,52,158
312,139,52,245
312,139,331,154
312,139,331,157
312,139,53,242
312,139,53,245
312,139,332,155
312,139,54,243
312,139,333,156
312,139,55,244
312,139,56,245
312,226,51,240
312,226,51,243
312,226,51,157
312,226,330,153
312,226,52,241
312,226,331,154
312,226,53,242
312,226,332,155
312,226,54,243
312,140,331,154
312,140,331,157
312,140,53,242
312,140,53,245
312,140,332,155
312,140,54,243
312,140,333,156
312,140,55,244
312,140,56,245
312,227,52,241
312,227,331,154
312,227,53,242
312,227,332,155
312,227,54,243
312,141,332,155
312,141,54,243
312,141,333,156
312,141,55,244
312,141,56,245
312,228,53,242
312,228,332,155
312,228,54,243
312,142,333,156
312,142,55,244
312,142,56,245
312,229,54,243
312,143,56,245
130,318,144,332,159,347
130,318,144,332,247,69
130,318,144,332,160,348
130,318,144,336
130,318,144,337
130,318,144,59
130,318,144,338
130,318,144,60
130,318,144,339
130,318,144,61
130,318,144,340
130,318,231,53,247,69
130,318,231,53,160,348
130,318,231,58
130,318,231,336
130,318,231,337
130,318,231,59
130,318,231,338
130,318,231,60
130,318,145,333,160,348
130,318,145,337
130,318,145,59
130,318,145,338
130,318,145,60
130,318,145,339
130,318,145,61
130,318,145,340
130,318,232,337
130,318,232,59
130,318,232,338
130,318,232,60
130,318,146,334,159,347
130,318,146,334,247,69
130,318,146,334,160,348
130,318,146,336
130,318,146,337
130,318,146,59
130,318,146,338
130,318,146,60
130,318,146,339
130,318,146,61
130,318,146,340
130,318,233,58
130,318,233,336
130,318,233,337
130,318,233,59
130,318,233,338
130,318,233,60
130,318,147,335,160,348
130,318,147,337
130,318,147,59
130,318,147,338
130,318,147,60
130,318,147,339
130,318,147,61
130,318,147,340
130,318,234,337
130,318,234,59
130,318,234,338
130,318,234,60
130,318,235,59
130,318,235,338
130,318,235,60
130,318,148,336
130,318,148,61
130,318,148,340
130,318,236,58
130,318,236,60
130,318,149,337
130,318,150,338
130,318,237,59
130,318,151,339
130,318,238,60
130,321,148,336
130,321,148,61
130,321,148,340
130,321,236,58
130,321,236,60
130,321,149,337
130,321,150,338
130,321,237,59
130,321,151,339
130,321,238,60
130,43,150,338
130,43,150,63
130,43,237,59
130,43,237,62
130,43,151,339
130,43,238,60
130,43,239,61
130,43,153,341
130,43,240,62
130,44,237,59
130,44,237,62
130,44,151,339
130,44,238,60
130,44,239,61
130,44,153,341
130,44,240,62
130,322,149,337
130,322,150,338
130,322,237,59
130,322,151,339
130,322,238,60
130,323,148,336
130,323,148,61
130,323,148,340
130,323,236,58
130,323,236,60
130,323,149,337
130,323,150,338
130,323,237,59
130,323,151,339
130,323,238,60
130,45,150,338
130,45,150,63
130,45,237,59
130,45,237,62
130,45,151,339
130,45,238,60
130,45,239,61
130,45,153,341
130,45,240,62
130,46,237,59
130,46,237,62
130,46,151,339
130,46,238,60
130,46,239,61
130,46,153,341
130,46,240,62
130,324,149,337
130,324,150,338
130,324,237,59
130,324,151,339
130,324,238,60
130,47,238,60
130,47,239,61
130,47,153,341
130,47,240,62
130,325,238,60
130,48,240,62
217,39,233,55,247,69
217,39,233,55,160,348
217,39,233,55,161,349
217,39,233,58
217,39,233,336
217,39,233,337
217,39,233,59
217,39,233,338
217,39,233,60
217,39,233,339
217,39,233,61
217,39,147,335,160,348
217,39,147,335,161,349
217,39,147,337
217,39,147,59
217,39,147,338
217,39,147,60
217,39,147,339
217,39,147,61
217,39,147,340
217,39,147,62
217,39,234,56,161,349
217,39,234,337
217,39,234,59
217,39,234,338
217,39,234,60
217,39,234,339
217,39,234,61
217,39,235,59
217,39,235,338
217,39,235,60
217,39,235,339
217,39,235,61
217,39,148,61
217,39,148,340
217,39,148,62
217,39,236,58
217,39,236,60
217,39,236,339
217,39,236,61
217,39,149,337
217,39,149,62
217,39,150,338
217,39,237,59
217,39,151,339
217,39,238,60
217,39,152,340
217,42,236,58
217,42,236,60
217,42,236,339
217,42,236,61
217,42,149,337
217,42,149,62
217,42,150,338
217,42,237,59
217,42,151,339
217,42,238,60
217,42,152,340
217,320,235,57
217,320,235,59
217,320,148,336
217,320,236,58
217,320,149,337
217,320,150,338
217,320,237,59
217,320,151,339
217,321,148,336
217,321,236,58
217,321,149,337
217,321,150,338
217,321,237,59
217,321,151,339
217,43,150,338
217,43,237,59
217,43,151,339
217,43,238,60
217,43,152,340
217,44,236,58
217,44,236,60
217,44,236,339
217,44,236,61
217,44,149,337
217,44,149,62
217,44,150,338
217,44,237,59
217,44,151,339
217,44,238,60
217,44,152,340
217,322,235,57
217,322,235,59
217,322,148,336
217,322,236,58
217,322,149,337
217,322,150,338
217,322,237,59
217,322,151,339
217,323,148,336
217,323,236,58
217,323,149,337
217,323,150,338
217,323,237,59
217,323,151,339
217,45,150,338
217,45,237,59
217,45,151,339
217,45,238,60
217,45,152,340
217,46,237,59
217,46,151,339
217,46,238,60
217,46,152,340
217,324,149,337
217,324,150,338
217,324,237,59
217,324,151,339
217,47,238,60
217,47,152,340
35,224,50,239,64,253
35,224,50,239,343,166
35,224,50,239,65,254
35,224,50,242
35,224,50,156
35,224,50,243
35,224,50,157
35,224,50,244
35,224,50,158
35,224,50,245
35,224,50,246
35,224,329,152,343,166
35,224,329,152,65,254
35,224,329,155
35,224,329,242
35,224,329,156
35,224,329,243
35,224,329,157
35,224,329,244
35,224,329,158
35,224,51,240,65,254
35,224,51,243
35,224,51,157
35,224,51,244
35,224,51,158
35,224,51,245
35,224,51,246
35,224,330,156
35,224,330,243
35,224,330,157
35,224,330,244
35,224,330,158
35,224,52,244
35,224,52,158
35,224,52,245
35,224,52,246
35,224,331,157
35,224,331,244
35,224,331,158
35,224,53,242
35,224,53,245
35,224,53,246
35,224,332,155
35,224,332,158
35,224,54,243
35,224,54,246
35,224,333,156
35,224,55,244
35,224,334,157
35,224,56,245
35,224,335,158
35,226,53,242
35,226,53,245
35,226,53,246
35,226,332,155
35,226,332,158
35,226,54,243
35,226,54,246
35,226,333,156
35,226,55,244
35,226,334,157
35,226,56,245
35,226,335,158
35,140,333,156
35,140,55,244
35,140,55,247
35,140,334,157
35,140,56,245
35,140,335,158
35,140,58,247
35,227,54,243
35,227,54,246
35,227,333,156
35,227,55,244
35,227,334,157
35,227,56,245
35,227,335,158
35,141,334,157
35,141,56,245
35,141,335,158
35,141,58,247
35,228,53,242
35,228,53,245
35,228,53,246
35,228,332,155
35,228,332,158
35,228,54,243
35,228,54,246
35,228,333,156
35,228,55,244
35,228,334,157
35,228,56,245
35,228,335,158
35,142,333,156
35,142,55,244
35,142,55,247
35,142,334,157
35,142,56,245
35,142,335,158
35,142,58,247
35,229,54,243
35,229,54,246
35,229,333,156
35,229,55,244
35,229,334,157
35,229,56,245
35,229,335,158
35,143,334,157
35,143,56,245
35,143,335,158
35,143,58,247
35,230,55,244
35,230,334,157
35,230,56,245
35,230,335,158
35,144,335,158
35,144,58,247
35,231,56,245
35,231,335,158
35,145,58,247
313,136,48,237,64,253
313,136,48,237,343,166
313,136,48,237,65,254
313,136,48,237,344,167
313,136,48,242
313,136,48,156
313,136,48,243
313,136,48,157
313,136,48,244
313,136,48,158
313,136,48,245
313,136,48,246
313,136,326,149,64,253
313,136,326,149,343,166
313,136,326,149,65,254
313,136,326,149,344,167
313,136,326,241
313,136,326,155
313,136,326,242
313,136,326,156
313,136,326,243
313,136,326,157
313,136,326,244
313,136,326,158
313,136,49,238,65,254
313,136,49,238,344,167
313,136,49,243
313,136,49,157
313,136,49,244
313,136,49,158
313,136,49,245
313,136,49,246
313,136,327,150,65,254
313,136,327,150,344,167
313,136,327,242
313,136,327,156
313,136,327,243
313,136,327,157
313,136,327,244
313,136,327,158
313,136,328,151,344,167
313,136,328,156
313,136,328,243
313,136,328,157
313,136,328,244
313,136,328,158
313,136,50,242
313,136,50,156
313,136,50,243
313,136,50,157
313,136,50,244
313,136,50,158
313,136,50,245
313,136,50,246
313,136,329,152,343,166
313,136,329,152,65,254
313,136,329,152,344,167
313,136,329,155
313,136,329,242
313,136,329,156
313,136,329,243
313,136,329,157
313,136,329,244
313,136,329,158
313,136,51,243
313,136,51,157
313,136,51,244
313,136,51,158
313,136,51,245
313,136,51,246
313,136,330,153,344,167
313,136,330,156
313,136,330,243
313,136,330,157
313,136,330,244
313,136,330,158
313,136,52,244
313,136,52,158
313,136,52,245
313,136,52,246
313,136,331,157
313,136,331,244
313,136,331,158
313,136,53,242
313,136,53,245
313,136,53,246
313,136,332,155
313,136,332,158
313,136,54,243
313,136,54,246
313,136,333,156
313,136,55,244
313,136,334,157
313,136,56,245
313,136,57,246
313,138,53,242
313,138,53,245
313,138,53,246
313,138,332,155
313,138,332,158
313,138,54,243
313,138,54,246
313,138,333,156
313,138,55,244
313,138,334,157
313,138,56,245
313,138,57,246
313,139,54,243
313,139,54,246
313,139,333,156
313,139,55,244
313,139,334,157
313,139,56,245
313,139,57,246
313,226,53,242
313,226,332,155
313,226,54,243
313,226,333,156
313,226,55,244
313,140,333,156
313,140,55,244
313,140,334,157
313,140,56,245
313,140,57,246
313,227,52,241
313,227,52,244
313,227,52,158
313,227,331,154
313,227,53,242
313,227,332,155
313,227,54,243
313,227,333,156
313,227,55,244
313,141,332,155
313,141,332,158
313,141,54,243
313,141,54,246
313,141,333,156
313,141,55,244
313,141,334,157
313,141,56,245
313,141,57,246
313,228,53,242
313,228,332,155
313,228,54,243
313,228,333,156
313,228,55,244
313,142,333,156
313,142,55,244
313,142,334,157
313,142,56,245
313,142,57,246
313,229,54,243
313,229,333,156
313,229,55,244
313,143,334,157
313,143,56,245
313,143,57,246
313,230,55,244
313,144,57,246
131,319,145,333,160,348
131,319,145,333,161,349
131,319,145,333,248,70
131,319,145,333,162,350
131,319,145,337
131,319,145,59
131,319,145,338
131,319,145,60
131,319,145,339
131,319,145,61
131,319,145,340
131,319,145,62
131,319,145,341
131,319,232,54,161,349
131,319,232,54,248,70
131,319,232,54,162,350
131,319,232,337
131,319,232,59
131,319,232,338
131,319,232,60
131,319,232,339
131,319,232,61
131,319,146,334,161,349
131,319,146,334,248,70
131,319,146,334,162,350
131,319,146,338
131,319,146,60
131,319,146,339
131,319,146,61
131,319,146,340
131,319,146,62
131,319,146,341
131,319,233,55,248,70
131,319,233,55,162,350
131,319,233,59
131,319,233,338
131,319,233,60
131,319,233,339
131,319,233,61
131,319,147,335,160,348
131,319,147,335,161,349
131,319,147,335,248,70
131,319,147,335,162,350
131,319,147,337
131,319,147,59
131,319,147,338
131,319,147,60
131,319,147,339
131,319,147,61
131,319,147,340
131,319,147,62
131,319,147,341
131,319,234,337
131,319,234,59
131,319,234,338
131,319,234,60
131,319,234,339
131,319,234,61
131,319,235,59
131,319,235,338
131,319,235,60
131,319,235,339
131,319,235,61
131,319,148,61
131,319,148,340
131,319,148,62
131,319,148,341
131,319,236,60
131,319,236,339
131,319,236,61
131,319,149,337
131,319,149,62
131,319,149,341
131,319,150,338
131,319,237,59
131,319,151,339
131,319,238,60
131,319,152,340
131,319,239,61
131,44,237,59
131,44,237,62
131,44,237,341
131,44,237,63
131,44,151,339
131,44,151,342
131,44,151,64
131,44,238,60
131,44,238,63
131,44,152,340
131,44,239,61
131,44,240,62
131,44,154,342
131,44,241,63
131,322,149,337
131,322,149,62
131,322,149,341
131,322,150,338
131,322,237,59
131,322,151,339
131,322,238,60
131,322,152,340
131,322,239,61
131,323,150,338
131,323,237,59
131,323,151,339
131,323,238,60
131,323,152,340
131,323,239,61
131,45,238,60
131,45,238,63
131,45,152,340
131,45,239,61
131,45,240,62
131,45,154,342
131,45,241,63
131,46,237,59
131,46,237,62
131,46,237,341
131,46,237,63
131,46,151,339
131,46,151,342
131,46,151,64
131,46,238,60
131,46,238,63
131,46,152,340
131,46,239,61
131,46,240,62
131,46,154,342
131,46,241,63
131,324,149,337
131,324,149,62
131,324,149,341
131,324,150,338
131,324,237,59
131,324,151,339
131,324,238,60
131,324,152,340
131,324,239,61
131,47,238,60
131,47,238,63
131,47,152,340
131,47,239,61
131,47,240,62
131,47,154,342
131,47,241,63
131,325,238,60
131,325,152,340
131,325,239,61
131,48,240,62
131,48,154,342
131,48,241,63
131,326,239,61
131,49,241,63
218,40,234,56,161,349
218,40,234,56,248,70
218,40,234,56,162,350
218,40,234,337
218,40,234,59
218,40,234,338
218,40,234,60
218,40,234,339
218,40,234,61
218,40,234,340
218,40,234,62
218,40,235,57,248,70
218,40,235,57,162,350
218,40,235,59
218,40,235,338
218,40,235,60
218,40,235,339
218,40,235,61
218,40,235,340
218,40,235,62
218,40,148,61
218,40,148,340
218,40,148,62
218,40,148,341
218,40,148,63
218,40,236,60
218,40,236,339
218,40,236,61
218,40,236,340
218,40,236,62
218,40,149,62
218,40,149,341
218,40,149,63
218,40,150,338
218,40,150,63
218,40,237,59
218,40,237,62
218,40,151,339
218,40,238,60
218,40,152,340
218,40,239,61
218,40,153,341
218,321,148,336
218,321,148,61
218,321,148,340
218,321,236,58
218,321,236,60
218,321,149,337
218,321,150,338
218,321,237,59
218,321,151,339
218,321,238,60
218,321,152,340
218,43,150,338
218,43,150,63
218,43,237,59
218,43,237,62
218,43,151,339
218,43,238,60
218,43,152,340
218,43,239,61
218,43,153,341
218,44,237,59
218,44,237,62
218,44,151,339
218,44,238,60
218,44,152,340
218,44,239,61
218,44,153,341
218,322,149,337
218,322,150,338
218,322,237,59
218,322,151,339
218,322,238,60
218,322,152,340
218,323,148,336
218,323,148,61
218,323,148,340
218,323,236,58
218,323,236,60
218,323,149,337
218,323,150,338
218,323,237,59
218,323,151,339
218,323,238,60
218,323,152,340
218,45,150,338
218,45,150,63
218,45,237,59
218,45,237,62
218,45,151,339
218,45,238,60
218,45,152,340
218,45,239,61
218,45,153,341
218,46,237,59
218,46,237,62
218,46,151,339
218,46,238,60
218,46,152,340
218,46,239,61
218,46,153,341
218,324,149,337
218,324,150,338
218,324,237,59
218,324,151,339
218,324,238,60
218,324,152,340
218,47,238,60
218,47,152,340
218,47,239,61
218,47,153,341
218,325,238,60
218,325,152,340
36,225,51,240,65,254
36,225,51,240,344,167
36,225,51,240,66,255
36,225,51,243
36,225,51,157
36,225,51,244
36,225,51,158
36,225,51,245
36,225,51,246
36,225,51,159
36,225,51,247
36,225,330,153,344,167
36,225,330,153,66,255
36,225,330,156
36,225,330,243
36,225,330,157
36,225,330,244
36,225,330,158
36,225,330,245
36,225,52,241,66,255
36,225,52,244
36,225,52,158
36,225,52,245
36,225,52,246
36,225,52,159
36,225,52,247
36,225,331,157
36,225,331,244
36,225,331,158
36,225,331,245
36,225,53,245
36,225,53,246
36,225,53,159
36,225,53,247
36,225,332,158
36,225,332,245
36,225,54,243
36,225,54,246
36,225,54,159
36,225,54,247
36,225,333,156
36,225,55,244
36,225,55,247
36,225,334,157
36,225,56,245
36,225,335,158
36,225,57,246
36,227,54,243
36,227,54,246
36,227,54,159
36,227,54,247
36,227,333,156
36,227,55,244
36,227,55,247
36,227,334,157
36,227,56,245
36,227,335,158
36,227,57,246
36,141,334,157
36,141,334,159
36,141,56,245
36,141,335,158
36,141,57,246
36,141,336,159
36,228,55,244
36,228,55,247
36,228,334,157
36,228,56,245
36,228,335,158
36,228,57,246
36,142,335,158
36,142,57,246
36,142,336,159
36,229,54,243
36,229,54,246
36,229,54,159
36,229,54,247
36,229,333,156
36,229,55,244
36,229,55,247
36,229,334,157
36,229,56,245
36,229,335,158
36,229,57,246
36,143,334,157
36,143,334,159
36,143,56,245
36,143,335,158
36,143,57,246
36,143,336,159
36,230,55,244
36,230,55,247
36,230,334,157
36,230,56,245
36,230,335,158
36,230,57,246
36,144,335,158
36,144,57,246
36,144,336,159
36,231,56,245
36,231,335,158
36,231,57,246
36,145,336,159
36,232,57,246
36,146,336,159
132,320,146,334,161,349
132,320,146,334,248,70
132,320,146,334,162,350
132,320,146,334,249,71
132,320,146,334,163,351
132,320,146,338
132,320,146,60
132,320,146,339
132,320,146,61
132,320,146,340
132,320,146,62
132,320,146,341
132,320,146,63
132,320,146,342
132,320,233,55,248,70
132,320,233,55,162,350
132,320,233,55,249,71
132,320,233,55,163,351
132,320,233,59
132,320,233,338
132,320,233,60
132,320,233,339
132,320,233,61
132,320,233,340
132,320,233,62
132,320,147,335,249,71
132,320,147,335,163,351
132,320,147,61
132,320,147,340
132,320,147,62
132,320,147,341
132,320,147,63
132,320,147,342
132,320,234,56,249,71
132,320,234,56,163,351
132,320,234,60
132,320,234,339
132,320,234,61
132,320,234,340
132,320,234,62
132,320,235,59
132,320,235,338
132,320,235,60
132,320,235,339
132,320,235,61
132,320,235,340
132,320,235,62
132,320,148,336,249,71
132,320,148,336,163,351
132,320,148,61
132,320,148,340
132,320,148,62
132,320,148,341
132,320,148,63
132,320,148,342
132,320,236,60
132,320,236,339
132,320,236,61
132,320,236,340
132,320,236,62
132,320,149,62
132,320,149,341
132,320,149,63
132,320,149,342
132,320,150,338
132,320,150,63
132,320,150,342
132,320,237,59
132,320,237,62
132,320,151,339
132,320,151,342
132,320,238,60
132,320,152,340
132,320,239,61
132,320,153,341
132,320,240,62
132,323,150,338
132,323,150,63
132,323,150,342
132,323,237,59
132,323,237,62
132,323,151,339
132,323,151,342
132,323,238,60
132,323,152,340
132,323,239,61
132,323,153,341
132,323,240,62
132,45,238,60
132,45,238,63
132,45,238,342
132,45,238,64
132,45,152,340
132,45,152,343
132,45,152,65
132,45,239,61
132,45,239,64
132,45,153,341
132,45,240,62
132,45,241,63
132,45,155,343
132,45,242,64
132,46,239,61
132,46,239,64
132,46,153,341
132,46,240,62
132,46,241,63
132,46,155,343
132,46,242,64
132,324,238,60
132,324,152,340
132,324,239,61
132,324,153,341
132,324,240,62
132,47,238,60
132,47,238,63
132,47,238,342
132,47,238,64
132,47,152,340
132,47,152,343
132,47,152,65
132,47,239,61
132,47,239,64
132,47,153,341
132,47,240,62
132,47,241,63
132,47,155,343
132,47,242,64
132,325,238,60
132,325,152,340
132,325,239,61
132,325,153,341
132,325,240,62
132,48,240,62
132,48,241,63
132,48,155,343
132,48,242,64
132,326,239,61
132,326,153,341
132,326,240,62
132,49,241,63
132,49,155,343
132,49,242,64
132,327,240,62
132,50,242,64
219,41,235,57,248,70
219,41,235,57,162,350
219,41,235,57,249,71
219,41,235,57,163,351
219,41,235,59
219,41,235,338
219,41,235,60
219,41,235,339
219,41,235,61
219,41,235,340
219,41,235,62
219,41,235,341
219,41,235,63
219,41,148,336,249,71
219,41,148,336,163,351
219,41,148,61
219,41,148,340
219,41,148,62
219,41,148,341
219,41,148,63
219,41,148,342
219,41,148,64
219,41,236,58,249,71
219,41,236,58,163,351
219,41,236,60
219,41,236,339
219,41,236,61
219,41,236,340
219,41,236,62
219,41,236,341
219,41,236,63
219,41,149,62
219,41,149,341
219,41,149,63
219,41,149,342
219,41,149,64
219,41,150,63
219,41,150,342
219,41,150,64
219,41,237,59
219,41,237,62
219,41,237,341
219,41,237,63
219,41,151,339
219,41,151,342
219,41,151,64
219,41,238,60
219,41,238,63
219,41,152,340
219,41,239,61
219,41,153,341
219,41,240,62
219,41,154,342
219,44,237,59
219,44,237,62
219,44,237,341
219,44,237,63
219,44,151,339
219,44,151,342
219,44,151,64
219,44,238,60
219,44,238,63
219,44,152,340
219,44,239,61
219,44,153,341
219,44,240,62
219,44,154,342
219,322,149,337
219,322,149,62
219,322,149,341
219,322,150,338
219,322,237,59
219,322,151,339
219,322,238,60
219,322,152,340
219,322,239,61
219,322,153,341
219,323,150,338
219,323,237,59
219,323,151,339
219,323,238,60
219,323,152,340
219,323,239,61
219,323,153,341
219,45,238,60
219,45,238,63
219,45,152,340
219,45,239,61
219,45,153,341
219,45,240,62
219,45,154,342
219,46,237,59
219,46,237,62
219,46,237,341
219,46,237,63
219,46,151,339
219,46,151,342
219,46,151,64
219,46,238,60
219,46,238,63
219,46,152,340
219,46,239,61
219,46,153,341
219,46,240,62
219,46,154,342
219,324,149,337
219,324,149,62
219,324,149,341
219,324,150,338
219,324,237,59
219,324,151,339
219,324,238,60
219,324,152,340
219,324,239,61
219,324,153,341
219,47,238,60
219,47,238,63
219,47,152,340
219,47,239,61
219,47,153,341
219,47,240,62
219,47,154,342
219,325,238,60
219,325,152,340
219,325,239,61
219,325,153,341
219,48,240,62
219,48,154,342
219,326,239,61
219,326,153,341
314,137,50,239,66,255
314,137,50,239,345,168
314,137,50,239,67,256
314,137,50,239,346,169
314,137,50,244
314,137,50,158
314,137,50,245
314,137,50,246
314,137,50,159
314,137,50,247
314,137,50,160
314,137,329,152,345,168
314,137,329,152,67,256
314,137,329,152,346,169
314,137,329,157
314,137,329,244
314,137,329,158
314,137,329,245
314,137,329,246
314,137,329,159
314,137,51,240,67,256
314,137,51,240,346,169
314,137,51,245
314,137,51,246
314,137,51,159
314,137,51,247
314,137,51,160
314,137,330,153,346,169
314,137,330,158
314,137,330,245
314,137,330,246
314,137,330,159
314,137,52,244
314,137,52,158
314,137,52,245
314,137,52,246
314,137,52,159
314,137,52,247
314,137,52,160
314,137,331,154,345,168
314,137,331,154,67,256
314,137,331,154,346,169
314,137,331,157
314,137,331,244
314,137,331,158
314,137,331,245
314,137,331,246
314,137,331,159
314,137,53,245
314,137,53,246
314,137,53,159
314,137,53,247
314,137,53,160
314,137,332,155,346,169
314,137,332,158
314,137,332,245
314,137,332,246
314,137,332,159
314,137,54,246
314,137,54,159
314,137,54,247
314,137,54,160
314,137,333,246
314,137,333,159
314,137,55,244
314,137,55,247
314,137,55,160
314,137,334,157
314,137,334,159
314,137,56,245
314,137,335,158
314,137,57,246
314,137,58,247
314,227,54,243
314,227,54,246
314,227,54,159
314,227,333,156
314,227,55,244
314,227,334,157
314,227,56,245
314,227,335,158
314,227,57,246
314,141,334,157
314,141,334,159
314,141,56,245
314,141,335,158
314,141,57,246
314,141,58,247
314,228,55,244
314,228,334,157
314,228,56,245
314,228,335,158
314,228,57,246
314,142,335,158
314,142,57,246
314,142,58,247
314,229,54,243
314,229,54,246
314,229,54,159
314,229,333,156
314,229,55,244
314,229,334,157
314,229,56,245
314,229,335,158
314,229,57,246
314,143,334,157
314,143,334,159
314,143,56,245
314,143,335,158
314,143,57,246
314,143,58,247
314,230,55,244
314,230,334,157
314,230,56,245
314,230,335,158
314,230,57,246
314,144,335,158
314,144,57,246
314,144,58,247
314,231,56,245
314,231,335,158
314,231,57,246
314,145,58,247
314,232,57,246
133,321,147,335,249,71
133,321,147,335,163,351
133,321,147,335,250,72
133,321,147,335,164,352
133,321,147,61
133,321,147,340
133,321,147,62
133,321,147,341
133,321,147,63
133,321,147,342
133,321,147,64
133,321,147,343
133,321,234,56,249,71
133,321,234,56,163,351
133,321,234,56,250,72
133,321,234,56,164,352
133,321,234,60
133,321,234,339
133,321,234,61
133,321,234,340
133,321,234,62
133,321,234,341
133,321,234,63
133,321,235,57,250,72
133,321,235,57,164,352
133,321,235,61
133,321,235,340
133,321,235,62
133,321,235,341
133,321,235,63
133,321,148,336,249,71
133,321,148,336,163,351
133,321,148,336,250,72
133,321,148,336,164,352
133,321,148,61
133,321,148,340
133,321,148,62
133,321,148,341
133,321,148,63
133,321,148,342
133,321,148,64
133,321,148,343
133,321,236,60
133,321,236,339
133,321,236,61
133,321,236,340
133,321,236,62
133,321,236,341
133,321,236,63
133,321,149,337,250,72
133,321,149,337,164,352
133,321,149,62
133,321,149,341
133,321,149,63
133,321,149,342
133,321,149,64
133,321,149,343
133,321,150,63
133,321,150,342
133,321,150,64
133,321,150,343
133,321,237,62
133,321,237,341
133,321,237,63
133,321,151,342
133,321,151,64
133,321,151,343
133,321,238,60
133,321,238,63
133,321,152,340
133,321,152,343
133,321,239,61
133,321,153,341
133,321,240,62
133,321,154,342
133,321,241,63
133,46,239,61
133,46,239,64
133,46,239,343
133,46,239,65
133,46,153,341
133,46,153,344
133,46,153,66
133,46,240,62
133,46,240,65
133,46,154,342
133,46,241,63
133,46,242,64
133,46,156,344
133,46,243,65
133,324,238,60
133,324,238,63
133,324,152,340
133,324,152,343
133,324,239,61
133,324,153,341
133,324,240,62
133,324,154,342
133,324,241,63
133,47,240,62
133,47,240,65
133,47,154,342
133,47,241,63
133,47,242,64
133,47,156,344
133,47,243,65
133,325,238,60
133,325,238,63
133,325,152,340
133,325,152,343
133,325,239,61
133,325,153,341
133,325,240,62
133,325,154,342
133,325,241,63
133,48,240,62
133,48,240,65
133,48,154,342
133,48,241,63
133,48,242,64
133,48,156,344
133,48,243,65
133,326,239,61
133,326,153,341
133,326,240,62
133,326,154,342
133,326,241,63
133,49,241,63
133,49,242,64
133,49,156,344
133,49,243,65
133,327,240,62
133,327,154,342
133,327,241,63
133,328,154,342
133,328,241,63
133,50,242,64
133,50,156,344
133,50,243,65
133,51,243,65
220,42,236,58,249,71
220,42,236,58,163,351
220,42,236,58,250,72
220,42,236,58,164,352
220,42,236,60
220,42,236,339
220,42,236,61
220,42,236,340
220,42,236,62
220,42,236,341
220,42,236,63
220,42,236,342
220,42,236,64
220,42,149,337,250,72
220,42,149,337,164,352
220,42,149,62
220,42,149,341
220,42,149,63
220,42,149,342
220,42,149,64
220,42,149,343
220,42,149,65
220,42,150,63
220,42,150,342
220,42,150,64
220,42,150,343
220,42,150,65
220,42,237,62
220,42,237,341
220,42,237,63
220,42,237,342
220,42,237,64
220,42,151,342
220,42,151,64
220,42,151,343
220,42,151,65
220,42,238,60
220,42,238,63
220,42,238,342
220,42,238,64
220,42,152,340
220,42,152,343
220,42,152,65
220,42,239,61
220,42,239,64
220,42,153,341
220,42,240,62
220,42,154,342
220,42,241,63
220,42,155,343
220,323,150,338
220,323,150,63
220,323,150,342
220,323,237,59
220,323,237,62
220,323,151,339
220,323,151,342
220,323,238,60
220,323,152,340
220,323,239,61
220,323,153,341
220,323,240,62
220,323,154,342
220,45,238,60
220,45,238,63
220,45,238,342
220,45,238,64
220,45,152,340
220,45,152,343
220,45,152,65
220,45,239,61
220,45,239,64
220,45,153,341
220,45,240,62
220,45,154,342
220,45,241,63
220,45,155,343
220,46,239,61
220,46,239,64
220,46,153,341
220,46,240,62
220,46,154,342
220,46,241,63
220,46,155,343
220,324,238,60
220,324,152,340
220,324,239,61
220,324,153,341
220,324,240,62
220,324,154,342
220,47,238,60
220,47,238,63
220,47,238,342
220,47,238,64
220,47,152,340
220,47,152,343
220,47,152,65
220,47,239,61
220,47,239,64
220,47,153,341
220,47,240,62
220,47,154,342
220,47,241,63
220,47,155,343
220,325,238,60
220,325,152,340
220,325,239,61
220,325,153,341
220,325,240,62
220,325,154,342
220,48,240,62
220,48,154,342
220,48,241,63
220,48,155,343
220,326,239,61
220,326,153,341
220,326,240,62
220,326,154,342
220,49,241,63
220,49,155,343
220,327,240,62
220,327,154,342
220,328,154,342
37,226,53,242,67,256
37,226,53,242,346,169
37,226,53,242,68,257
37,226,53,245
37,226,53,246
37,226,53,159
37,226,53,247
37,226,53,160
37,226,53,161
37,226,53,248
37,226,332,155,346,169
37,226,332,155,68,257
37,226,332,158
37,226,332,245
37,226,332,246
37,226,332,159
37,226,332,247
37,226,332,160
37,226,54,243,68,257
37,226,54,246
37,226,54,159
37,226,54,247
37,226,54,160
37,226,54,161
37,226,54,248
37,226,333,246
37,226,333,159
37,226,333,247
37,226,333,160
37,226,55,247
37,226,55,160
37,226,55,161
37,226,55,248
37,226,334,159
37,226,334,247
37,226,334,160
37,226,56,245
37,226,56,161
37,226,56,248
37,226,335,158
37,226,335,160
37,226,57,246
37,226,57,248
37,226,58,247
37,226,336,159
37,226,337,160
37,229,56,245
37,229,56,161
37,229,56,248
37,229,335,158
37,229,335,160
37,229,57,246
37,229,57,248
37,229,58,247
37,229,336,159
37,229,337,160
37,143,58,247
37,143,58,249
37,143,336,159
37,143,337,160
37,143,338,161
37,143,60,249
37,230,57,246
37,230,57,248
37,230,58,247
37,230,336,159
37,230,337,160
37,144,336,159
37,144,337,160
37,144,338,161
37,144,60,249
37,231,56,245
37,231,56,161
37,231,56,248
37,231,335,158
37,231,335,160
37,231,57,246
37,231,57,248
37,231,58,247
37,231,336,159
37,231,337,160
37,145,58,247
37,145,58,249
37,145,336,159
37,145,337,160
37,145,338,161
37,145,60,249
37,232,57,246
37,232,57,248
37,232,58,247
37,232,336,159
37,232,337,160
37,146,336,159
37,146,337,160
37,146,338,161
37,146,60,249
37,233,58,247
37,233,336,159
37,233,337,160
37,147,337,160
37,147,338,161
37,147,60,249
37,234,337,160
315,138,51,240,67,256
315,138,51,240,346,169
315,138,51,240,68,257
315,138,51,245
315,138,51,246
315,138,51,159
315,138,51,247
315,138,51,160
315,138,51,161
315,138,51,248
315,138,330,153,346,169
315,138,330,153,68,257
315,138,330,158
315,138,330,245
315,138,330,246
315,138,330,159
315,138,330,247
315,138,330,160
315,138,52,241,68,257
315,138,52,246
315,138,52,159
315,138,52,247
315,138,52,160
315,138,52,161
315,138,52,248
315,138,331,246
315,138,331,159
315,138,331,247
315,138,331,160
315,138,53,245
315,138,53,246
315,138,53,159
315,138,53,247
315,138,53,160
315,138,53,161
315,138,53,248
315,138,332,155,346,169
315,138,332,155,68,257
315,138,332,158
315,138,332,245
315,138,332,246
315,138,332,159
315,138,332,247
315,138,332,160
315,138,54,246
315,138,54,159
315,138,54,247
315,138,54,160
315,138,54,161
315,138,54,248
315,138,333,246
315,138,333,159
315,138,333,247
315,138,333,160
315,138,55,247
315,138,55,160
315,138,55,161
315,138,55,248
315,138,334,159
315,138,334,247
315,138,334,160
315,138,56,245
315,138,56,161
315,138,56,248
315,138,335,158
315,138,335,160
315,138,57,246
315,138,57,248
315,138,58,247
315,138,336,159
315,138,59,248
315,228,55,244
315,228,55,247
315,228,55,160
315,228,334,157
315,228,56,245
315,228,335,158
315,228,57,246
315,228,58,247
315,142,335,158
315,142,335,160
315,142,57,246
315,142,57,248
315,142,58,247
315,142,336,159
315,142,59,248
315,229,56,245
315,229,335,158
315,229,57,246
315,229,58,247
315,143,58,247
315,143,336,159
315,143,59,248
315,230,55,244
315,230,55,247
315,230,55,160
315,230,334,157
315,230,56,245
315,230,335,158
315,230,57,246
315,230,58,247
315,144,335,158
315,144,335,160
315,144,57,246
315,144,57,248
315,144,58,247
315,144,336,159
315,144,59,248
315,231,56,245
315,231,335,158
315,231,57,246
315,231,58,247
315,145,58,247
315,145,336,159
315,145,59,248
315,232,57,246
315,232,58,247
315,146,336,159
315,146,59,248
315,233,58,247
315,147,59,248
134,322,235,57,250,72
134,322,235,57,164,352
134,322,235,57,251,73
134,322,235,57,165,353
134,322,235,61
134,322,235,340
134,322,235,62
134,322,235,341
134,322,235,63
134,322,235,342
134,322,235,64
134,322,148,336,251,73
134,322,148,336,165,353
134,322,148,63
134,322,148,342
134,322,148,64
134,322,148,343
134,322,148,65
134,322,148,344
134,322,236,58,251,73
134,322,236,58,165,353
134,322,236,62
134,322,236,341
134,322,236,63
134,322,236,342
134,322,236,64
134,322,149,337,250,72
134,322,149,337,164,352
134,322,149,337,251,73
134,322,149,337,165,353
134,322,149,62
134,322,149,341
134,322,149,63
134,322,149,342
134,322,149,64
134,322,149,343
134,322,149,65
134,322,149,344
134,322,150,338,251,73
134,322,150,338,165,353
134,322,150,63
134,322,150,342
134,322,150,64
134,322,150,343
134,322,150,65
134,322,150,344
134,322,237,62
134,322,237,341
134,322,237,63
134,322,237,342
134,322,237,64
134,322,151,339,165,353
134,322,151,342
134,322,151,64
134,322,151,343
134,322,151,65
134,322,151,344
134,322,238,63
134,322,238,342
134,322,238,64
134,322,152,343
134,322,152,65
134,322,152,344
134,322,239,61
134,322,239,64
134,322,153,341
134,322,153,344
134,322,240,62
134,322,154,342
134,322,241,63
134,322,155,343
134,322,242,64
134,47,240,62
134,47,240,65
134,47,240,344
134,47,240,66
134,47,154,342
134,47,154,345
134,47,154,67
134,47,241,63
134,47,241,66
134,47,155,343
134,47,242,64
134,47,243,65
134,47,157,345
134,47,244,66
134,325,240,62
134,325,154,342
134,325,241,63
134,325,155,343
134,325,242,64
134,48,240,62
134,48,240,65
134,48,240,344
134,48,240,66
134,48,154,342
134,48,154,345
134,48,154,67
134,48,241,63
134,48,241,66
134,48,155,343
134,48,242,64
134,48,243,65
134,48,157,345
134,48,244,66
134,326,239,61
134,326,239,64
134,326,153,341
134,326,153,344
134,326,240,62
134,326,154,342
134,326,241,63
134,326,155,343
134,326,242,64
134,49,241,63
134,49,241,66
134,49,155,343
134,49,242,64
134,49,243,65
134,49,157,345
134,49,244,66
134,327,240,62
134,327,154,342
134,327,241,63
134,327,155,343
134,327,242,64
134,328,154,342
134,328,241,63
134,328,155,343
134,328,242,64
134,50,242,64
134,50,243,65
134,50,157,345
134,50,244,66
134,329,155,343
134,329,242,64
134,51,243,65
134,51,157,345
134,51,244,66
134,52,244,66
221,43,150,338,251,73
221,43,150,338,165,353
221,43,150,63
221,43,150,342
221,43,150,64
221,43,150,343
221,43,150,65
221,43,150,344
221,43,150,66
221,43,237,59,251,73
221,43,237,59,165,353
221,43,237,62
221,43,237,341
221,43,237,63
221,43,237,342
221,43,237,64
221,43,237,343
221,43,237,65
221,43,151,339,165,353
221,43,151,342
221,43,151,64
221,43,151,343
221,43,151,65
221,43,151,344
221,43,151,66
221,43,238,63
221,43,238,342
221,43,238,64
221,43,238,343
221,43,238,65
221,43,152,343
221,43,152,65
221,43,152,344
221,43,152,66
221,43,239,61
221,43,239,64
221,43,239,343
221,43,239,65
221,43,153,341
221,43,153,344
221,43,153,66
221,43,240,62
221,43,240,65
221,43,154,342
221,43,241,63
221,43,155,343
221,43,242,64
221,43,156,344
221,46,239,61
221,46,239,64
221,46,239,343
221,46,239,65
221,46,153,341
221,46,153,344
221,46,153,66
221,46,240,62
221,46,240,65
221,46,154,342
221,46,241,63
221,46,155,343
221,46,242,64
221,46,156,344
221,324,238,60
221,324,238,63
221,324,152,340
221,324,152,343
221,324,239,61
221,324,153,341
221,324,240,62
221,324,154,342
221,324,241,63
221,324,155,343
221,47,240,62
221,47,240,65
221,47,154,342
221,47,241,63
221,47,155,343
221,47,242,64
221,47,156,344
221,325,238,60
221,325,238,63
221,325,152,340
221,325,152,343
221,325,239,61
221,325,153,341
221,325,240,62
221,325,154,342
221,325,241,63
221,325,155,343
221,48,240,62
221,48,240,65
221,48,154,342
221,48,241,63
221,48,155,343
221,48,242,64
221,48,156,344
221,326,239,61
221,326,153,341
221,326,240,62
221,326,154,342
221,326,241,63
221,326,155,343
221,49,241,63
221,49,155,343
221,49,242,64
221,49,156,344
221,327,240,62
221,327,154,342
221,327,241,63
221,327,155,343
221,328,154,342
221,328,241,63
221,328,155,343
221,50,242,64
221,50,156,344
221,329,155,343
38,227,54,243,68,257
38,227,54,243,69,258
38,227,54,246
38,227,54,159
38,227,54,247
38,227,54,160
38,227,54,161
38,227,54,248
38,227,54,162
38,227,54,249
38,227,333,156,69,258
38,227,333,246
38,227,333,159
38,227,333,247
38,227,333,160
38,227,333,161
38,227,55,244,69,258
38,227,55,247
38,227,55,160
38,227,55,161
38,227,55,248
38,227,55,162
38,227,55,249
38,227,334,159
38,227,334,247
38,227,334,160
38,227,334,161
38,227,56,161
38,227,56,248
38,227,56,162
38,227,56,249
38,227,335,160
38,227,335,161
38,227,57,246
38,227,57,248
38,227,57,162
38,227,57,249
38,227,58,247
38,227,58,249
38,227,336,159
38,227,337,160
38,227,59,248
38,227,338,161
38,230,57,246
38,230,57,248
38,230,57,162
38,230,57,249
38,230,58,247
38,230,58,249
38,230,336,159
38,230,337,160
38,230,59,248
38,230,338,161
38,144,336,159
38,144,337,160
38,144,59,248
38,144,338,161
38,144,339,162
38,144,61,250
38,231,58,247
38,231,58,249
38,231,336,159
38,231,337,160
38,231,59,248
38,231,338,161
38,145,337,160
38,145,59,248
38,145,338,161
38,145,339,162
38,145,61,250
38,232,57,246
38,232,57,248
38,232,57,162
38,232,57,249
38,232,58,247
38,232,58,249
38,232,336,159
38,232,337,160
38,232,59,248
38,232,338,161
38,146,336,159
38,146,337,160
38,146,59,248
38,146,338,161
38,146,339,162
38,146,61,250
38,233,58,247
38,233,58,249
38,233,336,159
38,233,337,160
38,233,59,248
38,233,338,161
38,147,337,160
38,147,59,248
38,147,338,161
38,147,339,162
38,147,61,250
38,234,337,160
38,234,59,248
38,234,338,161
38,235,59,248
38,235,338,161
38,148,61,250
316,139,52,241,68,257
316,139,52,241,69,258
316,139,52,241,347,170
316,139,52,246
316,139,52,159
316,139,52,247
316,139,52,160
316,139,52,161
316,139,52,248
316,139,52,162
316,139,52,249
316,139,331,154,69,258
316,139,331,154,347,170
316,139,331,246
316,139,331,159
316,139,331,247
316,139,331,160
316,139,331,161
316,139,53,242,69,258
316,139,53,242,347,170
316,139,53,247
316,139,53,160
316,139,53,161
316,139,53,248
316,139,53,162
316,139,53,249
316,139,332,155,347,170
316,139,332,159
316,139,332,247
316,139,332,160
316,139,332,161
316,139,54,246
316,139,54,159
316,139,54,247
316,139,54,160
316,139,54,161
316,139,54,248
316,139,54,162
316,139,54,249
316,139,333,156,69,258
316,139,333,156,347,170
316,139,333,246
316,139,333,159
316,139,333,247
316,139,333,160
316,139,333,161
316,139,55,247
316,139,55,160
316,139,55,161
316,139,55,248
316,139,55,162
316,139,55,249
316,139,334,157,347,170
316,139,334,159
316,139,334,247
316,139,334,160
316,139,334,161
316,139,56,161
316,139,56,248
316,139,56,162
316,139,56,249
316,139,335,160
316,139,335,161
316,139,57,246
316,139,57,248
316,139,57,162
316,139,57,249
316,139,58,247
316,139,58,249
316,139,336,159
316,139,337,160
316,139,59,248
316,139,60,249
316,229,56,245
316,229,56,161
316,229,335,158
316,229,57,246
316,229,58,247
316,229,336,159
316,143,58,247
316,143,58,249
316,143,336,159
316,143,337,160
316,143,59,248
316,143,60,249
316,230,57,246
316,230,58,247
316,230,336,159
316,144,336,159
316,144,337,160
316,144,59,248
316,144,60,249
316,231,56,245
316,231,56,161
316,231,335,158
316,231,57,246
316,231,58,247
316,231,336,159
316,145,58,247
316,145,58,249
316,145,336,159
316,145,337,160
316,145,59,248
316,145,60,249
316,232,57,246
316,232,58,247
316,232,336,159
316,146,336,159
316,146,337,160
316,146,59,248
316,146,60,249
316,233,58,247
316,233,336,159
316,147,337,160
316,147,59,248
316,147,60,249
135,323,148,336,251,73
135,323,148,336,165,353
135,323,148,336,252,74
135,323,148,336,166,354
135,323,148,63
135,323,148,342
135,323,148,64
135,323,148,343
135,323,148,65
135,323,148,344
135,323,148,66
135,323,148,345
135,323,236,58,251,73
135,323,236,58,165,353
135,323,236,58,252,74
135,323,236,58,166,354
135,323,236,62
135,323,236,341
135,323,236,63
135,323,236,342
135,323,236,64
135,323,236,343
135,323,236,65
135,323,149,337,252,74
135,323,149,337,166,354
135,323,149,64
135,323,149,343
135,323,149,65
135,323,149,344
135,323,149,66
135,323,149,345
135,323,150,338,251,73
135,323,150,338,165,353
135,323,150,338,252,74
135,323,150,338,166,354
135,323,150,63
135,323,150,342
135,323,150,64
135,323,150,343
135,323,150,65
135,323,150,344
135,323,150,66
135,323,150,345
135,323,237,62
135,323,237,341
135,323,237,63
135,323,237,342
135,323,237,64
135,323,237,343
135,323,237,65
135,323,151,339,165,353
135,323,151,339,252,74
135,323,151,339,166,354
135,323,151,342
135,323,151,64
135,323,151,343
135,323,151,65
135,323,151,344
135,323,151,66
135,323,151,345
135,323,238,63
135,323,238,342
135,323,238,64
135,323,238,343
135,323,238,65
135,323,152,340,166,354
135,323,152,343
135,323,152,65
135,323,152,344
135,323,152,66
135,323,152,345
135,323,239,64
135,323,239,343
135,323,239,65
135,323,153,344
135,323,153,66
135,323,153,345
135,323,240,62
135,323,240,65
135,323,154,342
135,323,154,345
135,323,241,63
135,323,155,343
135,323,242,64
135,323,156,344
135,323,243,65
135,325,240,62
135,325,240,65
135,325,154,342
135,325,154,345
135,325,241,63
135,325,155,343
135,325,242,64
135,325,156,344
135,325,243,65
135,48,242,64
135,48,242,67
135,48,156,344
135,48,243,65
135,48,244,66
135,48,158,346
135,48,245,67
135,326,241,63
135,326,155,343
135,326,242,64
135,326,156,344
135,326,243,65
135,49,241,63
135,49,241,66
135,49,241,345
135,49,241,67
135,49,155,343
135,49,155,346
135,49,155,68
135,49,242,64
135,49,242,67
135,49,156,344
135,49,243,65
135,49,244,66
135,49,158,346
135,49,245,67
135,327,240,62
135,327,240,65
135,327,154,342
135,327,154,345
135,327,241,63
135,327,155,343
135,327,242,64
135,327,156,344
135,327,243,65
135,328,154,342
135,328,154,345
135,328,241,63
135,328,155,343
135,328,242,64
135,328,156,344
135,328,243,65
135,50,242,64
135,50,242,67
135,50,156,344
135,50,243,65
135,50,244,66
135,50,158,346
135,50,245,67
135,329,155,343
135,329,242,64
135,329,156,344
135,329,243,65
135,51,243,65
135,51,244,66
135,51,158,346
135,51,245,67
135,330,156,344
135,330,243,65
135,52,244,66
135,52,158,346
135,52,245,67
135,53,245,67
222,44,237,59,251,73
222,44,237,59,165,353
222,44,237,59,252,74
222,44,237,59,166,354
222,44,237,62
222,44,237,341
222,44,237,63
222,44,237,342
222,44,237,64
222,44,237,343
222,44,237,65
222,44,237,344
222,44,237,66
222,44,151,339,165,353
222,44,151,339,252,74
222,44,151,339,166,354
222,44,151,342
222,44,151,64
222,44,151,343
222,44,151,65
222,44,151,344
222,44,151,66
222,44,151,345
222,44,151,67
222,44,238,60,252,74
222,44,238,60,166,354
222,44,238,63
222,44,238,342
222,44,238,64
222,44,238,343
222,44,238,65
222,44,238,344
222,44,238,66
222,44,152,340,166,354
222,44,152,343
222,44,152,65
222,44,152,344
222,44,152,66
222,44,152,345
222,44,152,67
222,44,239,64
222,44,239,343
222,44,239,65
222,44,239,344
222,44,239,66
222,44,153,344
222,44,153,66
222,44,153,345
222,44,153,67
222,44,240,62
222,44,240,65
222,44,240,344
222,44,240,66
222,44,154,342
222,44,154,345
222,44,154,67
222,44,241,63
222,44,241,66
222,44,155,343
222,44,242,64
222,44,156,344
222,44,243,65
222,44,157,345
222,47,240,62
222,47,240,65
222,47,240,344
222,47,240,66
222,47,154,342
222,47,154,345
222,47,154,67
222,47,241,63
222,47,241,66
222,47,155,343
222,47,242,64
222,47,156,344
222,47,243,65
222,47,157,345
222,325,240,62
222,325,154,342
222,325,241,63
222,325,155,343
222,325,242,64
222,325,156,344
222,48,240,62
222,48,240,65
222,48,240,344
222,48,240,66
222,48,154,342
222,48,154,345
222,48,154,67
222,48,241,63
222,48,241,66
222,48,155,343
222,48,242,64
222,48,156,344
222,48,243,65
222,48,157,345
222,326,239,61
222,326,239,64
222,326,153,341
222,326,153,344
222,326,240,62
222,326,154,342
222,326,241,63
222,326,155,343
222,326,242,64
222,326,156,344
222,49,241,63
222,49,241,66
222,49,155,343
222,49,242,64
222,49,156,344
222,49,243,65
222,49,157,345
222,327,240,62
222,327,154,342
222,327,241,63
222,327,155,343
222,327,242,64
222,327,156,344
222,328,154,342
222,328,241,63
222,328,155,343
222,328,242,64
222,328,156,344
222,50,242,64
222,50,156,344
222,50,243,65
222,50,157,345
222,329,155,343
222,329,242,64
222,329,156,344
222,51,243,65
222,51,157,345
222,330,156,344
317,140,331,154,69,258
317,140,331,154,347,170
317,140,331,246
317,140,331,159
317,140,331,247
317,140,331,160
317,140,331,161
317,140,331,248
317,140,331,162
317,140,53,242,69,258
317,140,53,242,347,170
317,140,53,247
317,140,53,160
317,140,53,161
317,140,53,248
317,140,53,162
317,140,53,249
317,140,53,163
317,140,332,155,347,170
317,140,332,159
317,140,332,247
317,140,332,160
317,140,332,161
317,140,332,248
317,140,332,162
317,140,54,161
317,140,54,248
317,140,54,162
317,140,54,249
317,140,54,163
317,140,333,156,69,258
317,140,333,156,347,170
317,140,333,246
317,140,333,159
317,140,333,247
317,140,333,160
317,140,333,161
317,140,333,248
317,140,333,162
317,140,55,247
317,140,55,160
317,140,55,161
317,140,55,248
317,140,55,162
317,140,55,249
317,140,55,163
317,140,334,157,347,170
317,140,334,159
317,140,334,247
317,140,334,160
317,140,334,161
317,140,334,248
317,140,334,162
317,140,56,161
317,140,56,248
317,140,56,162
317,140,56,249
317,140,56,163
317,140,335,160
317,140,335,161
317,140,335,248
317,140,335,162
317,140,57,248
317,140,57,162
317,140,57,249
317,140,57,163
317,140,58,247
317,140,58,249
317,140,58,163
317,140,336,159
317,140,337,160
317,140,59,248
317,140,338,161
317,140,60,249
317,143,58,247
317,143,58,249
317,143,58,163
317,143,336,159
317,143,337,160
317,143,59,248
317,143,338,161
317,143,60,249
317,230,57,246
317,230,57,248
317,230,57,162
317,230,58,247
317,230,336,159
317,230,337,160
317,230,59,248
317,144,336,159
317,144,337,160
317,144,59,248
317,144,338,161
317,144,60,249
317,231,58,247
317,231,336,159
317,231,337,160
317,231,59,248
317,145,58,247
317,145,58,249
317,145,58,163
317,145,336,159
317,145,337,160
317,145,59,248
317,145,338,161
317,145,60,249
317,232,57,246
317,232,57,248
317,232,57,162
317,232,58,247
317,232,336,159
317,232,337,160
317,232,59,248
317,146,336,159
317,146,337,160
317,146,59,248
317,146,338,161
317,146,60,249
317,233,58,247
317,233,336,159
317,233,337,160
317,233,59,248
317,147,337,160
317,147,59,248
317,147,338,161
317,147,60,249
317,234,337,160
317,234,59,248
317,235,59,248
39,228,55,244,69,258
39,228,55,244,347,170
39,228,55,247
39,228,55,160
39,228,55,161
39,228,55,248
39,228,55,162
39,228,55,249
39,228,55,163
39,228,55,250
39,228,334,157,347,170
39,228,334,159
39,228,334,247
39,228,334,160
39,228,334,161
39,228,334,248
39,228,334,162
39,228,56,161
39,228,56,248
39,228,56,162
39,228,56,249
39,228,56,163
39,228,56,250
39,228,335,160
39,228,335,161
39,228,335,248
39,228,335,162
39,228,57,248
39,228,57,162
39,228,57,249
39,228,57,163
39,228,57,250
39,228,58,247
39,228,58,249
39,228,58,163
39,228,58,250
39,228,336,159
39,228,337,160
39,228,59,248
39,228,338,161
39,228,60,249
39,228,339,162
39,231,58,247
39,231,58,249
39,231,58,163
39,231,58,250
39,231,336,159
39,231,337,160
39,231,59,248
39,231,338,161
39,231,60,249
39,231,339,162
39,145,337,160
39,145,59,248
39,145,59,251
39,145,338,161
39,145,60,249
39,145,339,162
39,145,340,163
39,145,62,251
39,232,337,160
39,232,59,248
39,232,338,161
39,232,60,249
39,232,339,162
39,146,338,161
39,146,60,249
39,146,339,162
39,146,340,163
39,146,62,251
39,233,58,247
39,233,58,249
39,233,58,163
39,233,58,250
39,233,336,159
39,233,337,160
39,233,59,248
39,233,338,161
39,233,60,249
39,233,339,162
39,147,337,160
39,147,59,248
39,147,59,251
39,147,338,161
39,147,60,249
39,147,339,162
39,147,340,163
39,147,62,251
39,234,337,160
39,234,59,248
39,234,338,161
39,234,60,249
39,234,339,162
39,235,59,248
39,235,338,161
39,235,60,249
39,235,339,162
39,148,340,163
39,148,62,251
39,236,60,249
39,236,339,162
39,149,62,251
136,324,149,337,252,74
136,324,149,337,166,354
136,324,149,337,253,75
136,324,149,337,167,355
136,324,149,64
136,324,149,343
136,324,149,65
136,324,149,344
136,324,149,66
136,324,149,345
136,324,149,67
136,324,149,346
136,324,150,338,253,75
136,324,150,338,167,355
136,324,150,65
136,324,150,344
136,324,150,66
136,324,150,345
136,324,150,67
136,324,150,346
136,324,237,59,253,75
136,324,237,59,167,355
136,324,237,64
136,324,237,343
136,324,237,65
136,324,237,344
136,324,237,66
136,324,151,339,167,355
136,324,151,344
136,324,151,66
136,324,151,345
136,324,151,67
136,324,151,346
136,324,238,63
136,324,238,342
136,324,238,64
136,324,238,343
136,324,238,65
136,324,238,344
136,324,238,66
136,324,152,340,166,354
136,324,152,340,253,75
136,324,152,340,167,355
136,324,152,343
136,324,152,65
136,324,152,344
136,324,152,66
136,324,152,345
136,324,152,67
136,324,152,346
136,324,239,64
136,324,239,343
136,324,239,65
136,324,239,344
136,324,239,66
136,324,153,341,167,355
136,324,153,344
136,324,153,66
136,324,153,345
136,324,153,67
136,324,153,346
136,324,240,65
136,324,240,344
136,324,240,66
136,324,154,345
136,324,154,67
136,324,154,346
136,324,241,63
136,324,241,66
136,324,155,343
136,324,155,346
136,324,242,64
136,324,156,344
136,324,243,65
136,324,157,345
136,324,244,66
136,48,242,64
136,48,242,67
136,48,242,346
136,48,242,68
136,48,156,344
136,48,156,69
136,48,243,65
136,48,243,68
136,48,157,345
136,48,244,66
136,48,245,67
136,48,246,68
136,326,241,63
136,326,241,66
136,326,155,343
136,326,155,346
136,326,242,64
136,326,156,344
136,326,243,65
136,326,157,345
136,326,244,66
136,49,243,65
136,49,243,68
136,49,157,345
136,49,244,66
136,49,245,67
136,49,246,68
136,327,242,64
136,327,156,344
136,327,243,65
136,327,157,345
136,327,244,66
136,328,156,344
136,328,243,65
136,328,157,345
136,328,244,66
136,50,242,64
136,50,242,67
136,50,242,346
136,50,242,68
136,50,156,344
136,50,156,69
136,50,243,65
136,50,243,68
136,50,157,345
136,50,244,66
136,50,245,67
136,50,246,68
136,329,155,343
136,329,155,346
136,329,242,64
136,329,156,344
136,329,243,65
136,329,157,345
136,329,244,66
136,51,243,65
136,51,243,68
136,51,157,345
136,51,244,66
136,51,245,67
136,51,246,68
136,330,156,344
136,330,243,65
136,330,157,345
136,330,244,66
136,52,244,66
136,52,245,67
136,52,246,68
136,331,157,345
136,331,244,66
136,53,245,67
136,53,246,68
136,54,246,68
223,45,238,60,252,74
223,45,238,60,166,354
223,45,238,60,253,75
223,45,238,60,167,355
223,45,238,63
223,45,238,342
223,45,238,64
223,45,238,343
223,45,238,65
223,45,238,344
223,45,238,66
223,45,238,345
223,45,238,67
223,45,152,340,166,354
223,45,152,340,253,75
223,45,152,340,167,355
223,45,152,343
223,45,152,65
223,45,152,344
223,45,152,66
223,45,152,345
223,45,152,67
223,45,152,346
223,45,152,68
223,45,239,61,253,75
223,45,239,61,167,355
223,45,239,64
223,45,239,343
223,45,239,65
223,45,239,344
223,45,239,66
223,45,239,345
223,45,239,67
223,45,153,341,167,355
223,45,153,344
223,45,153,66
223,45,153,345
223,45,153,67
223,45,153,346
223,45,153,68
223,45,240,65
223,45,240,344
223,45,240,66
223,45,240,345
223,45,240,67
223,45,154,345
223,45,154,67
223,45,154,346
223,45,154,68
223,45,241,63
223,45,241,66
223,45,241,345
223,45,241,67
223,45,155,343
223,45,155,346
223,45,155,68
223,45,242,64
223,45,242,67
223,45,156,344
223,45,243,65
223,45,157,345
223,45,244,66
223,45,158,346
223,325,240,62
223,325,240,65
223,325,154,342
223,325,154,345
223,325,241,63
223,325,155,343
223,325,242,64
223,325,156,344
223,325,243,65
223,325,157,345
223,48,242,64
223,48,242,67
223,48,156,344
223,48,243,65
223,48,157,345
223,48,244,66
223,48,158,346
223,326,241,63
223,326,155,343
223,326,242,64
223,326,156,344
223,326,243,65
223,326,157,345
223,49,241,63
223,49,241,66
223,49,241,345
223,49,241,67
223,49,155,343
223,49,155,346
223,49,155,68
223,49,242,64
223,49,242,67
223,49,156,344
223,49,243,65
223,49,157,345
223,49,244,66
223,49,158,346
223,327,240,62
223,327,240,65
223,327,154,342
223,327,154,345
223,327,241,63
223,327,155,343
223,327,242,64
223,327,156,344
223,327,243,65
223,327,157,345
223,328,154,342
223,328,154,345
223,328,241,63
223,328,155,343
223,328,242,64
223,328,156,344
223,328,243,65
223,328,157,345
223,50,242,64
223,50,242,67
223,50,156,344
223,50,243,65
223,50,157,345
223,50,244,66
223,50,158,346
223,329,155,343
223,329,242,64
223,329,156,344
223,329,243,65
223,329,157,345
223,51,243,65
223,51,157,345
223,51,244,66
223,51,158,346
223,330,156,344
223,330,243,65
223,330,157,345
223,52,244,66
223,52,158,346
223,331,157,345
40,229,56,245,348,171
40,229,56,245,70,259
40,229,56,161
40,229,56,248
40,229,56,162
40,229,56,249
40,229,56,163
40,229,56,250
40,229,56,164
40,229,56,251
40,229,335,158,348,171
40,229,335,158,70,259
40,229,335,160
40,229,335,161
40,229,335,248
40,229,335,162
40,229,335,249
40,229,335,163
40,229,57,246,70,259
40,229,57,248
40,229,57,162
40,229,57,249
40,229,57,163
40,229,57,250
40,229,57,164
40,229,57,251
40,229,58,249
40,229,58,163
40,229,58,250
40,229,58,164
40,229,58,251
40,229,336,249
40,229,336,163
40,229,337,160
40,229,59,248
40,229,59,251
40,229,338,161
40,229,60,249
40,229,339,162
40,229,61,250
40,229,340,163
40,232,337,160
40,232,59,248
40,232,59,251
40,232,338,161
40,232,60,249
40,232,339,162
40,232,61,250
40,232,340,163
40,146,338,161
40,146,60,249
40,146,60,252
40,146,339,162
40,146,61,250
40,146,340,163
40,146,341,164
40,146,63,252
40,233,59,248
40,233,59,251
40,233,338,161
40,233,60,249
40,233,339,162
40,233,61,250
40,233,340,163
40,147,61,250
40,147,340,163
40,147,341,164
40,147,63,252
40,234,337,160
40,234,59,248
40,234,59,251
40,234,338,161
40,234,60,249
40,234,339,162
40,234,61,250
40,234,340,163
40,235,59,248
40,235,59,251
40,235,338,161
40,235,60,249
40,235,339,162
40,235,61,250
40,235,340,163
40,148,61,250
40,148,340,163
40,148,341,164
40,148,63,252
40,236,60,249
40,236,339,162
40,236,61,250
40,236,340,163
40,149,341,164
40,149,63,252
40,150,63,252
318,141,332,155,347,170
318,141,332,155,348,171
318,141,332,155,70,259
318,141,332,159
318,141,332,247
318,141,332,160
318,141,332,161
318,141,332,248
318,141,332,162
318,141,332,249
318,141,332,163
318,141,54,243,348,171
318,141,54,243,70,259
318,141,54,161
318,141,54,248
318,141,54,162
318,141,54,249
318,141,54,163
318,141,54,250
318,141,54,164
318,141,333,156,348,171
318,141,333,156,70,259
318,141,333,160
318,141,333,161
318,141,333,248
318,141,333,162
318,141,333,249
318,141,333,163
318,141,55,244,70,259
318,141,55,248
318,141,55,162
318,141,55,249
318,141,55,163
318,141,55,250
318,141,55,164
318,141,334,157,347,170
318,141,334,157,348,171
318,141,334,157,70,259
318,141,334,159
318,141,334,247
318,141,334,160
318,141,334,161
318,141,334,248
318,141,334,162
318,141,334,249
318,141,334,163
318,141,56,161
318,141,56,248
318,141,56,162
318,141,56,249
318,141,56,163
318,141,56,250
318,141,56,164
318,141,335,158,348,171
318,141,335,158,70,259
318,141,335,160
318,141,335,161
318,141,335,248
318,141,335,162
318,141,335,249
318,141,335,163
318,141,57,248
318,141,57,162
318,141,57,249
318,141,57,163
318,141,57,250
318,141,57,164
318,141,58,249
318,141,58,163
318,141,58,250
318,141,58,164
318,141,336,159
318,141,336,249
318,141,336,163
318,141,337,160
318,141,59,248
318,141,338,161
318,141,60,249
318,141,339,162
318,141,61,250
318,144,336,159
318,144,336,249
318,144,336,163
318,144,337,160
318,144,59,248
318,144,338,161
318,144,60,249
318,144,339,162
318,144,61,250
318,231,58,247
318,231,58,249
318,231,58,163
318,231,336,159
318,231,337,160
318,231,59,248
318,231,338,161
318,231,60,249
318,145,337,160
318,145,59,248
318,145,338,161
318,145,60,249
318,145,339,162
318,145,61,250
318,232,337,160
318,232,59,248
318,232,338,161
318,232,60,249
318,146,336,159
318,146,336,249
318,146,336,163
318,146,337,160
318,146,59,248
318,146,338,161
318,146,60,249
318,146,339,162
318,146,61,250
318,233,58,247
318,233,58,249
318,233,58,163
318,233,336,159
318,233,337,160
318,233,59,248
318,233,338,161
318,233,60,249
318,147,337,160
318,147,59,248
318,147,338,161
318,147,60,249
318,147,339,162
318,147,61,250
318,234,337,160
318,234,59,248
318,234,338,161
318,234,60,249
318,235,59,248
318,235,338,161
318,235,60,249
318,148,61,250
318,236,60,249
224,46,239,61,253,75
224,46,239,61,167,355
224,46,239,61,254,76
224,46,239,61,168,356
224,46,239,64
224,46,239,343
224,46,239,65
224,46,239,344
224,46,239,66
224,46,239,345
224,46,239,67
224,46,239,346
224,46,239,68
224,46,153,341,167,355
224,46,153,341,254,76
224,46,153,341,168,356
224,46,153,344
224,46,153,66
224,46,153,345
224,46,153,67
224,46,153,346
224,46,153,68
224,46,153,69
224,46,240,62,254,76
224,46,240,62,168,356
224,46,240,65
224,46,240,344
224,46,240,66
224,46,240,345
224,46,240,67
224,46,240,346
224,46,240,68
224,46,154,342,168,356
224,46,154,345
224,46,154,67
224,46,154,346
224,46,154,68
224,46,154,69
224,46,241,66
224,46,241,345
224,46,241,67
224,46,241,346
224,46,241,68
224,46,155,346
224,46,155,68
224,46,155,69
224,46,242,64
224,46,242,67
224,46,242,346
224,46,242,68
224,46,156,344
224,46,156,69
224,46,243,65
224,46,243,68
224,46,157,345
224,46,244,66
224,46,158,346
224,46,245,67
224,48,242,64
224,48,242,67
224,48,242,346
224,48,242,68
224,48,156,344
224,48,156,69
224,48,243,65
224,48,243,68
224,48,157,345
224,48,244,66
224,48,158,346
224,48,245,67
224,326,241,63
224,326,241,66
224,326,155,343
224,326,155,346
224,326,242,64
224,326,156,344
224,326,243,65
224,326,157,345
224,326,244,66
224,326,158,346
224,49,243,65
224,49,243,68
224,49,157,345
224,49,244,66
224,49,158,346
224,49,245,67
224,327,242,64
224,327,156,344
224,327,243,65
224,327,157,345
224,327,244,66
224,327,158,346
224,328,156,344
224,328,243,65
224,328,157,345
224,328,244,66
224,328,158,346
224,50,242,64
224,50,242,67
224,50,242,346
224,50,242,68
224,50,156,344
224,50,156,69
224,50,243,65
224,50,243,68
224,50,157,345
224,50,244,66
224,50,158,346
224,50,245,67
224,329,155,343
224,329,155,346
224,329,242,64
224,329,156,344
224,329,243,65
224,329,157,345
224,329,244,66
224,329,158,346
224,51,243,65
224,51,243,68
224,51,157,345
224,51,244,66
224,51,158,346
224,51,245,67
224,330,156,344
224,330,243,65
224,330,157,345
224,330,244,66
224,330,158,346
224,52,244,66
224,52,158,346
224,52,245,67
224,331,157,345
224,331,244,66
224,331,158,346
224,53,245,67
224,332,158,346
319,142,333,156,348,171
319,142,333,156,70,259
319,142,333,156,349,172
319,142,333,156,71,260
319,142,333,156,350,173
319,142,333,160
319,142,333,161
319,142,333,248
319,142,333,162
319,142,333,249
319,142,333,163
319,142,333,250
319,142,333,164
319,142,55,244,70,259
319,142,55,244,349,172
319,142,55,244,71,260
319,142,55,244,350,173
319,142,55,248
319,142,55,162
319,142,55,249
319,142,55,163
319,142,55,250
319,142,55,164
319,142,55,251
319,142,55,165
319,142,334,157,349,172
319,142,334,157,71,260
319,142,334,157,350,173
319,142,334,161
319,142,334,248
319,142,334,162
319,142,334,249
319,142,334,163
319,142,334,250
319,142,334,164
319,142,56,245,71,260
319,142,56,245,350,173
319,142,56,249
319,142,56,163
319,142,56,250
319,142,56,164
319,142,56,251
319,142,56,165
319,142,335,158,348,171
319,142,335,158,70,259
319,142,335,158,349,172
319,142,335,158,71,260
319,142,335,158,350,173
319,142,335,160
319,142,335,161
319,142,335,248
319,142,335,162
319,142,335,249
319,142,335,163
319,142,335,250
319,142,335,164
319,142,57,248
319,142,57,162
319,142,57,249
319,142,57,163
319,142,57,250
319,142,57,164
319,142,57,251
319,142,57,165
319,142,58,249
319,142,58,163
319,142,58,250
319,142,58,164
319,142,58,251
319,142,58,165
319,142,336,249
319,142,336,163
319,142,336,250
319,142,336,164
319,142,337,160
319,142,337,250
319,142,337,164
319,142,59,248
319,142,59,251
319,142,59,165
319,142,338,161
319,142,60,249
319,142,339,162
319,142,61,250
319,142,340,163
319,142,62,251
319,145,337,160
319,145,337,250
319,145,337,164
319,145,59,248
319,145,59,251
319,145,59,165
319,145,338,161
319,145,60,249
319,145,339,162
319,145,61,250
319,145,340,163
319,145,62,251
319,232,337,160
319,232,59,248
319,232,338,161
319,232,60,249
319,232,339,162
319,232,61,250
319,146,338,161
319,146,60,249
319,146,339,162
319,146,61,250
319,146,340,163
319,146,62,251
319,233,59,248
319,233,338,161
319,233,60,249
319,233,339,162
319,233,61,250
319,147,337,160
319,147,337,250
319,147,337,164
319,147,59,248
319,147,59,251
319,147,59,165
319,147,338,161
319,147,60,249
319,147,339,162
319,147,61,250
319,147,340,163
319,147,62,251
319,234,337,160
319,234,59,248
319,234,338,161
319,234,60,249
319,234,339,162
319,234,61,250
319,235,59,248
319,235,338,161
319,235,60,249
319,235,339,162
319,235,61,250
319,148,61,250
319,148,340,163
319,148,62,251
319,236,60,249
319,236,339,162
319,236,61,250
319,149,62,251
41,230,57,246,70,259
41,230,57,246,349,172
41,230,57,246,71,260
41,230,57,246,350,173
41,230,57,248
41,230,57,162
41,230,57,249
41,230,57,163
41,230,57,250
41,230,57,164
41,230,57,251
41,230,57,165
41,230,57,252
41,230,58,247,71,260
41,230,58,247,350,173
41,230,58,249
41,230,58,163
41,230,58,250
41,230,58,164
41,230,58,251
41,230,58,165
41,230,58,252
41,230,336,249
41,230,336,163
41,230,336,250
41,230,336,164
41,230,337,250
41,230,337,164
41,230,59,248
41,230,59,251
41,230,59,165
41,230,59,252
41,230,338,161
41,230,60,249
41,230,60,252
41,230,339,162
41,230,61,250
41,230,340,163
41,230,62,251
41,230,341,164
41,233,59,248
41,233,59,251
41,233,59,165
41,233,59,252
41,233,338,161
41,233,60,249
41,233,60,252
41,233,339,162
41,233,61,250
41,233,340,163
41,233,62,251
41,233,341,164
41,147,61,250
41,147,61,253
41,147,340,163
41,147,62,251
41,147,341,164
41,147,342,165
41,147,64,253
41,234,60,249
41,234,60,252
41,234,339,162
41,234,61,250
41,234,340,163
41,234,62,251
41,234,341,164
41,235,59,248
41,235,59,251
41,235,59,165
41,235,59,252
41,235,338,161
41,235,60,249
41,235,60,252
41,235,339,162
41,235,61,250
41,235,340,163
41,235,62,251
41,235,341,164
41,148,61,250
41,148,61,253
41,148,340,163
41,148,62,251
41,148,341,164
41,148,342,165
41,148,64,253
41,236,60,249
41,236,60,252
41,236,339,162
41,236,61,250
41,236,340,163
41,236,62,251
41,236,341,164
41,149,62,251
41,149,341,164
41,149,342,165
41,149,64,253
41,150,342,165
41,150,64,253
41,237,62,251
41,237,341,164
41,151,342,165
41,151,64,253
137,325,238,60,254,76
137,325,238,60,168,356
137,325,238,60,255,77
137,325,238,60,169,357
137,325,238,65
137,325,238,344
137,325,238,66
137,325,238,345
137,325,238,67
137,325,238,346
137,325,238,68
137,325,152,340,168,356
137,325,152,340,255,77
137,325,152,340,169,357
137,325,152,345
137,325,152,67
137,325,152,346
137,325,152,68
137,325,152,69
137,325,152,347
137,325,239,61,255,77
137,325,239,61,169,357
137,325,239,66
137,325,239,345
137,325,239,67
137,325,239,346
137,325,239,68
137,325,153,341,169,357
137,325,153,346
137,325,153,68
137,325,153,69
137,325,153,347
137,325,240,65
137,325,240,344
137,325,240,66
137,325,240,345
137,325,240,67
137,325,240,346
137,325,240,68
137,325,154,342,168,356
137,325,154,342,255,77
137,325,154,342,169,357
137,325,154,345
137,325,154,67
137,325,154,346
137,325,154,68
137,325,154,69
137,325,154,347
137,325,241,66
137,325,241,345
137,325,241,67
137,325,241,346
137,325,241,68
137,325,155,343,169,357
137,325,155,346
137,325,155,68
137,325,155,69
137,325,155,347
137,325,242,67
137,325,242,346
137,325,242,68
137,325,156,69
137,325,156,347
137,325,243,65
137,325,243,68
137,325,157,345
137,325,157,347
137,325,244,66
137,325,158,346
137,325,245,67
137,325,246,68
137,50,244,66
137,50,244,69
137,50,244,347
137,50,158,346
137,50,158,348
137,50,158,70
137,50,245,67
137,50,246,68
137,50,247,69
137,50,160,348
137,329,157,345
137,329,157,347
137,329,244,66
137,329,158,346
137,329,245,67
137,329,246,68
137,51,245,67
137,51,246,68
137,51,247,69
137,51,160,348
137,330,158,346
137,330,245,67
137,330,246,68
137,52,244,66
137,52,244,69
137,52,244,347
137,52,158,346
137,52,158,348
137,52,158,70
137,52,245,67
137,52,246,68
137,52,247,69
137,52,160,348
137,331,157,345
137,331,157,347
137,331,244,66
137,331,158,346
137,331,245,67
137,331,246,68
137,53,245,67
137,53,246,68
137,53,247,69
137,53,160,348
137,332,158,346
137,332,245,67
137,332,246,68
137,54,246,68
137,54,247,69
137,54,160,348
137,333,246,68
137,55,247,69
137,55,160,348
225,47,240,62,254,76
225,47,240,62,168,356
225,47,240,62,255,77
225,47,240,62,169,357
225,47,240,65
225,47,240,344
225,47,240,66
225,47,240,345
225,47,240,67
225,47,240,346
225,47,240,68
225,47,240,69
225,47,154,342,168,356
225,47,154,342,255,77
225,47,154,342,169,357
225,47,154,345
225,47,154,67
225,47,154,346
225,47,154,68
225,47,154,69
225,47,154,347
225,47,241,63,255,77
225,47,241,63,169,357
225,47,241,66
225,47,241,345
225,47,241,67
225,47,241,346
225,47,241,68
225,47,241,69
225,47,155,343,169,357
225,47,155,346
225,47,155,68
225,47,155,69
225,47,155,347
225,47,242,67
225,47,242,346
225,47,242,68
225,47,242,69
225,47,156,69
225,47,156,347
225,47,243,65
225,47,243,68
225,47,243,69
225,47,157,345
225,47,157,347
225,47,244,66
225,47,244,69
225,47,158,346
225,47,245,67
225,47,246,68
225,47,159,347
225,49,243,65
225,49,243,68
225,49,243,69
225,49,157,345
225,49,157,347
225,49,244,66
225,49,244,69
225,49,158,346
225,49,245,67
225,49,246,68
225,49,159,347
225,327,242,64
225,327,242,67
225,327,156,344
225,327,243,65
225,327,157,345
225,327,244,66
225,327,158,346
225,327,245,67
225,328,156,344
225,328,243,65
225,328,157,345
225,328,244,66
225,328,158,346
225,328,245,67
225,50,244,66
225,50,244,69
225,50,158,346
225,50,245,67
225,50,246,68
225,50,159,347
225,329,157,345
225,329,244,66
225,329,158,346
225,329,245,67
225,51,243,65
225,51,243,68
225,51,243,69
225,51,157,345
225,51,157,347
225,51,244,66
225,51,244,69
225,51,158,346
225,51,245,67
225,51,246,68
225,51,159,347
225,330,156,344
225,330,243,65
225,330,157,345
225,330,244,66
225,330,158,346
225,330,245,67
225,52,244,66
225,52,244,69
225,52,158,346
225,52,245,67
225,52,246,68
225,52,159,347
225,331,157,345
225,331,244,66
225,331,158,346
225,331,245,67
225,53,245,67
225,53,246,68
225,53,159,347
225,332,158,346
225,332,245,67
225,54,246,68
225,54,159,347
42,231,58,247,71,260
42,231,58,247,350,173
42,231,58,247,72,261
42,231,58,247,351,174
42,231,58,249
42,231,58,163
42,231,58,250
42,231,58,164
42,231,58,251
42,231,58,165
42,231,58,252
42,231,58,166
42,231,58,253
42,231,336,159,72,261
42,231,336,159,351,174
42,231,336,249
42,231,336,163
42,231,336,250
42,231,336,164
42,231,336,251
42,231,336,165
42,231,337,250
42,231,337,164
42,231,337,251
42,231,337,165
42,231,59,251
42,231,59,165
42,231,59,252
42,231,59,166
42,231,59,253
42,231,338,251
42,231,338,165
42,231,60,249
42,231,60,252
42,231,60,166
42,231,60,253
42,231,339,162
42,231,339,165
42,231,61,250
42,231,61,253
42,231,340,163
42,231,62,251
42,231,341,164
42,231,63,252
42,231,342,165
42,234,60,249
42,234,60,252
42,234,60,166
42,234,60,253
42,234,339,162
42,234,339,165
42,234,61,250
42,234,61,253
42,234,340,163
42,234,62,251
42,234,341,164
42,234,63,252
42,234,342,165
42,235,61,250
42,235,61,253
42,235,340,163
42,235,62,251
42,235,341,164
42,235,63,252
42,235,342,165
42,148,63,252
42,148,342,165
42,148,343,166
42,148,65,254
42,236,60,249
42,236,60,252
42,236,60,166
42,236,60,253
42,236,339,162
42,236,339,165
42,236,61,250
42,236,61,253
42,236,340,163
42,236,62,251
42,236,341,164
42,236,63,252
42,236,342,165
42,149,62,251
42,149,62,254
42,149,341,164
42,149,63,252
42,149,342,165
42,149,343,166
42,149,65,254
42,150,63,252
42,150,342,165
42,150,343,166
42,150,65,254
42,237,62,251
42,237,341,164
42,237,63,252
42,237,342,165
42,151,342,165
42,151,343,166
42,151,65,254
42,238,63,252
42,238,342,165
42,152,343,166
42,152,65,254
320,143,334,157,349,172
320,143,334,157,71,260
320,143,334,157,350,173
320,143,334,157,72,261
320,143,334,157,351,174
320,143,334,161
320,143,334,248
320,143,334,162
320,143,334,249
320,143,334,163
320,143,334,250
320,143,334,164
320,143,334,251
320,143,334,165
320,143,56,245,71,260
320,143,56,245,350,173
320,143,56,245,72,261
320,143,56,245,351,174
320,143,56,249
320,143,56,163
320,143,56,250
320,143,56,164
320,143,56,251
320,143,56,165
320,143,56,252
320,143,56,166
320,143,335,158,72,261
320,143,335,158,351,174
320,143,335,249
320,143,335,163
320,143,335,250
320,143,335,164
320,143,335,251
320,143,335,165
320,143,57,246,72,261
320,143,57,246,351,174
320,143,57,250
320,143,57,164
320,143,57,251
320,143,57,165
320,143,57,252
320,143,57,166
320,143,58,249
320,143,58,163
320,143,58,250
320,143,58,164
320,143,58,251
320,143,58,165
320,143,58,252
320,143,58,166
320,143,336,159,72,261
320,143,336,159,351,174
320,143,336,249
320,143,336,163
320,143,336,250
320,143,336,164
320,143,336,251
320,143,336,165
320,143,337,250
320,143,337,164
320,143,337,251
320,143,337,165
320,143,59,251
320,143,59,165
320,143,59,252
320,143,59,166
320,143,338,161
320,143,338,251
320,143,338,165
320,143,60,249
320,143,60,252
320,143,60,166
320,143,339,162
320,143,339,165
320,143,61,250
320,143,340,163
320,143,62,251
320,143,341,164
320,143,63,252
320,146,338,161
320,146,338,251
320,146,338,165
320,146,60,249
320,146,60,252
320,146,60,166
320,146,339,162
320,146,339,165
320,146,61,250
320,146,340,163
320,146,62,251
320,146,341,164
320,146,63,252
320,233,59,248
320,233,59,251
320,233,59,165
320,233,338,161
320,233,60,249
320,233,339,162
320,233,61,250
320,233,340,163
320,233,62,251
320,147,61,250
320,147,340,163
320,147,62,251
320,147,341,164
320,147,63,252
320,234,60,249
320,234,339,162
320,234,61,250
320,234,340,163
320,234,62,251
320,235,59,248
320,235,59,251
320,235,59,165
320,235,338,161
320,235,60,249
320,235,339,162
320,235,61,250
320,235,340,163
320,235,62,251
320,148,61,250
320,148,340,163
320,148,62,251
320,148,341,164
320,148,63,252
320,236,60,249
320,236,339,162
320,236,61,250
320,236,340,163
320,236,62,251
320,149,62,251
320,149,341,164
320,149,63,252
320,150,63,252
320,237,62,251
138,326,239,61,255,77
138,326,239,61,169,357
138,326,239,61,256,78
138,326,239,66
138,326,239,345
138,326,239,67
138,326,239,346
138,326,239,68
138,326,239,69
138,326,153,341,169,357
138,326,153,341,256,78
138,326,153,346
138,326,153,68
138,326,153,69
138,326,153,347
138,326,153,348
138,326,240,62,256,78
138,326,240,67
138,326,240,346
138,326,240,68
138,326,240,69
138,326,154,69
138,326,154,347
138,326,154,348
138,326,241,66
138,326,241,345
138,326,241,67
138,326,241,346
138,326,241,68
138,326,241,69
138,326,155,343,169,357
138,326,155,343,256,78
138,326,155,346
138,326,155,68
138,326,155,69
138,326,155,347
138,326,155,348
138,326,242,67
138,326,242,346
138,326,242,68
138,326,242,69
138,326,156,69
138,326,156,347
138,326,156,348
138,326,243,68
138,326,243,69
138,326,157,347
138,326,157,348
138,326,244,66
138,326,244,69
138,326,158,346
138,326,158,348
138,326,245,67
138,326,246,68
138,326,159,347
138,326,247,69
138,51,245,67
138,51,245,348
138,51,245,70
138,51,246,68
138,51,246,70
138,51,159,347
138,51,247,69
138,51,161,349
138,51,248,70
138,330,158,346
138,330,158,348
138,330,245,67
138,330,246,68
138,330,159,347
138,330,247,69
138,52,246,68
138,52,246,70
138,52,159,347
138,52,247,69
138,52,161,349
138,52,248,70
138,331,246,68
138,331,159,347
138,331,247,69
138,53,245,67
138,53,245,348
138,53,245,70
138,53,246,68
138,53,246,70
138,53,159,347
138,53,247,69
138,53,161,349
138,53,248,70
138,332,158,346
138,332,158,348
138,332,245,67
138,332,246,68
138,332,159,347
138,332,247,69
138,54,246,68
138,54,246,70
138,54,159,347
138,54,247,69
138,54,161,349
138,54,248,70
138,333,246,68
138,333,159,347
138,333,247,69
138,55,247,69
138,55,161,349
138,55,248,70
138,334,159,347
138,334,247,69
138,56,161,349
138,56,248,70
138,57,248,70
321,144,335,158,72,261
321,144,335,158,351,174
321,144,335,158,73,262
321,144,335,158,352,175
321,144,335,249
321,144,335,163
321,144,335,250
321,144,335,164
321,144,335,251
321,144,335,165
321,144,335,252
321,144,335,166
321,144,57,246,72,261
321,144,57,246,351,174
321,144,57,246,73,262
321,144,57,246,352,175
321,144,57,250
321,144,57,164
321,144,57,251
321,144,57,165
321,144,57,252
321,144,57,166
321,144,57,253
321,144,57,167
321,144,58,247,73,262
321,144,58,247,352,175
321,144,58,251
321,144,58,165
321,144,58,252
321,144,58,166
321,144,58,253
321,144,58,167
321,144,336,159,72,261
321,144,336,159,351,174
321,144,336,159,73,262
321,144,336,159,352,175
321,144,336,249
321,144,336,163
321,144,336,250
321,144,336,164
321,144,336,251
321,144,336,165
321,144,336,252
321,144,336,166
321,144,337,160,73,262
321,144,337,160,352,175
321,144,337,250
321,144,337,164
321,144,337,251
321,144,337,165
321,144,337,252
321,144,337,166
321,144,59,251
321,144,59,165
321,144,59,252
321,144,59,166
321,144,59,253
321,144,59,167
321,144,338,251
321,144,338,165
321,144,338,252
321,144,338,166
321,144,60,252
321,144,60,166
321,144,60,253
321,144,60,167
321,144,339,165
321,144,339,252
321,144,339,166
321,144,61,250
321,144,61,253
321,144,61,167
321,144,340,163
321,144,340,166
321,144,62,251
321,144,341,164
321,144,63,252
321,144,342,165
321,144,64,253
321,147,61,250
321,147,61,253
321,147,61,167
321,147,340,163
321,147,340,166
321,147,62,251
321,147,341,164
321,147,63,252
321,147,342,165
321,147,64,253
321,234,60,249
321,234,60,252
321,234,60,166
321,234,339,162
321,234,61,250
321,234,340,163
321,234,62,251
321,234,341,164
321,234,63,252
321,235,61,250
321,235,340,163
321,235,62,251
321,235,341,164
321,235,63,252
321,148,61,250
321,148,61,253
321,148,61,167
321,148,340,163
321,148,340,166
321,148,62,251
321,148,341,164
321,148,63,252
321,148,342,165
321,148,64,253
321,236,60,249
321,236,60,252
321,236,60,166
321,236,339,162
321,236,61,250
321,236,340,163
321,236,62,251
321,236,341,164
321,236,63,252
321,149,62,251
321,149,341,164
321,149,63,252
321,149,342,165
321,149,64,253
321,150,63,252
321,150,342,165
321,150,64,253
321,237,62,251
321,237,341,164
321,237,63,252
321,151,342,165
321,151,64,253
321,238,63,252
43,232,337,160,73,262
43,232,337,160,352,175
43,232,337,250
43,232,337,164
43,232,337,251
43,232,337,165
43,232,337,252
43,232,337,166
43,232,59,248,73,262
43,232,59,248,352,175
43,232,59,251
43,232,59,165
43,232,59,252
43,232,59,166
43,232,59,253
43,232,59,167
43,232,59,254
43,232,338,251
43,232,338,165
43,232,338,252
43,232,338,166
43,232,60,252
43,232,60,166
43,232,60,253
43,232,60,167
43,232,60,254
43,232,339,165
43,232,339,252
43,232,339,166
43,232,61,250
43,232,61,253
43,232,61,167
43,232,61,254
43,232,340,163
43,232,340,166
43,232,62,251
43,232,62,254
43,232,341,164
43,232,63,252
43,232,342,165
43,232,64,253
43,232,343,166
43,235,61,250
43,235,61,253
43,235,61,167
43,235,61,254
43,235,340,163
43,235,340,166
43,235,62,251
43,235,62,254
43,235,341,164
43,235,63,252
43,235,342,165
43,235,64,253
43,235,343,166
43,148,63,252
43,148,63,255
43,148,342,165
43,148,64,253
43,148,343,166
43,148,344,167
43,148,66,255
43,236,62,251
43,236,62,254
43,236,341,164
43,236,63,252
43,236,342,165
43,236,64,253
43,236,343,166
43,149,64,253
43,149,343,166
43,149,344,167
43,149,66,255
43,150,63,252
43,150,63,255
43,150,342,165
43,150,64,253
43,150,343,166
43,150,344,167
43,150,66,255
43,237,62,251
43,237,62,254
43,237,341,164
43,237,63,252
43,237,342,165
43,237,64,253
43,237,343,166
43,151,342,165
43,151,64,253
43,151,343,166
43,151,344,167
43,151,66,255
43,238,63,252
43,238,342,165
43,238,64,253
43,238,343,166
43,152,343,166
43,152,344,167
43,152,66,255
43,239,64,253
43,239,343,166
43,153,344,167
43,153,66,255
139,327,240,62,256,78
139,327,240,62,257,79
139,327,240,62,170,358
139,327,240,67
139,327,240,346
139,327,240,68
139,327,240,69
139,327,240,347
139,327,154,342,257,79
139,327,154,342,170,358
139,327,154,69
139,327,154,347
139,327,154,348
139,327,154,70
139,327,154,349
139,327,241,63,257,79
139,327,241,63,170,358
139,327,241,68
139,327,241,69
139,327,241,347
139,327,155,343,170,358
139,327,155,347
139,327,155,348
139,327,155,70
139,327,155,349
139,327,242,67
139,327,242,346
139,327,242,68
139,327,242,69
139,327,242,347
139,327,156,344,257,79
139,327,156,344,170,358
139,327,156,69
139,327,156,347
139,327,156,348
139,327,156,70
139,327,156,349
139,327,243,68
139,327,243,69
139,327,243,347
139,327,157,345,170,358
139,327,157,347
139,327,157,348
139,327,157,70
139,327,157,349
139,327,244,69
139,327,244,347
139,327,158,348
139,327,158,70
139,327,158,349
139,327,245,67
139,327,246,68
139,327,159,347
139,327,247,69
139,327,160,348
139,52,246,68
139,52,246,70
139,52,246,349
139,52,246,71
139,52,159,347
139,52,159,72
139,52,247,69
139,52,247,71
139,52,160,348
139,52,248,70
139,52,162,350
139,52,249,71
139,331,246,68
139,331,159,347
139,331,247,69
139,331,160,348
139,53,247,69
139,53,247,71
139,53,160,348
139,53,248,70
139,53,162,350
139,53,249,71
139,332,159,347
139,332,247,69
139,332,160,348
139,54,246,68
139,54,246,70
139,54,246,349
139,54,246,71
139,54,159,347
139,54,159,72
139,54,247,69
139,54,247,71
139,54,160,348
139,54,248,70
139,54,162,350
139,54,249,71
139,333,246,68
139,333,159,347
139,333,247,69
139,333,160,348
139,55,247,69
139,55,247,71
139,55,160,348
139,55,248,70
139,55,162,350
139,55,249,71
139,334,159,347
139,334,247,69
139,334,160,348
139,56,248,70
139,56,162,350
139,56,249,71
139,335,160,348
139,57,248,70
139,57,162,350
139,57,249,71
139,58,249,71
226,48,242,64,256,78
226,48,242,64,257,79
226,48,242,64,170,358
226,48,242,67
226,48,242,346
226,48,242,68
226,48,242,69
226,48,242,347
226,48,242,348
226,48,242,70
226,48,156,344,257,79
226,48,156,344,170,358
226,48,156,69
226,48,156,347
226,48,156,348
226,48,156,70
226,48,156,349
226,48,156,71
226,48,243,65,257,79
226,48,243,65,170,358
226,48,243,68
226,48,243,69
226,48,243,347
226,48,243,348
226,48,243,70
226,48,157,345,170,358
226,48,157,347
226,48,157,348
226,48,157,70
226,48,157,349
226,48,157,71
226,48,244,69
226,48,244,347
226,48,244,348
226,48,244,70
226,48,158,348
226,48,158,70
226,48,158,349
226,48,158,71
226,48,245,67
226,48,245,348
226,48,245,70
226,48,246,68
226,48,246,70
226,48,159,347
226,48,247,69
226,48,160,348
226,48,161,349
226,51,245,67
226,51,245,348
226,51,245,70
226,51,246,68
226,51,246,70
226,51,159,347
226,51,247,69
226,51,160,348
226,51,161,349
226,330,158,346
226,330,158,348
226,330,245,67
226,330,246,68
226,330,159,347
226,330,247,69
226,330,160,348
226,52,246,68
226,52,246,70
226,52,159,347
226,52,247,69
226,52,160,348
226,52,161,349
226,331,246,68
226,331,159,347
226,331,247,69
226,331,160,348
226,53,245,67
226,53,245,348
226,53,245,70
226,53,246,68
226,53,246,70
226,53,159,347
226,53,247,69
226,53,160,348
226,53,161,349
226,332,158,346
226,332,158,348
226,332,245,67
226,332,246,68
226,332,159,347
226,332,247,69
226,332,160,348
226,54,246,68
226,54,246,70
226,54,159,347
226,54,247,69
226,54,160,348
226,54,161,349
226,333,246,68
226,333,159,347
226,333,247,69
226,333,160,348
226,55,247,69
226,55,160,348
226,55,161,349
226,334,159,347
226,334,247,69
226,334,160,348
226,56,161,349
226,335,160,348
44,233,59,248,73,262
44,233,59,248,352,175
44,233,59,248,74,263
44,233,59,248,353,176
44,233,59,251
44,233,59,165
44,233,59,252
44,233,59,166
44,233,59,253
44,233,59,167
44,233,59,254
44,233,59,168
44,233,59,255
44,233,338,161,74,263
44,233,338,161,353,176
44,233,338,251
44,233,338,165
44,233,338,252
44,233,338,166
44,233,338,253
44,233,338,167
44,233,60,249,74,263
44,233,60,249,353,176
44,233,60,252
44,233,60,166
44,233,60,253
44,233,60,167
44,233,60,254
44,233,60,168
44,233,60,255
44,233,339,162,353,176
44,233,339,165
44,233,339,252
44,233,339,166
44,233,339,253
44,233,339,167
44,233,61,253
44,233,61,167
44,233,61,254
44,233,61,168
44,233,61,255
44,233,340,166
44,233,340,253
44,233,340,167
44,233,62,251
44,233,62,254
44,233,62,168
44,233,62,255
44,233,341,164
44,233,341,167
44,233,63,252
44,233,63,255
44,233,342,165
44,233,64,253
44,233,343,166
44,233,65,254
44,233,344,167
44,236,62,251
44,236,62,254
44,236,62,168
44,236,62,255
44,236,341,164
44,236,341,167
44,236,63,252
44,236,63,255
44,236,342,165
44,236,64,253
44,236,343,166
44,236,65,254
44,236,344,167
44,149,64,253
44,149,64,256
44,149,343,166
44,149,65,254
44,149,344,167
44,149,345,168
44,149,67,256
44,150,65,254
44,150,344,167
44,150,345,168
44,150,67,256
44,237,62,251
44,237,62,254
44,237,62,168
44,237,62,255
44,237,341,164
44,237,341,167
44,237,63,252
44,237,63,255
44,237,342,165
44,237,64,253
44,237,343,166
44,237,65,254
44,237,344,167
44,151,342,165
44,151,342,168
44,151,64,253
44,151,64,256
44,151,343,166
44,151,65,254
44,151,344,167
44,151,345,168
44,151,67,256
44,238,63,252
44,238,63,255
44,238,342,165
44,238,64,253
44,238,343,166
44,238,65,254
44,238,344,167
44,152,343,166
44,152,65,254
44,152,344,167
44,152,345,168
44,152,67,256
44,239,64,253
44,239,343,166
44,239,65,254
44,239,344,167
44,153,344,167
44,153,345,168
44,153,67,256
44,240,65,254
44,240,344,167
44,154,345,168
44,154,67,256
322,145,58,247,73,262
322,145,58,247,352,175
322,145,58,247,74,263
322,145,58,247,353,176
322,145,58,251
322,145,58,165
322,145,58,252
322,145,58,166
322,145,58,253
322,145,58,167
322,145,58,254
322,145,58,168
322,145,336,159,74,263
322,145,336,159,353,176
322,145,336,251
322,145,336,165
322,145,336,252
322,145,336,166
322,145,336,253
322,145,336,167
322,145,337,160,73,262
322,145,337,160,352,175
322,145,337,160,74,263
322,145,337,160,353,176
322,145,337,250
322,145,337,164
322,145,337,251
322,145,337,165
322,145,337,252
322,145,337,166
322,145,337,253
322,145,337,167
322,145,59,251
322,145,59,165
322,145,59,252
322,145,59,166
322,145,59,253
322,145,59,167
322,145,59,254
322,145,59,168
322,145,338,161,74,263
322,145,338,161,353,176
322,145,338,251
322,145,338,165
322,145,338,252
322,145,338,166
322,145,338,253
322,145,338,167
322,145,60,252
322,145,60,166
322,145,60,253
322,145,60,167
322,145,60,254
322,145,60,168
322,145,339,162,353,176
322,145,339,165
322,145,339,252
322,145,339,166
322,145,339,253
322,145,339,167
322,145,61,253
322,145,61,167
322,145,61,254
322,145,61,168
322,145,340,166
322,145,340,253
322,145,340,167
322,145,62,251
322,145,62,254
322,145,62,168
322,145,341,164
322,145,341,167
322,145,63,252
322,145,342,165
322,145,64,253
322,145,343,166
322,145,65,254
322,235,61,250
322,235,61,253
322,235,61,167
322,235,340,163
322,235,62,251
322,235,341,164
322,235,63,252
322,235,342,165
322,235,64,253
322,148,63,252
322,148,342,165
322,148,64,253
322,148,343,166
322,148,65,254
322,236,62,251
322,236,341,164
322,236,63,252
322,236,342,165
322,236,64,253
322,149,62,251
322,149,62,254
322,149,62,168
322,149,341,164
322,149,341,167
322,149,63,252
322,149,342,165
322,149,64,253
322,149,343,166
322,149,65,254
322,150,63,252
322,150,342,165
322,150,64,253
322,150,343,166
322,150,65,254
322,237,62,251
322,237,341,164
322,237,63,252
322,237,342,165
322,237,64,253
322,151,342,165
322,151,64,253
322,151,343,166
322,151,65,254
322,238,63,252
322,238,342,165
322,238,64,253
322,152,343,166
322,152,65,254
322,239,64,253
140,328,154,342,257,79
140,328,154,342,170,358
140,328,154,342,258,80
140,328,154,69
140,328,154,347
140,328,154,348
140,328,154,70
140,328,154,349
140,328,154,71
140,328,154,350
140,328,241,63,257,79
140,328,241,63,170,358
140,328,241,63,258,80
140,328,241,68
140,328,241,69
140,328,241,347
140,328,241,348
140,328,241,70
140,328,155,343,170,358
140,328,155,343,258,80
140,328,155,347
140,328,155,348
140,328,155,70
140,328,155,349
140,328,155,71
140,328,155,350
140,328,242,64,258,80
140,328,242,69
140,328,242,347
140,328,242,348
140,328,242,70
140,328,156,344,257,79
140,328,156,344,170,358
140,328,156,344,258,80
140,328,156,69
140,328,156,347
140,328,156,348
140,328,156,70
140,328,156,349
140,328,156,71
140,328,156,350
140,328,243,68
140,328,243,69
140,328,243,347
140,328,243,348
140,328,243,70
140,328,157,345,170,358
140,328,157,345,258,80
140,328,157,347
140,328,157,348
140,328,157,70
140,328,157,349
140,328,157,71
140,328,157,350
140,328,244,69
140,328,244,347
140,328,244,348
140,328,244,70
140,328,158,348
140,328,158,70
140,328,158,349
140,328,158,71
140,328,158,350
140,328,245,348
140,328,245,70
140,328,246,68
140,328,246,70
140,328,159,347
140,328,247,69
140,328,160,348
140,328,161,349
140,328,248,70
140,331,246,68
140,331,246,70
140,331,159,347
140,331,247,69
140,331,160,348
140,331,161,349
140,331,248,70
140,53,247,69
140,53,247,71
140,53,247,350
140,53,160,348
140,53,160,73
140,53,161,349
140,53,248,70
140,53,249,71
140,53,163,351
140,332,159,347
140,332,247,69
140,332,160,348
140,332,161,349
140,332,248,70
140,54,161,349
140,54,248,70
140,54,249,71
140,54,163,351
140,333,246,68
140,333,246,70
140,333,159,347
140,333,247,69
140,333,160,348
140,333,161,349
140,333,248,70
140,55,247,69
140,55,247,71
140,55,247,350
140,55,160,348
140,55,160,73
140,55,161,349
140,55,248,70
140,55,249,71
140,55,163,351
140,334,159,347
140,334,247,69
140,334,160,348
140,334,161,349
140,334,248,70
140,56,161,349
140,56,248,70
140,56,249,71
140,56,163,351
140,335,160,348
140,335,161,349
140,335,248,70
140,57,248,70
140,57,249,71
140,57,163,351
140,58,249,71
140,58,163,351
227,49,243,65,257,79
227,49,243,65,170,358
227,49,243,65,258,80
227,49,243,65,171,359
227,49,243,68
227,49,243,69
227,49,243,347
227,49,243,348
227,49,243,70
227,49,243,349
227,49,243,71
227,49,157,345,170,358
227,49,157,345,258,80
227,49,157,345,171,359
227,49,157,347
227,49,157,348
227,49,157,70
227,49,157,349
227,49,157,71
227,49,157,350
227,49,157,72
227,49,244,66,258,80
227,49,244,66,171,359
227,49,244,69
227,49,244,347
227,49,244,348
227,49,244,70
227,49,244,349
227,49,244,71
227,49,158,346,171,359
227,49,158,348
227,49,158,70
227,49,158,349
227,49,158,71
227,49,158,350
227,49,158,72
227,49,245,348
227,49,245,70
227,49,245,349
227,49,245,71
227,49,246,68
227,49,246,70
227,49,246,349
227,49,246,71
227,49,159,347
227,49,159,72
227,49,247,69
227,49,247,71
227,49,160,348
227,49,161,349
227,49,248,70
227,49,162,350
227,52,246,68
227,52,246,70
227,52,246,349
227,52,246,71
227,52,159,347
227,52,159,72
227,52,247,69
227,52,247,71
227,52,160,348
227,52,161,349
227,52,248,70
227,52,162,350
227,331,246,68
227,331,159,347
227,331,247,69
227,331,160,348
227,331,161,349
227,53,247,69
227,53,247,71
227,53,160,348
227,53,161,349
227,53,248,70
227,53,162,350
227,332,159,347
227,332,247,69
227,332,160,348
227,332,161,349
227,54,246,68
227,54,246,70
227,54,246,349
227,54,246,71
227,54,159,347
227,54,159,72
227,54,247,69
227,54,247,71
227,54,160,348
227,54,161,349
227,54,248,70
227,54,162,350
227,333,246,68
227,333,159,347
227,333,247,69
227,333,160,348
227,333,161,349
227,55,247,69
227,55,247,71
227,55,160,348
227,55,161,349
227,55,248,70
227,55,162,350
227,334,159,347
227,334,247,69
227,334,160,348
227,334,161,349
227,56,161,349
227,56,248,70
227,56,162,350
227,335,160,348
227,335,161,349
227,57,248,70
227,57,162,350
323,146,336,159,74,263
323,146,336,159,353,176
323,146,336,159,75,264
323,146,336,159,354,177
323,146,336,251
323,146,336,165
323,146,336,252
323,146,336,166
323,146,336,253
323,146,336,167
323,146,336,254
323,146,336,168
323,146,337,160,75,264
323,146,337,160,354,177
323,146,337,252
323,146,337,166
323,146,337,253
323,146,337,167
323,146,337,254
323,146,337,168
323,146,59,248,75,264
323,146,59,248,354,177
323,146,59,253
323,146,59,167
323,146,59,254
323,146,59,168
323,146,59,255
323,146,59,169
323,146,338,161,74,263
323,146,338,161,353,176
323,146,338,161,75,264
323,146,338,161,354,177
323,146,338,251
323,146,338,165
323,146,338,252
323,146,338,166
323,146,338,253
323,146,338,167
323,146,338,254
323,146,338,168
323,146,60,252
323,146,60,166
323,146,60,253
323,146,60,167
323,146,60,254
323,146,60,168
323,146,60,255
323,146,60,169
323,146,339,162,353,176
323,146,339,162,75,264
323,146,339,162,354,177
323,146,339,165
323,146,339,252
323,146,339,166
323,146,339,253
323,146,339,167
323,146,339,254
323,146,339,168
323,146,61,253
323,146,61,167
323,146,61,254
323,146,61,168
323,146,61,255
323,146,61,169
323,146,340,163,354,177
323,146,340,166
323,146,340,253
323,146,340,167
323,146,340,254
323,146,340,168
323,146,62,254
323,146,62,168
323,146,62,255
323,146,62,169
323,146,341,167
323,146,341,254
323,146,341,168
323,146,63,252
323,146,63,255
323,146,63,169
323,146,342,165
323,146,342,168
323,146,64,253
323,146,343,166
323,146,65,254
323,146,344,167
323,146,66,255
323,148,63,252
323,148,63,255
323,148,63,169
323,148,342,165
323,148,342,168
323,148,64,253
323,148,343,166
323,148,65,254
323,148,344,167
323,148,66,255
323,236,62,251
323,236,62,254
323,236,62,168
323,236,341,164
323,236,63,252
323,236,342,165
323,236,64,253
323,236,343,166
323,236,65,254
323,149,64,253
323,149,343,166
323,149,65,254
323,149,344,167
323,149,66,255
323,150,63,252
323,150,63,255
323,150,63,169
323,150,342,165
323,150,342,168
323,150,64,253
323,150,343,166
323,150,65,254
323,150,344,167
323,150,66,255
323,237,62,251
323,237,62,254
323,237,62,168
323,237,341,164
323,237,63,252
323,237,342,165
323,237,64,253
323,237,343,166
323,237,65,254
323,151,342,165
323,151,342,168
323,151,64,253
323,151,343,166
323,151,65,254
323,151,344,167
323,151,66,255
323,238,63,252
323,238,342,165
323,238,64,253
323,238,343,166
323,238,65,254
323,152,343,166
323,152,65,254
323,152,344,167
323,152,66,255
323,239,64,253
323,239,343,166
323,239,65,254
323,153,344,167
323,153,66,255
323,240,65,254
45,234,60,249,74,263
45,234,60,249,353,176
45,234,60,249,75,264
45,234,60,249,354,177
45,234,60,252
45,234,60,166
45,234,60,253
45,234,60,167
45,234,60,254
45,234,60,168
45,234,60,255
45,234,60,169
45,234,60,256
45,234,339,162,353,176
45,234,339,162,75,264
45,234,339,162,354,177
45,234,339,165
45,234,339,252
45,234,339,166
45,234,339,253
45,234,339,167
45,234,339,254
45,234,339,168
45,234,61,250,75,264
45,234,61,250,354,177
45,234,61,253
45,234,61,167
45,234,61,254
45,234,61,168
45,234,61,255
45,234,61,169
45,234,61,256
45,234,340,163,354,177
45,234,340,166
45,234,340,253
45,234,340,167
45,234,340,254
45,234,340,168
45,234,62,254
45,234,62,168
45,234,62,255
45,234,62,169
45,234,62,256
45,234,341,167
45,234,341,254
45,234,341,168
45,234,63,252
45,234,63,255
45,234,63,169
45,234,63,256
45,234,342,165
45,234,342,168
45,234,64,253
45,234,64,256
45,234,343,166
45,234,65,254
45,234,344,167
45,234,66,255
45,234,345,168
45,150,65,254
45,150,65,257
45,150,344,167
45,150,66,255
45,150,345,168
45,150,346,169
45,150,68,257
45,237,64,253
45,237,64,256
45,237,343,166
45,237,65,254
45,237,344,167
45,237,66,255
45,237,345,168
45,151,344,167
45,151,66,255
45,151,345,168
45,151,346,169
45,151,68,257
45,238,63,252
45,238,63,255
45,238,63,169
45,238,63,256
45,238,342,165
45,238,342,168
45,238,64,253
45,238,64,256
45,238,343,166
45,238,65,254
45,238,344,167
45,238,66,255
45,238,345,168
45,152,343,166
45,152,343,169
45,152,65,254
45,152,65,257
45,152,344,167
45,152,66,255
45,152,345,168
45,152,346,169
45,152,68,257
45,239,64,253
45,239,64,256
45,239,343,166
45,239,65,254
45,239,344,167
45,239,66,255
45,239,345,168
45,153,344,167
45,153,66,255
45,153,345,168
45,153,346,169
45,153,68,257
45,240,65,254
45,240,344,167
45,240,66,255
45,240,345,168
45,154,345,168
45,154,346,169
45,154,68,257
45,241,66,255
45,241,345,168
45,155,346,169
45,155,68,257
141,329,155,343,170,358
141,329,155,343,258,80
141,329,155,343,171,359
141,329,155,343,173,385
141,329,155,347
141,329,155,348
141,329,155,70
141,329,155,349
141,329,155,71
141,329,155,350
141,329,155,72
141,329,155,351
141,329,242,64,258,80
141,329,242,64,258,385
141,329,242,64,171,359
141,329,242,64,173,385
141,329,242,69
141,329,242,347
141,329,242,348
141,329,242,70
141,329,242,349
141,329,242,71
141,329,156,344,171,359
141,329,156,344,173,385
141,329,156,348
141,329,156,70
141,329,156,349
141,329,156,71
141,329,156,350
141,329,156,72
141,329,156,351
141,329,243,65,173,385
141,329,243,348
141,329,243,70
141,329,243,349
141,329,243,71
141,329,157,345,170,358
141,329,157,345,258,80
141,329,157,345,171,359
141,329,157,345,173,385
141,329,157,347
141,329,157,348
141,329,157,70
141,329,157,349
141,329,157,71
141,329,157,350
141,329,157,72
141,329,157,351
141,329,244,66,173,385
141,329,244,69
141,329,244,347
141,329,244,348
141,329,244,70
141,329,244,349
141,329,244,71
141,329,158,346,171,359
141,329,158,346,173,385
141,329,158,348
141,329,158,70
141,329,158,349
141,329,158,71
141,329,158,350
141,329,158,72
141,329,158,351
141,329,245,348
141,329,245,70
141,329,245,349
141,329,245,71
141,329,246,70
141,329,246,349
141,329,246,71
141,329,159,347
141,329,159,72
141,329,159,351
141,329,247,69
141,329,247,71
141,329,160,348
141,329,161,349
141,329,248,70
141,329,162,350
141,329,249,71
141,332,159,347
141,332,159,72
141,332,159,351
141,332,247,69
141,332,247,71
141,332,160,348
141,332,161,349
141,332,248,70
141,332,162,350
141,332,249,71
141,54,161,349
141,54,161,74
141,54,248,70
141,54,162,350
141,54,249,71
141,54,250,72
141,54,164,352
141,333,160,348
141,333,161,349
141,333,248,70
141,333,162,350
141,333,249,71
141,55,248,70
141,55,162,350
141,55,249,71
141,55,250,72
141,55,164,352
141,334,159,347
141,334,159,72
141,334,159,351
141,334,247,69
141,334,247,71
141,334,160,348
141,334,161,349
141,334,248,70
141,334,162,350
141,334,249,71
141,56,161,349
141,56,161,74
141,56,248,70
141,56,162,350
141,56,249,71
141,56,250,72
141,56,164,352
141,335,160,348
141,335,161,349
141,335,248,70
141,335,162,350
141,335,249,71
141,57,248,70
141,57,162,350
141,57,249,71
141,57,250,72
141,57,164,352
141,58,249,71
141,58,250,72
141,58,164,352
141,336,249,71
228,50,244,66,258,80
228,50,244,66,258,385
228,50,244,66,171,359
228,50,244,66,173,385
228,50,244,69,258,385
228,50,244,69
228,50,244,347
228,50,244,348
228,50,244,70
228,50,244,349
228,50,244,71
228,50,244,350
228,50,244,72
228,50,158,346,171,359
228,50,158,346,172,360
228,50,158,346,173,385
228,50,158,348
228,50,158,70
228,50,158,349
228,50,158,71
228,50,158,350
228,50,158,72
228,50,158,351
228,50,158,73
228,50,245,67,173,385
228,50,245,348
228,50,245,70
228,50,245,349
228,50,245,71
228,50,245,350
228,50,245,72
228,50,246,68,173,385
228,50,246,70
228,50,246,349
228,50,246,71
228,50,246,350
228,50,246,72
228,50,159,72
228,50,159,351
228,50,159,73
228,50,247,69
228,50,247,71
228,50,247,350
228,50,247,72
228,50,160,348
228,50,160,73
228,50,161,349
228,50,248,70
228,50,162,350
228,50,249,71
228,50,163,351
228,53,247,69
228,53,247,71
228,53,247,350
228,53,247,72
228,53,160,348
228,53,160,73
228,53,161,349
228,53,248,70
228,53,162,350
228,53,249,71
228,53,163,351
228,332,159,347
228,332,247,69
228,332,160,348
228,332,161,349
228,332,248,70
228,332,162,350
228,54,161,349
228,54,248,70
228,54,162,350
228,54,249,71
228,54,163,351
228,333,160,348
228,333,161,349
228,333,248,70
228,333,162,350
228,55,247,69
228,55,247,71
228,55,247,350
228,55,247,72
228,55,160,348
228,55,160,73
228,55,161,349
228,55,248,70
228,55,162,350
228,55,249,71
228,55,163,351
228,334,159,347
228,334,247,69
228,334,160,348
228,334,161,349
228,334,248,70
228,334,162,350
228,56,161,349
228,56,248,70
228,56,162,350
228,56,249,71
228,56,163,351
228,335,160,348
228,335,161,349
228,335,248,70
228,335,162,350
228,57,248,70
228,57,162,350
228,57,249,71
228,57,163,351
228,58,249,71
228,58,163,351
46,235,61,250,75,264
46,235,61,250,354,177
46,235,61,250,76,265
46,235,61,250,355,178
46,235,61,253
46,235,61,167
46,235,61,254
46,235,61,168
46,235,61,255
46,235,61,169
46,235,61,256
46,235,61,257
46,235,340,163,354,177
46,235,340,163,76,265
46,235,340,163,355,178
46,235,340,166
46,235,340,253
46,235,340,167
46,235,340,254
46,235,340,168
46,235,340,255
46,235,340,169
46,235,62,251,76,265
46,235,62,251,355,178
46,235,62,254
46,235,62,168
46,235,62,255
46,235,62,169
46,235,62,256
46,235,62,257
46,235,341,164,355,178
46,235,341,167
46,235,341,254
46,235,341,168
46,235,341,255
46,235,341,169
46,235,63,255
46,235,63,169
46,235,63,256
46,235,63,257
46,235,342,168
46,235,342,255
46,235,342,169
46,235,64,253
46,235,64,256
46,235,64,257
46,235,343,166
46,235,343,169
46,235,65,254
46,235,65,257
46,235,344,167
46,235,66,255
46,235,345,168
46,235,67,256
46,235,346,169
46,237,64,253
46,237,64,256
46,237,64,257
46,237,343,166
46,237,343,169
46,237,65,254
46,237,65,257
46,237,344,167
46,237,66,255
46,237,345,168
46,237,67,256
46,237,346,169
46,151,344,167
46,151,66,255
46,151,66,258
46,151,345,168
46,151,67,256
46,151,346,169
46,151,69,258
46,238,65,254
46,238,65,257
46,238,344,167
46,238,66,255
46,238,345,168
46,238,67,256
46,238,346,169
46,152,345,168
46,152,67,256
46,152,346,169
46,152,69,258
46,239,64,253
46,239,64,256
46,239,64,257
46,239,343,166
46,239,343,169
46,239,65,254
46,239,65,257
46,239,344,167
46,239,66,255
46,239,345,168
46,239,67,256
46,239,346,169
46,153,344,167
46,153,66,255
46,153,66,258
46,153,345,168
46,153,67,256
46,153,346,169
46,153,69,258
46,240,65,254
46,240,65,257
46,240,344,167
46,240,66,255
46,240,345,168
46,240,67,256
46,240,346,169
46,154,345,168
46,154,67,256
46,154,346,169
46,154,69,258
46,241,66,255
46,241,345,168
46,241,67,256
46,241,346,169
46,155,346,169
46,155,69,258
46,242,67,256
46,242,346,169
46,156,69,258
324,147,337,160,75,264
324,147,337,160,354,177
324,147,337,160,76,265
324,147,337,160,355,178
324,147,337,252
324,147,337,166
324,147,337,253
324,147,337,167
324,147,337,254
324,147,337,168
324,147,337,255
324,147,337,169
324,147,59,248,75,264
324,147,59,248,354,177
324,147,59,248,76,265
324,147,59,248,355,178
324,147,59,253
324,147,59,167
324,147,59,254
324,147,59,168
324,147,59,255
324,147,59,169
324,147,59,256
324,147,338,161,76,265
324,147,338,161,355,178
324,147,338,253
324,147,338,167
324,147,338,254
324,147,338,168
324,147,338,255
324,147,338,169
324,147,60,249,76,265
324,147,60,249,355,178
324,147,60,254
324,147,60,168
324,147,60,255
324,147,60,169
324,147,60,256
324,147,339,162,355,178
324,147,339,167
324,147,339,254
324,147,339,168
324,147,339,255
324,147,339,169
324,147,61,253
324,147,61,167
324,147,61,254
324,147,61,168
324,147,61,255
324,147,61,169
324,147,61,256
324,147,340,163,354,177
324,147,340,163,76,265
324,147,340,163,355,178
324,147,340,166
324,147,340,253
324,147,340,167
324,147,340,254
324,147,340,168
324,147,340,255
324,147,340,169
324,147,62,254
324,147,62,168
324,147,62,255
324,147,62,169
324,147,62,256
324,147,341,164,355,178
324,147,341,167
324,147,341,254
324,147,341,168
324,147,341,255
324,147,341,169
324,147,63,255
324,147,63,169
324,147,63,256
324,147,342,168
324,147,342,255
324,147,342,169
324,147,64,253
324,147,64,256
324,147,343,166
324,147,343,169
324,147,65,254
324,147,344,167
324,147,66,255
324,147,345,168
324,147,67,256
324,149,64,253
324,149,64,256
324,149,343,166
324,149,343,169
324,149,65,254
324,149,344,167
324,149,66,255
324,149,345,168
324,149,67,256
324,150,65,254
324,150,344,167
324,150,66,255
324,150,345,168
324,150,67,256
324,237,64,253
324,237,343,166
324,237,65,254
324,237,344,167
324,237,66,255
324,151,344,167
324,151,66,255
324,151,345,168
324,151,67,256
324,238,63,252
324,238,63,255
324,238,63,169
324,238,342,165
324,238,64,253
324,238,343,166
324,238,65,254
324,238,344,167
324,238,66,255
324,152,343,166
324,152,343,169
324,152,65,254
324,152,344,167
324,152,66,255
324,152,345,168
324,152,67,256
324,239,64,253
324,239,343,166
324,239,65,254
324,239,344,167
324,239,66,255
324,153,344,167
324,153,66,255
324,153,345,168
324,153,67,256
324,240,65,254
324,240,344,167
324,240,66,255
324,154,345,168
324,154,67,256
324,241,66,255
142,330,156,344,171,359
142,330,156,344,172,360
142,330,156,344,259,81
142,330,156,344,173,385
142,330,156,348
142,330,156,70
142,330,156,349
142,330,156,71
142,330,156,350
142,330,156,72
142,330,156,351
142,330,156,73
142,330,156,352
142,330,243,65,172,360
142,330,243,65,259,81
142,330,243,65,173,385
142,330,243,348
142,330,243,70
142,330,243,349
142,330,243,71
142,330,243,350
142,330,243,72
142,330,157,345,172,360
142,330,157,345,259,81
142,330,157,345,173,385
142,330,157,349
142,330,157,71
142,330,157,350
142,330,157,72
142,330,157,351
142,330,157,73
142,330,157,352
142,330,244,66,259,81
142,330,244,66,173,385
142,330,244,70
142,330,244,349
142,330,244,71
142,330,244,350
142,330,244,72
142,330,158,346,171,359
142,330,158,346,172,360
142,330,158,346,259,81
142,330,158,346,173,385
142,330,158,348
142,330,158,70
142,330,158,349
142,330,158,71
142,330,158,350
142,330,158,72
142,330,158,351
142,330,158,73
142,330,158,352
142,330,245,348
142,330,245,70
142,330,245,349
142,330,245,71
142,330,245,350
142,330,245,72
142,330,246,70
142,330,246,349
142,330,246,71
142,330,246,350
142,330,246,72
142,330,159,72
142,330,159,351
142,330,159,73
142,330,159,352
142,330,247,71
142,330,247,350
142,330,247,72
142,330,160,348
142,330,160,73
142,330,160,352
142,330,161,349
142,330,248,70
142,330,162,350
142,330,249,71
142,330,163,351
142,330,250,72
142,333,160,348
142,333,160,73
142,333,160,352
142,333,161,349
142,333,248,70
142,333,162,350
142,333,249,71
142,333,163,351
142,333,250,72
142,55,248,70
142,55,248,73
142,55,248,352
142,55,162,350
142,55,162,353
142,55,162,75
142,55,249,71
142,55,163,351
142,55,250,72
142,55,251,73
142,55,165,353
142,334,161,349
142,334,248,70
142,334,162,350
142,334,249,71
142,334,163,351
142,334,250,72
142,56,249,71
142,56,163,351
142,56,250,72
142,56,251,73
142,56,165,353
142,335,160,348
142,335,160,73
142,335,160,352
142,335,161,349
142,335,248,70
142,335,162,350
142,335,249,71
142,335,163,351
142,335,250,72
142,57,248,70
142,57,248,73
142,57,248,352
142,57,162,350
142,57,162,353
142,57,162,75
142,57,249,71
142,57,163,351
142,57,250,72
142,57,251,73
142,57,165,353
142,58,249,71
142,58,163,351
142,58,250,72
142,58,251,73
142,58,165,353
142,336,249,71
142,336,163,351
142,336,250,72
142,337,250,72
142,59,251,73
142,59,165,353
229,51,245,67,259,81
229,51,245,67,173,385
229,51,245,348
229,51,245,70
229,51,245,349
229,51,245,71
229,51,245,350
229,51,245,72
229,51,245,351
229,51,245,73
229,51,246,68,259,81
229,51,246,68,173,385
229,51,246,70
229,51,246,349
229,51,246,71
229,51,246,350
229,51,246,72
229,51,246,351
229,51,246,73
229,51,159,72
229,51,159,351
229,51,159,73
229,51,159,352
229,51,159,74
229,51,247,71
229,51,247,350
229,51,247,72
229,51,247,351
229,51,247,73
229,51,160,73
229,51,160,352
229,51,160,74
229,51,161,349
229,51,161,74
229,51,248,70
229,51,248,73
229,51,162,350
229,51,249,71
229,51,163,351
229,51,250,72
229,51,164,352
229,54,161,349
229,54,161,74
229,54,248,70
229,54,248,73
229,54,162,350
229,54,249,71
229,54,163,351
229,54,250,72
229,54,164,352
229,333,160,348
229,333,161,349
229,333,248,70
229,333,162,350
229,333,249,71
229,333,163,351
229,55,248,70
229,55,248,73
229,55,162,350
229,55,249,71
229,55,163,351
229,55,250,72
229,55,164,352
229,334,161,349
229,334,248,70
229,334,162,350
229,334,249,71
229,334,163,351
229,56,161,349
229,56,161,74
229,56,248,70
229,56,248,73
229,56,162,350
229,56,249,71
229,56,163,351
229,56,250,72
229,56,164,352
229,335,160,348
229,335,161,349
229,335,248,70
229,335,162,350
229,335,249,71
229,335,163,351
229,57,248,70
229,57,248,73
229,57,162,350
229,57,249,71
229,57,163,351
229,57,250,72
229,57,164,352
229,58,249,71
229,58,163,351
229,58,250,72
229,58,164,352
229,336,249,71
229,336,163,351
47,236,62,251,76,265
47,236,62,251,355,178
47,236,62,251,77,266
47,236,62,251,356,179
47,236,62,254
47,236,62,168
47,236,62,255
47,236,62,169
47,236,62,256
47,236,62,257
47,236,62,170
47,236,62,258
47,236,341,164,355,178
47,236,341,164,77,266
47,236,341,164,356,179
47,236,341,167
47,236,341,254
47,236,341,168
47,236,341,255
47,236,341,169
47,236,341,256
47,236,63,252,77,266
47,236,63,252,356,179
47,236,63,255
47,236,63,169
47,236,63,256
47,236,63,257
47,236,63,170
47,236,63,258
47,236,342,165,356,179
47,236,342,168
47,236,342,255
47,236,342,169
47,236,342,256
47,236,64,256
47,236,64,257
47,236,64,170
47,236,64,258
47,236,343,169
47,236,343,256
47,236,65,254
47,236,65,257
47,236,65,170
47,236,65,258
47,236,344,167
47,236,66,255
47,236,66,258
47,236,345,168
47,236,67,256
47,236,346,169
47,236,68,257
47,238,65,254
47,238,65,257
47,238,65,170
47,238,65,258
47,238,344,167
47,238,66,255
47,238,66,258
47,238,345,168
47,238,67,256
47,238,346,169
47,238,68,257
47,152,345,168
47,152,345,170
47,152,67,256
47,152,346,169
47,152,68,257
47,152,347,170
47,239,66,255
47,239,66,258
47,239,345,168
47,239,67,256
47,239,346,169
47,239,68,257
47,153,346,169
47,153,68,257
47,153,347,170
47,240,65,254
47,240,65,257
47,240,65,170
47,240,65,258
47,240,344,167
47,240,66,255
47,240,66,258
47,240,345,168
47,240,67,256
47,240,346,169
47,240,68,257
47,154,345,168
47,154,345,170
47,154,67,256
47,154,346,169
47,154,68,257
47,154,347,170
47,241,66,255
47,241,66,258
47,241,345,168
47,241,67,256
47,241,346,169
47,241,68,257
47,155,346,169
47,155,68,257
47,155,347,170
47,242,67,256
47,242,346,169
47,242,68,257
47,156,347,170
47,243,68,257
47,157,347,170
143,331,157,345,172,360
143,331,157,345,259,81
143,331,157,345,173,385
143,331,157,345,260,82
143,331,157,345,174,361
143,331,157,345,175,386
143,331,157,349
143,331,157,71
143,331,157,350
143,331,157,72
143,331,157,351
143,331,157,73
143,331,157,352
143,331,157,74
143,331,157,353
143,331,244,66,259,81
143,331,244,66,259,386
143,331,244,66,173,385
143,331,244,66,260,82
143,331,244,66,174,361
143,331,244,66,175,386
143,331,244,70
143,331,244,349
143,331,244,71
143,331,244,350
143,331,244,72
143,331,244,351
143,331,244,73
143,331,158,346,260,82
143,331,158,346,174,361
143,331,158,346,175,386
143,331,158,72
143,331,158,351
143,331,158,73
143,331,158,352
143,331,158,74
143,331,158,353
143,331,245,67,260,82
143,331,245,67,174,361
143,331,245,67,175,386
143,331,245,71
143,331,245,350
143,331,245,72
143,331,245,351
143,331,245,73
143,331,246,68,175,386
143,331,246,70
143,331,246,349
143,331,246,71
143,331,246,350
143,331,246,72
143,331,246,351
143,331,246,73
143,331,159,347,260,82
143,331,159,347,174,361
143,331,159,347,175,386
143,331,159,72
143,331,159,351
143,331,159,73
143,331,159,352
143,331,159,74
143,331,159,353
143,331,247,71
143,331,247,350
143,331,247,72
143,331,247,351
143,331,247,73
143,331,160,348,175,386
143,331,160,73
143,331,160,352
143,331,160,74
143,331,160,353
143,331,161,349
143,331,161,74
143,331,161,353
143,331,248,70
143,331,248,73
143,331,162,350
143,331,162,353
143,331,249,71
143,331,163,351
143,331,250,72
143,331,164,352
143,331,251,73
143,334,161,349
143,334,161,74
143,334,161,353
143,334,248,70
143,334,248,73
143,334,162,350
143,334,162,353
143,334,249,71
143,334,163,351
143,334,250,72
143,334,164,352
143,334,251,73
143,56,249,71
143,56,249,74
143,56,249,353
143,56,163,351
143,56,163,354
143,56,163,76
143,56,250,72
143,56,164,352
143,56,251,73
143,56,252,74
143,56,166,354
143,335,249,71
143,335,163,351
143,335,250,72
143,335,164,352
143,335,251,73
143,57,250,72
143,57,164,352
143,57,251,73
143,57,252,74
143,57,166,354
143,58,249,71
143,58,249,74
143,58,249,353
143,58,163,351
143,58,163,354
143,58,163,76
143,58,250,72
143,58,164,352
143,58,251,73
143,58,252,74
143,58,166,354
143,336,249,71
143,336,163,351
143,336,250,72
143,336,164,352
143,336,251,73
143,337,250,72
143,337,164,352
143,337,251,73
143,59,251,73
143,59,252,74
143,59,166,354
143,338,251,73
143,60,252,74
143,60,166,354
230,52,246,68,259,81
230,52,246,68,259,386
230,52,246,68,173,385
230,52,246,68,260,82
230,52,246,68,174,361
230,52,246,68,175,386
230,52,246,70,259,386
230,52,246,70
230,52,246,349
230,52,246,71
230,52,246,350
230,52,246,72
230,52,246,351
230,52,246,73
230,52,246,352
230,52,246,74
230,52,159,347,260,82
230,52,159,347,174,361
230,52,159,347,175,386
230,52,159,72
230,52,159,351
230,52,159,73
230,52,159,352
230,52,159,74
230,52,159,353
230,52,159,75
230,52,247,69,260,82
230,52,247,69,174,361
230,52,247,69,175,386
230,52,247,71
230,52,247,350
230,52,247,72
230,52,247,351
230,52,247,73
230,52,247,352
230,52,247,74
230,52,160,348,175,386
230,52,160,73
230,52,160,352
230,52,160,74
230,52,160,353
230,52,160,75
230,52,161,74
230,52,161,353
230,52,161,75
230,52,248,70
230,52,248,73
230,52,248,352
230,52,248,74
230,52,162,350
230,52,162,353
230,52,162,75
230,52,249,71
230,52,249,74
230,52,163,351
230,52,250,72
230,52,164,352
230,52,251,73
230,52,165,353
230,55,248,70
230,55,248,73
230,55,248,352
230,55,248,74
230,55,162,350
230,55,162,353
230,55,162,75
230,55,249,71
230,55,249,74
230,55,163,351
230,55,250,72
230,55,164,352
230,55,251,73
230,55,165,353
230,334,161,349
230,334,248,70
230,334,162,350
230,334,249,71
230,334,163,351
230,334,250,72
230,334,164,352
230,56,249,71
230,56,249,74
230,56,163,351
230,56,250,72
230,56,164,352
230,56,251,73
230,56,165,353
230,335,249,71
230,335,163,351
230,335,250,72
230,335,164,352
230,57,248,70
230,57,248,73
230,57,248,352
230,57,248,74
230,57,162,350
230,57,162,353
230,57,162,75
230,57,249,71
230,57,249,74
230,57,163,351
230,57,250,72
230,57,164,352
230,57,251,73
230,57,165,353
230,58,249,71
230,58,249,74
230,58,163,351
230,58,250,72
230,58,164,352
230,58,251,73
230,58,165,353
230,336,249,71
230,336,163,351
230,336,250,72
230,336,164,352
230,337,250,72
230,337,164,352
230,59,251,73
230,59,165,353
325,148,61,250,77,266
325,148,61,250,356,179
325,148,61,250,78,267
325,148,61,250,357,180
325,148,61,255
325,148,61,169
325,148,61,256
325,148,61,257
325,148,61,170
325,148,61,258
325,148,61,171
325,148,340,163,356,179
325,148,340,163,78,267
325,148,340,163,357,180
325,148,340,168
325,148,340,255
325,148,340,169
325,148,340,256
325,148,340,257
325,148,340,170
325,148,62,251,78,267
325,148,62,251,357,180
325,148,62,256
325,148,62,257
325,148,62,170
325,148,62,258
325,148,62,171
325,148,341,164,357,180
325,148,341,169
325,148,341,256
325,148,341,257
325,148,341,170
325,148,63,255
325,148,63,169
325,148,63,256
325,148,63,257
325,148,63,170
325,148,63,258
325,148,63,171
325,148,342,165,356,179
325,148,342,165,78,267
325,148,342,165,357,180
325,148,342,168
325,148,342,255
325,148,342,169
325,148,342,256
325,148,342,257
325,148,342,170
325,148,64,256
325,148,64,257
325,148,64,170
325,148,64,258
325,148,64,171
325,148,343,166,357,180
325,148,343,169
325,148,343,256
325,148,343,257
325,148,343,170
325,148,65,257
325,148,65,170
325,148,65,258
325,148,65,171
325,148,344,257
325,148,344,170
325,148,66,255
325,148,66,258
325,148,66,171
325,148,345,168
325,148,345,170
325,148,67,256
325,148,346,169
325,148,68,257
325,148,69,258
325,238,65,254
325,238,65,257
325,238,65,170
325,238,344,167
325,238,66,255
325,238,345,168
325,238,67,256
325,238,346,169
325,238,68,257
325,152,345,168
325,152,345,170
325,152,67,256
325,152,346,169
325,152,68,257
325,152,69,258
325,239,66,255
325,239,345,168
325,239,67,256
325,239,346,169
325,239,68,257
325,153,346,169
325,153,68,257
325,153,69,258
325,240,65,254
325,240,65,257
325,240,65,170
325,240,344,167
325,240,66,255
325,240,345,168
325,240,67,256
325,240,346,169
325,240,68,257
325,154,345,168
325,154,345,170
325,154,67,256
325,154,346,169
325,154,68,257
325,154,69,258
325,241,66,255
325,241,345,168
325,241,67,256
325,241,346,169
325,241,68,257
325,155,346,169
325,155,68,257
325,155,69,258
325,242,67,256
325,242,346,169
325,242,68,257
325,156,69,258
325,243,68,257
144,332,158,346,260,82
144,332,158,346,174,361
144,332,158,346,261,83
144,332,158,346,175,386
144,332,158,346,176,387
144,332,158,72
144,332,158,351
144,332,158,73
144,332,158,352
144,332,158,74
144,332,158,353
144,332,158,75
144,332,158,354
144,332,245,67,260,82
144,332,245,67,260,387
144,332,245,67,174,361
144,332,245,67,261,83
144,332,245,67,175,386
144,332,245,67,176,387
144,332,245,71
144,332,245,350
144,332,245,72
144,332,245,351
144,332,245,73
144,332,245,352
144,332,245,74
144,332,246,68,261,83
144,332,246,68,175,386
144,332,246,68,176,387
144,332,246,72
144,332,246,351
144,332,246,73
144,332,246,352
144,332,246,74
144,332,159,347,260,82
144,332,159,347,174,361
144,332,159,347,261,83
144,332,159,347,175,386
144,332,159,347,176,387
144,332,159,72
144,332,159,351
144,332,159,73
144,332,159,352
144,332,159,74
144,332,159,353
144,332,159,75
144,332,159,354
144,332,247,69,176,387
144,332,247,71
144,332,247,350
144,332,247,72
144,332,247,351
144,332,247,73
144,332,247,352
144,332,247,74
144,332,160,348,261,83
144,332,160,348,175,386
144,332,160,348,176,387
144,332,160,73
144,332,160,352
144,332,160,74
144,332,160,353
144,332,160,75
144,332,160,354
144,332,161,349,176,387
144,332,161,74
144,332,161,353
144,332,161,75
144,332,161,354
144,332,248,73
144,332,248,352
144,332,248,74
144,332,162,350,176,387
144,332,162,353
144,332,162,75
144,332,162,354
144,332,249,71
144,332,249,74
144,332,163,351
144,332,163,354
144,332,250,72
144,332,164,352
144,332,251,73
144,332,165,353
144,332,252,74
144,335,249,71
144,335,249,74
144,335,163,351
144,335,163,354
144,335,250,72
144,335,164,352
144,335,251,73
144,335,165,353
144,335,252,74
144,57,250,72
144,57,250,75
144,57,250,354
144,57,164,352
144,57,164,355
144,57,164,77
144,57,251,73
144,57,165,353
144,57,252,74
144,57,253,75
144,57,167,355
144,58,251,73
144,58,165,353
144,58,252,74
144,58,253,75
144,58,167,355
144,336,249,71
144,336,249,74
144,336,163,351
144,336,163,354
144,336,250,72
144,336,164,352
144,336,251,73
144,336,165,353
144,336,252,74
144,337,250,72
144,337,164,352
144,337,251,73
144,337,165,353
144,337,252,74
144,59,251,73
144,59,165,353
144,59,252,74
144,59,253,75
144,59,167,355
144,338,251,73
144,338,165,353
144,338,252,74
144,60,252,74
144,60,253,75
144,60,167,355
144,339,165,353
144,339,252,74
144,61,253,75
144,61,167,355
231,53,247,69,260,82
231,53,247,69,260,387
231,53,247,69,174,361
231,53,247,69,261,83
231,53,247,69,175,386
231,53,247,69,176,387
231,53,247,71,260,387
231,53,247,71
231,53,247,350,173,387
231,53,247,350,176,387
231,53,247,350
231,53,247,72
231,53,247,351
231,53,247,73
231,53,247,352
231,53,247,74
231,53,247,353
231,53,247,75
231,53,160,348,261,83
231,53,160,348,175,386
231,53,160,348,176,387
231,53,160,73
231,53,160,352
231,53,160,74
231,53,160,353
231,53,160,75
231,53,160,354
231,53,160,76
231,53,161,349,176,387
231,53,161,74
231,53,161,353
231,53,161,75
231,53,161,354
231,53,161,76
231,53,248,70,176,387
231,53,248,73
231,53,248,352
231,53,248,74
231,53,248,353
231,53,248,75
231,53,162,350,176,387
231,53,162,353
231,53,162,75
231,53,162,354
231,53,162,76
231,53,249,71
231,53,249,74
231,53,249,353
231,53,249,75
231,53,163,351
231,53,163,354
231,53,163,76
231,53,250,72
231,53,250,75
231,53,164,352
231,53,251,73
231,53,165,353
231,53,252,74
231,53,166,354
231,56,245,350,176,387
231,56,249,71
231,56,249,74
231,56,249,353
231,56,249,75
231,56,163,351
231,56,163,354
231,56,163,76
231,56,250,72
231,56,250,75
231,56,164,352
231,56,251,73
231,56,165,353
231,56,252,74
231,56,166,354
231,335,249,71
231,335,163,351
231,335,250,72
231,335,164,352
231,335,251,73
231,335,165,353
231,57,250,72
231,57,250,75
231,57,164,352
231,57,251,73
231,57,165,353
231,57,252,74
231,57,166,354
231,58,249,71
231,58,249,74
231,58,249,353
231,58,249,75
231,58,163,351
231,58,163,354
231,58,163,76
231,58,250,72
231,58,250,75
231,58,164,352
231,58,251,73
231,58,165,353
231,58,252,74
231,58,166,354
231,336,249,71
231,336,163,351
231,336,250,72
231,336,164,352
231,336,251,73
231,336,165,353
231,337,250,72
231,337,164,352
231,337,251,73
231,337,165,353
231,59,251,73
231,59,165,353
231,59,252,74
231,59,166,354
231,338,251,73
231,338,165,353
231,60,252,74
231,60,166,354
231,339,165,353
48,237,64,253,78,267
48,237,64,253,357,180
48,237,64,253,79,268
48,237,64,256
48,237,64,257
48,237,64,170
48,237,64,258
48,237,64,171
48,237,64,172
48,237,64,259
48,237,343,166,357,180
48,237,343,166,79,268
48,237,343,169
48,237,343,256
48,237,343,257
48,237,343,170
48,237,343,258
48,237,343,171
48,237,65,254,79,268
48,237,65,257
48,237,65,170
48,237,65,258
48,237,65,171
48,237,65,172
48,237,65,259
48,237,344,257
48,237,344,170
48,237,344,258
48,237,344,171
48,237,66,258
48,237,66,171
48,237,66,172
48,237,66,259
48,237,345,170
48,237,345,258
48,237,345,171
48,237,67,256
48,237,67,172
48,237,67,259
48,237,346,169
48,237,346,171
48,237,68,257
48,237,68,259
48,237,69,258
48,237,347,170
48,237,348,171
48,240,67,256
48,240,67,172
48,240,67,259
48,240,346,169
48,240,346,171
48,240,68,257
48,240,68,259
48,240,69,258
48,240,347,170
48,240,348,171
48,154,69,258
48,154,69,260
48,154,69,174
48,154,347,170
48,154,348,171
48,154,349,172
48,154,71,260
48,241,68,257
48,241,68,259
48,241,69,258
48,241,347,170
48,241,348,171
48,155,347,170
48,155,348,171
48,155,349,172
48,155,71,260
48,242,67,256
48,242,67,172
48,242,67,259
48,242,346,169
48,242,346,171
48,242,68,257
48,242,68,259
48,242,69,258
48,242,347,170
48,242,348,171
48,156,69,258
48,156,69,260
48,156,69,174
48,156,347,170
48,156,348,171
48,156,349,172
48,156,71,260
48,243,68,257
48,243,68,259
48,243,69,258
48,243,347,170
48,243,348,171
48,157,347,170
48,157,348,171
48,157,349,172
48,157,71,260
48,244,69,258
48,244,347,170
48,244,348,171
48,158,348,171
48,158,349,172
48,158,71,260
48,245,348,171
326,149,62,251,78,267
326,149,62,251,357,180
326,149,62,251,79,268
326,149,62,256
326,149,62,257
326,149,62,170
326,149,62,258
326,149,62,171
326,149,62,172
326,149,341,164,357,180
326,149,341,164,79,268
326,149,341,169
326,149,341,256
326,149,341,257
326,149,341,170
326,149,341,258
326,149,341,171
326,149,63,252,79,268
326,149,63,257
326,149,63,170
326,149,63,258
326,149,63,171
326,149,63,172
326,149,342,257
326,149,342,170
326,149,342,258
326,149,342,171
326,149,64,256
326,149,64,257
326,149,64,170
326,149,64,258
326,149,64,171
326,149,64,172
326,149,343,166,357,180
326,149,343,166,79,268
326,149,343,169
326,149,343,256
326,149,343,257
326,149,343,170
326,149,343,258
326,149,343,171
326,149,65,257
326,149,65,170
326,149,65,258
326,149,65,171
326,149,65,172
326,149,344,257
326,149,344,170
326,149,344,258
326,149,344,171
326,149,66,258
326,149,66,171
326,149,66,172
326,149,345,170
326,149,345,258
326,149,345,171
326,149,67,256
326,149,67,172
326,149,346,169
326,149,346,171
326,149,68,257
326,149,69,258
326,149,347,170
326,239,66,255
326,239,66,258
326,239,66,171
326,239,345,168
326,239,67,256
326,239,346,169
326,239,68,257
326,239,69,258
326,153,346,169
326,153,346,171
326,153,68,257
326,153,69,258
326,153,347,170
326,240,67,256
326,240,346,169
326,240,68,257
326,240,69,258
326,154,69,258
326,154,347,170
326,241,66,255
326,241,66,258
326,241,66,171
326,241,345,168
326,241,67,256
326,241,346,169
326,241,68,257
326,241,69,258
326,155,346,169
326,155,346,171
326,155,68,257
326,155,69,258
326,155,347,170
326,242,67,256
326,242,346,169
326,242,68,257
326,242,69,258
326,156,69,258
326,156,347,170
326,243,68,257
326,243,69,258
326,157,347,170
326,244,69,258
145,333,246,68,261,83
145,333,246,68,175,386
145,333,246,68,262,84
145,333,246,68,176,387
145,333,246,72
145,333,246,351
145,333,246,73
145,333,246,352
145,333,246,74
145,333,246,353
145,333,246,75
145,333,159,347,262,84
145,333,159,347,176,387
145,333,159,74
145,333,159,353
145,333,159,75
145,333,159,354
145,333,159,76
145,333,159,355
145,333,247,69,262,84
145,333,247,69,176,387
145,333,247,73
145,333,247,352
145,333,247,74
145,333,247,353
145,333,247,75
145,333,160,348,261,83
145,333,160,348,175,386
145,333,160,348,262,84
145,333,160,348,176,387
145,333,160,73
145,333,160,352
145,333,160,74
145,333,160,353
145,333,160,75
145,333,160,354
145,333,160,76
145,333,160,355
145,333,161,349,262,84
145,333,161,349,176,387
145,333,161,74
145,333,161,353
145,333,161,75
145,333,161,354
145,333,161,76
145,333,161,355
145,333,248,73
145,333,248,352
145,333,248,74
145,333,248,353
145,333,248,75
145,333,162,350,176,387
145,333,162,353
145,333,162,75
145,333,162,354
145,333,162,76
145,333,162,355
145,333,249,74
145,333,249,353
145,333,249,75
145,333,163,354
145,333,163,76
145,333,163,355
145,333,250,72
145,333,250,75
145,333,164,352
145,333,164,355
145,333,251,73
145,333,165,353
145,333,252,74
145,333,166,354
145,333,253,75
145,58,251,73
145,58,251,76
145,58,251,355
145,58,165,353
145,58,165,356
145,58,165,78
145,58,252,74
145,58,166,354
145,58,253,75
145,58,254,76
145,58,168,356
145,336,251,73
145,336,165,353
145,336,252,74
145,336,166,354
145,336,253,75
145,337,250,72
145,337,250,75
145,337,164,352
145,337,164,355
145,337,251,73
145,337,165,353
145,337,252,74
145,337,166,354
145,337,253,75
145,59,251,73
145,59,251,76
145,59,251,355
145,59,165,353
145,59,165,356
145,59,165,78
145,59,252,74
145,59,166,354
145,59,253,75
145,59,254,76
145,59,168,356
145,338,251,73
145,338,165,353
145,338,252,74
145,338,166,354
145,338,253,75
145,60,252,74
145,60,166,354
145,60,253,75
145,60,254,76
145,60,168,356
145,339,165,353
145,339,252,74
145,339,166,354
145,339,253,75
145,61,253,75
145,61,254,76
145,61,168,356
145,340,166,354
145,340,253,75
145,62,254,76
145,62,168,356
232,54,161,349,262,84
232,54,161,349,176,387
232,54,161,74
232,54,161,353
232,54,161,75
232,54,161,354
232,54,161,76
232,54,161,355
232,54,161,77
232,54,248,70,262,84
232,54,248,70,176,387
232,54,248,73
232,54,248,352
232,54,248,74
232,54,248,353
232,54,248,75
232,54,248,354
232,54,248,76
232,54,162,350,176,387
232,54,162,353
232,54,162,75
232,54,162,354
232,54,162,76
232,54,162,355
232,54,162,77
232,54,249,74
232,54,249,353
232,54,249,75
232,54,249,354
232,54,249,76
232,54,163,354
232,54,163,76
232,54,163,355
232,54,163,77
232,54,250,72
232,54,250,75
232,54,250,354
232,54,250,76
232,54,164,352
232,54,164,355
232,54,164,77
232,54,251,73
232,54,251,76
232,54,165,353
232,54,252,74
232,54,166,354
232,54,253,75
232,54,167,355
232,57,250,72
232,57,250,75
232,57,250,354
232,57,250,76
232,57,164,352
232,57,164,355
232,57,164,77
232,57,251,73
232,57,251,76
232,57,165,353
232,57,252,74
232,57,166,354
232,57,253,75
232,57,167,355
232,58,251,73
232,58,251,76
232,58,165,353
232,58,252,74
232,58,166,354
232,58,253,75
232,58,167,355
232,336,251,73
232,336,165,353
232,336,252,74
232,336,166,354
232,337,250,72
232,337,164,352
232,337,251,73
232,337,165,353
232,337,252,74
232,337,166,354
232,59,251,73
232,59,251,76
232,59,165,353
232,59,252,74
232,59,166,354
232,59,253,75
232,59,167,355
232,338,251,73
232,338,165,353
232,338,252,74
232,338,166,354
232,60,252,74
232,60,166,354
232,60,253,75
232,60,167,355
232,339,165,353
232,339,252,74
232,339,166,354
232,61,253,75
232,61,167,355
232,340,166,354
49,238,65,254,79,268
49,238,65,254,80,269
49,238,65,254,358,181
49,238,65,257
49,238,65,170
49,238,65,258
49,238,65,171
49,238,65,172
49,238,65,259
49,238,65,173
49,238,65,260
49,238,344,167,80,269
49,238,344,167,358,181
49,238,344,257
49,238,344,170
49,238,344,258
49,238,344,171
49,238,344,172
49,238,66,255,80,269
49,238,66,255,358,181
49,238,66,258
49,238,66,171
49,238,66,172
49,238,66,259
49,238,66,173
49,238,66,260
49,238,345,168,358,181
49,238,345,170
49,238,345,258
49,238,345,171
49,238,345,172
49,238,67,172
49,238,67,259
49,238,67,173
49,238,67,260
49,238,346,171
49,238,346,172
49,238,68,257
49,238,68,259
49,238,68,173
49,238,68,260
49,238,69,258
49,238,69,260
49,238,347,170
49,238,348,171
49,238,70,259
49,238,349,172
49,241,68,257
49,241,68,259
49,241,68,173
49,241,68,260
49,241,69,258
49,241,69,260
49,241,347,170
49,241,348,171
49,241,70,259
49,241,349,172
49,155,347,170
49,155,348,171
49,155,70,259
49,155,349,172
49,155,350,173
49,155,72,261
49,242,69,258
49,242,69,260
49,242,347,170
49,242,348,171
49,242,70,259
49,242,349,172
49,156,348,171
49,156,70,259
49,156,349,172
49,156,350,173
49,156,72,261
49,243,68,257
49,243,68,259
49,243,68,173
49,243,68,260
49,243,69,258
49,243,69,260
49,243,347,170
49,243,348,171
49,243,70,259
49,243,349,172
49,157,347,170
49,157,348,171
49,157,70,259
49,157,349,172
49,157,350,173
49,157,72,261
49,244,69,258
49,244,69,260
49,244,347,170
49,244,348,171
49,244,70,259
49,244,349,172
49,158,348,171
49,158,70,259
49,158,349,172
49,158,350,173
49,158,72,261
49,245,348,171
49,245,70,259
49,245,349,172
49,246,70,259
49,246,349,172
49,159,72,261
327,150,63,252,79,268
327,150,63,252,80,269
327,150,63,252,358,181
327,150,63,257
327,150,63,170
327,150,63,258
327,150,63,171
327,150,63,172
327,150,63,259
327,150,63,173
327,150,342,165,80,269
327,150,342,165,358,181
327,150,342,257
327,150,342,170
327,150,342,258
327,150,342,171
327,150,342,172
327,150,64,253,80,269
327,150,64,253,358,181
327,150,64,258
327,150,64,171
327,150,64,172
327,150,64,259
327,150,64,173
327,150,343,166,358,181
327,150,343,170
327,150,343,258
327,150,343,171
327,150,343,172
327,150,65,257
327,150,65,170
327,150,65,258
327,150,65,171
327,150,65,172
327,150,65,259
327,150,65,173
327,150,344,167,80,269
327,150,344,167,358,181
327,150,344,257
327,150,344,170
327,150,344,258
327,150,344,171
327,150,344,172
327,150,66,258
327,150,66,171
327,150,66,172
327,150,66,259
327,150,66,173
327,150,345,168,358,181
327,150,345,170
327,150,345,258
327,150,345,171
327,150,345,172
327,150,67,172
327,150,67,259
327,150,67,173
327,150,346,171
327,150,346,172
327,150,68,257
327,150,68,259
327,150,68,173
327,150,69,258
327,150,347,170
327,150,348,171
327,150,70,259
327,240,67,256
327,240,67,172
327,240,346,169
327,240,68,257
327,240,69,258
327,240,347,170
327,154,69,258
327,154,347,170
327,154,348,171
327,154,70,259
327,241,68,257
327,241,69,258
327,241,347,170
327,155,347,170
327,155,348,171
327,155,70,259
327,242,67,256
327,242,67,172
327,242,346,169
327,242,68,257
327,242,69,258
327,242,347,170
327,156,69,258
327,156,347,170
327,156,348,171
327,156,70,259
327,243,68,257
327,243,69,258
327,243,347,170
327,157,347,170
327,157,348,171
327,157,70,259
327,244,69,258
327,244,347,170
327,158,348,171
327,158,70,259
146,334,159,347,262,84
146,334,159,347,176,387
146,334,159,347,263,85
146,334,159,347,178,388
146,334,159,74
146,334,159,353
146,334,159,75
146,334,159,354
146,334,159,76
146,334,159,355
146,334,159,77
146,334,159,356
146,334,247,69,262,84
146,334,247,69,262,388
146,334,247,69,176,387
146,334,247,69,263,85
146,334,247,69,178,388
146,334,247,73
146,334,247,352
146,334,247,74
146,334,247,353
146,334,247,75
146,334,247,354
146,334,247,76
146,334,160,348,263,85
146,334,160,348,178,388
146,334,160,75
146,334,160,354
146,334,160,76
146,334,160,355
146,334,160,77
146,334,160,356
146,334,161,349,262,84
146,334,161,349,176,387
146,334,161,349,263,85
146,334,161,349,178,388
146,334,161,74
146,334,161,353
146,334,161,75
146,334,161,354
146,334,161,76
146,334,161,355
146,334,161,77
146,334,161,356
146,334,248,70,178,388
146,334,248,73
146,334,248,352
146,334,248,74
146,334,248,353
146,334,248,75
146,334,248,354
146,334,248,76
146,334,162,350,176,387
146,334,162,350,263,85
146,334,162,350,178,388
146,334,162,353
146,334,162,75
146,334,162,354
146,334,162,76
146,334,162,355
146,334,162,77
146,334,162,356
146,334,249,74
146,334,249,353
146,334,249,75
146,334,249,354
146,334,249,76
146,334,163,351,178,388
146,334,163,354
146,334,163,76
146,334,163,355
146,334,163,77
146,334,163,356
146,334,250,75
146,334,250,354
146,334,250,76
146,334,164,352,178,388
146,334,164,355
146,334,164,77
146,334,164,356
146,334,251,73
146,334,251,76
146,334,165,353
146,334,165,356
146,334,252,74
146,334,166,354
146,334,253,75
146,334,167,355
146,334,254,76
146,336,251,73
146,336,251,76
146,336,165,353
146,336,165,356
146,336,252,74
146,336,166,354
146,336,253,75
146,336,167,355
146,336,254,76
146,337,252,74
146,337,166,354
146,337,253,75
146,337,167,355
146,337,254,76
146,59,253,75
146,59,167,355
146,59,254,76
146,59,255,77
146,59,169,357
146,338,251,73
146,338,251,76
146,338,165,353
146,338,165,356
146,338,252,74
146,338,166,354
146,338,253,75
146,338,167,355
146,338,254,76
146,60,252,74
146,60,252,77
146,60,252,356
146,60,166,354
146,60,166,357
146,60,166,79
146,60,253,75
146,60,167,355
146,60,254,76
146,60,255,77
146,60,169,357
146,339,165,353
146,339,165,356
146,339,252,74
146,339,166,354
146,339,253,75
146,339,167,355
146,339,254,76
146,61,253,75
146,61,167,355
146,61,254,76
146,61,255,77
146,61,169,357
146,340,166,354
146,340,253,75
146,340,167,355
146,340,254,76
146,62,254,76
146,62,255,77
146,62,169,357
146,341,167,355
146,341,254,76
146,63,255,77
146,63,169,357
233,55,248,70,262,84
233,55,248,70,262,388
233,55,248,70,176,387
233,55,248,70,263,85
233,55,248,70,177,362
233,55,248,70,178,388
233,55,248,73,262,388
233,55,248,73
233,55,248,352,175,388
233,55,248,352,178,388
233,55,248,352
233,55,248,74
233,55,248,353
233,55,248,75
233,55,248,354
233,55,248,76
233,55,248,355
233,55,248,77
233,55,162,350,176,387
233,55,162,350,263,85
233,55,162,350,177,362
233,55,162,350,178,388
233,55,162,353
233,55,162,75
233,55,162,354
233,55,162,76
233,55,162,355
233,55,162,77
233,55,162,356
233,55,162,78
233,55,249,71,263,85
233,55,249,71,177,362
233,55,249,71,178,388
233,55,249,74
233,55,249,353
233,55,249,75
233,55,249,354
233,55,249,76
233,55,249,355
233,55,249,77
233,55,163,351,177,362
233,55,163,351,178,388
233,55,163,354
233,55,163,76
233,55,163,355
233,55,163,77
233,55,163,356
233,55,163,78
233,55,250,72,178,388
233,55,250,75
233,55,250,354
233,55,250,76
233,55,250,355
233,55,250,77
233,55,164,352,178,388
233,55,164,355
233,55,164,77
233,55,164,356
233,55,164,78
233,55,251,73
233,55,251,76
233,55,251,355
233,55,251,77
233,55,165,353
233,55,165,356
233,55,165,78
233,55,252,74
233,55,252,77
233,55,166,354
233,55,253,75
233,55,167,355
233,55,254,76
233,55,168,356
233,58,247,352,178,388
233,58,251,73
233,58,251,76
233,58,251,355
233,58,251,77
233,58,165,353
233,58,165,356
233,58,165,78
233,58,252,74
233,58,252,77
233,58,166,354
233,58,253,75
233,58,167,355
233,58,254,76
233,58,168,356
233,336,251,73
233,336,165,353
233,336,252,74
233,336,166,354
233,336,253,75
233,336,167,355
233,337,252,74
233,337,166,354
233,337,253,75
233,337,167,355
233,59,251,73
233,59,251,76
233,59,251,355
233,59,251,77
233,59,165,353
233,59,165,356
233,59,165,78
233,59,252,74
233,59,252,77
233,59,166,354
233,59,253,75
233,59,167,355
233,59,254,76
233,59,168,356
233,338,251,73
233,338,165,353
233,338,252,74
233,338,166,354
233,338,253,75
233,338,167,355
233,60,252,74
233,60,252,77
233,60,166,354
233,60,253,75
233,60,167,355
233,60,254,76
233,60,168,356
233,339,165,353
233,339,252,74
233,339,166,354
233,339,253,75
233,339,167,355
233,61,253,75
233,61,167,355
233,61,254,76
233,61,168,356
233,340,166,354
233,340,253,75
233,340,167,355
233,62,254,76
233,62,168,356
233,341,167,355
328,151,342,165,80,269
328,151,342,165,358,181
328,151,342,257
328,151,342,170
328,151,342,258
328,151,342,171
328,151,342,172
328,151,342,259
328,151,342,173
328,151,64,253,80,269
328,151,64,253,358,181
328,151,64,258
328,151,64,171
328,151,64,172
328,151,64,259
328,151,64,173
328,151,64,260
328,151,64,174
328,151,343,166,358,181
328,151,343,170
328,151,343,258
328,151,343,171
328,151,343,172
328,151,343,259
328,151,343,173
328,151,65,172
328,151,65,259
328,151,65,173
328,151,65,260
328,151,65,174
328,151,344,167,80,269
328,151,344,167,358,181
328,151,344,257
328,151,344,170
328,151,344,258
328,151,344,171
328,151,344,172
328,151,344,259
328,151,344,173
328,151,66,258
328,151,66,171
328,151,66,172
328,151,66,259
328,151,66,173
328,151,66,260
328,151,66,174
328,151,345,168,358,181
328,151,345,170
328,151,345,258
328,151,345,171
328,151,345,172
328,151,345,259
328,151,345,173
328,151,67,172
328,151,67,259
328,151,67,173
328,151,67,260
328,151,67,174
328,151,346,171
328,151,346,172
328,151,346,259
328,151,346,173
328,151,68,259
328,151,68,173
328,151,68,260
328,151,68,174
328,151,69,258
328,151,69,260
328,151,69,174
328,151,347,170
328,151,348,171
328,151,70,259
328,151,349,172
328,151,71,260
328,154,69,258
328,154,69,260
328,154,69,174
328,154,347,170
328,154,348,171
328,154,70,259
328,154,349,172
328,154,71,260
328,241,68,257
328,241,68,259
328,241,68,173
328,241,69,258
328,241,347,170
328,241,348,171
328,241,70,259
328,155,347,170
328,155,348,171
328,155,70,259
328,155,349,172
328,155,71,260
328,242,69,258
328,242,347,170
328,242,348,171
328,242,70,259
328,156,69,258
328,156,69,260
328,156,69,174
328,156,347,170
328,156,348,171
328,156,70,259
328,156,349,172
328,156,71,260
328,243,68,257
328,243,68,259
328,243,68,173
328,243,69,258
328,243,347,170
328,243,348,171
328,243,70,259
328,157,347,170
328,157,348,171
328,157,70,259
328,157,349,172
328,157,71,260
328,244,69,258
328,244,347,170
328,244,348,171
328,244,70,259
328,158,348,171
328,158,70,259
328,158,349,172
328,158,71,260
328,245,348,171
328,245,70,259
328,246,70,259
50,239,66,255,80,269
50,239,66,255,80,270
50,239,66,255,358,181
50,239,66,255,359,182
50,239,66,255,82,270
50,239,66,258,80,270
50,239,66,258,82,270
50,239,66,258
50,239,66,171
50,239,66,172
50,239,66,259
50,239,66,173
50,239,66,260
50,239,66,174
50,239,66,261
50,239,345,168,358,181
50,239,345,168,359,182
50,239,345,168,82,270
50,239,345,170
50,239,345,258
50,239,345,171
50,239,345,172
50,239,345,259
50,239,345,173
50,239,67,256,359,182
50,239,67,256,82,270
50,239,67,172
50,239,67,259
50,239,67,173
50,239,67,260
50,239,67,174
50,239,67,261
50,239,346,169,359,182
50,239,346,169,82,270
50,239,346,171
50,239,346,172
50,239,346,259
50,239,346,173
50,239,68,257,82,270
50,239,68,259
50,239,68,173
50,239,68,260
50,239,68,174
50,239,68,261
50,239,69,258,82,270
50,239,69,258
50,239,69,260
50,239,69,174
50,239,69,261
50,239,347,170
50,239,348,171
50,239,70,259
50,239,349,172
50,239,71,260
50,239,350,173
50,242,64,258,82,270
50,242,69,258
50,242,69,260
50,242,69,174
50,242,69,261
50,242,347,170
50,242,348,171
50,242,70,259
50,242,349,172
50,242,71,260
50,242,350,173
50,156,348,171
50,156,70,259
50,156,70,262
50,156,70,176
50,156,349,172
50,156,71,260
50,156,350,173
50,156,351,174
50,156,73,262
50,243,348,171
50,243,70,259
50,243,349,172
50,243,71,260
50,243,350,173
50,157,349,172
50,157,71,260
50,157,350,173
50,157,351,174
50,157,73,262
50,244,69,258
50,244,69,260
50,244,69,174
50,244,69,261
50,244,347,170
50,244,348,171
50,244,70,259
50,244,349,172
50,244,71,260
50,244,350,173
50,158,348,171
50,158,70,259
50,158,70,262
50,158,70,176
50,158,349,172
50,158,71,260
50,158,350,173
50,158,351,174
50,158,73,262
50,245,348,171
50,245,70,259
50,245,349,172
50,245,71,260
50,245,350,173
50,246,70,259
50,246,349,172
50,246,71,260
50,246,350,173
50,159,351,174
50,159,73,262
50,247,71,260
50,247,350,173
50,160,73,262
147,335,160,348,263,85
147,335,160,348,177,362
147,335,160,348,264,86
147,335,160,348,178,388
147,335,160,75
147,335,160,354
147,335,160,76
147,335,160,355
147,335,160,77
147,335,160,356
147,335,160,78
147,335,160,357
147,335,161,349,264,86
147,335,161,349,178,388
147,335,161,76
147,335,161,355
147,335,161,77
147,335,161,356
147,335,161,78
147,335,161,357
147,335,248,70,264,86
147,335,248,70,178,388
147,335,248,75
147,335,248,354
147,335,248,76
147,335,248,355
147,335,248,77
147,335,162,350,178,388
147,335,162,355
147,335,162,77
147,335,162,356
147,335,162,78
147,335,162,357
147,335,249,74
147,335,249,353
147,335,249,75
147,335,249,354
147,335,249,76
147,335,249,355
147,335,249,77
147,335,163,351,177,362
147,335,163,351,264,86
147,335,163,351,178,388
147,335,163,354
147,335,163,76
147,335,163,355
147,335,163,77
147,335,163,356
147,335,163,78
147,335,163,357
147,335,250,75
147,335,250,354
147,335,250,76
147,335,250,355
147,335,250,77
147,335,164,352,178,388
147,335,164,355
147,335,164,77
147,335,164,356
147,335,164,78
147,335,164,357
147,335,251,76
147,335,251,355
147,335,251,77
147,335,165,356
147,335,165,78
147,335,165,357
147,335,252,74
147,335,252,77
147,335,166,354
147,335,166,357
147,335,253,75
147,335,167,355
147,335,254,76
147,335,168,356
147,335,255,77
147,337,252,74
147,337,252,77
147,337,166,354
147,337,166,357
147,337,253,75
147,337,167,355
147,337,254,76
147,337,168,356
147,337,255,77
147,59,253,75
147,59,253,78
147,59,253,357
147,59,167,355
147,59,167,80
147,59,254,76
147,59,168,356
147,59,255,77
147,59,256,78
147,338,253,75
147,338,167,355
147,338,254,76
147,338,168,356
147,338,255,77
147,60,254,76
147,60,168,356
147,60,255,77
147,60,256,78
147,339,167,355
147,339,254,76
147,339,168,356
147,339,255,77
147,61,253,75
147,61,253,78
147,61,253,357
147,61,167,355
147,61,167,80
147,61,254,76
147,61,168,356
147,61,255,77
147,61,256,78
147,340,166,354
147,340,166,357
147,340,253,75
147,340,167,355
147,340,254,76
147,340,168,356
147,340,255,77
147,62,254,76
147,62,168,356
147,62,255,77
147,62,256,78
147,341,167,355
147,341,254,76
147,341,168,356
147,341,255,77
147,63,255,77
147,63,256,78
147,342,168,356
147,342,255,77
147,64,256,78
234,56,249,71,263,85
234,56,249,71,177,362
234,56,249,71,264,86
234,56,249,71,178,388
234,56,249,74
234,56,249,353
234,56,249,75
234,56,249,354
234,56,249,76
234,56,249,355
234,56,249,77
234,56,249,356
234,56,249,78
234,56,163,351,177,362
234,56,163,351,264,86
234,56,163,351,178,388
234,56,163,354
234,56,163,76
234,56,163,355
234,56,163,77
234,56,163,356
234,56,163,78
234,56,163,357
234,56,163,79
234,56,250,72,264,86
234,56,250,72,178,388
234,56,250,75
234,56,250,354
234,56,250,76
234,56,250,355
234,56,250,77
234,56,250,356
234,56,250,78
234,56,164,352,178,388
234,56,164,355
234,56,164,77
234,56,164,356
234,56,164,78
234,56,164,357
234,56,164,79
234,56,251,76
234,56,251,355
234,56,251,77
234,56,251,356
234,56,251,78
234,56,165,356
234,56,165,78
234,56,165,357
234,56,165,79
234,56,252,74
234,56,252,77
234,56,252,356
234,56,252,78
234,56,166,354
234,56,166,357
234,56,166,79
234,56,253,75
234,56,253,78
234,56,167,355
234,56,254,76
234,56,168,356
234,56,255,77
234,56,169,357
234,337,252,74
234,337,166,354
234,337,253,75
234,337,167,355
234,337,254,76
234,337,168,356
234,59,253,75
234,59,253,78
234,59,167,355
234,59,254,76
234,59,168,356
234,59,255,77
234,59,169,357
234,338,253,75
234,338,167,355
234,338,254,76
234,338,168,356
234,60,252,74
234,60,252,77
234,60,252,356
234,60,252,78
234,60,166,354
234,60,166,357
234,60,166,79
234,60,253,75
234,60,253,78
234,60,167,355
234,60,254,76
234,60,168,356
234,60,255,77
234,60,169,357
234,339,165,353
234,339,165,356
234,339,252,74
234,339,166,354
234,339,253,75
234,339,167,355
234,339,254,76
234,339,168,356
234,61,253,75
234,61,253,78
234,61,167,355
234,61,254,76
234,61,168,356
234,61,255,77
234,61,169,357
234,340,166,354
234,340,253,75
234,340,167,355
234,340,254,76
234,340,168,356
234,62,254,76
234,62,168,356
234,62,255,77
234,62,169,357
234,341,167,355
234,341,254,76
234,341,168,356
234,63,255,77
234,63,169,357
234,342,168,356
329,152,343,166,358,181
329,152,343,166,358,270
329,152,343,166,359,182
329,152,343,166,82,270
329,152,343,170,358,270
329,152,343,170
329,152,343,258,82,270
329,152,343,258
329,152,343,171
329,152,343,172
329,152,343,259
329,152,343,173
329,152,343,260
329,152,343,174
329,152,65,254,359,182
329,152,65,254,82,270
329,152,65,172
329,152,65,259
329,152,65,173
329,152,65,260
329,152,65,174
329,152,65,261
329,152,65,175,386,390,394
329,152,65,175,386,390
329,152,65,175
329,152,344,167,359,182
329,152,344,167,82,270
329,152,344,171
329,152,344,172
329,152,344,259
329,152,344,173
329,152,344,260
329,152,344,174
329,152,66,255,82,270
329,152,66,259
329,152,66,173
329,152,66,260
329,152,66,174
329,152,66,261
329,152,66,175,386,390,394
329,152,66,175,386,390
329,152,66,175
329,152,345,168,358,181
329,152,345,168,358,270
329,152,345,168,359,182
329,152,345,168,82,270
329,152,345,170,358,270
329,152,345,170
329,152,345,258,82,270
329,152,345,258
329,152,345,171
329,152,345,172
329,152,345,259
329,152,345,173
329,152,345,260
329,152,345,174
329,152,67,256,82,270
329,152,67,172
329,152,67,259
329,152,67,173
329,152,67,260
329,152,67,174
329,152,67,261
329,152,67,175,386,390,394
329,152,67,175,386,390
329,152,67,175
329,152,346,169,359,182
329,152,346,169,82,270
329,152,346,171
329,152,346,172
329,152,346,259
329,152,346,173
329,152,346,260
329,152,346,174
329,152,68,259
329,152,68,173
329,152,68,260
329,152,68,174
329,152,68,261
329,152,68,175,386,390,394
329,152,68,175,386,390
329,152,68,175
329,152,69,260
329,152,69,174
329,152,69,261
329,152,69,175,386,390,394
329,152,69,175,386,390
329,152,69,175
329,152,347,170
329,152,347,260
329,152,347,174
329,152,348,171
329,152,70,259
329,152,349,172
329,152,71,260
329,152,350,173
329,152,72,261
329,155,343,258,82,270
329,155,347,170
329,155,347,260
329,155,347,174
329,155,348,171
329,155,70,259
329,155,349,172
329,155,71,260
329,155,350,173
329,155,72,261
329,242,64,258,82,270
329,242,69,258
329,242,69,260
329,242,69,174
329,242,347,170
329,242,348,171
329,242,70,259
329,242,349,172
329,242,71,260
329,156,348,171
329,156,70,259
329,156,349,172
329,156,71,260
329,156,350,173
329,156,72,261
329,243,348,171
329,243,70,259
329,243,349,172
329,243,71,260
329,157,345,258,82,270
329,157,347,170
329,157,347,260
329,157,347,174
329,157,348,171
329,157,70,259
329,157,349,172
329,157,71,260
329,157,350,173
329,157,72,261
329,244,69,258
329,244,69,260
329,244,69,174
329,244,347,170
329,244,348,171
329,244,70,259
329,244,349,172
329,244,71,260
329,158,348,171
329,158,70,259
329,158,349,172
329,158,71,260
329,158,350,173
329,158,72,261
329,245,348,171
329,245,70,259
329,245,349,172
329,245,71,260
329,246,70,259
329,246,349,172
329,246,71,260
329,159,72,261
329,247,71,260
51,240,67,256,359,182
51,240,67,256,82,270
51,240,67,172
51,240,67,259
51,240,67,173
51,240,67,260
51,240,67,174
51,240,67,261
51,240,67,175,386,390,394
51,240,67,175,386,390
51,240,67,175
51,240,67,262
51,240,346,169,359,182
51,240,346,169,82,270
51,240,346,171
51,240,346,172
51,240,346,259
51,240,346,173
51,240,346,260
51,240,346,174
51,240,68,257,82,270
51,240,68,259
51,240,68,173
51,240,68,260
51,240,68,174
51,240,68,261
51,240,68,175,386,390,394
51,240,68,175,386,390
51,240,68,175
51,240,68,262
51,240,69,258,82,270
51,240,69,260
51,240,69,174
51,240,69,261
51,240,69,175,386,390,394
51,240,69,175,386,390
51,240,69,175
51,240,69,262
51,240,347,260
51,240,347,174
51,240,348,171
51,240,70,259
51,240,70,262
51,240,349,172
51,240,71,260
51,240,350,173
51,240,72,261
51,240,351,174
51,243,348,171
51,243,70,259
51,243,70,262
51,243,349,172
51,243,71,260
51,243,350,173
51,243,72,261
51,243,351,174
51,157,349,172
51,157,71,260
51,157,71,263
51,157,71,177
51,157,350,173
51,157,72,261
51,157,351,174
51,157,352,175
51,157,74,263
51,244,70,259
51,244,70,262
51,244,349,172
51,244,71,260
51,244,350,173
51,244,72,261
51,244,351,174
51,158,72,261
51,158,351,174
51,158,352,175
51,158,74,263
51,245,348,171
51,245,70,259
51,245,70,262
51,245,349,172
51,245,71,260
51,245,350,173
51,245,72,261
51,245,351,174
51,246,70,259
51,246,70,262
51,246,349,172
51,246,71,260
51,246,350,173
51,246,72,261
51,246,351,174
51,159,72,261
51,159,351,174
51,159,352,175
51,159,74,263
51,247,71,260
51,247,350,173
51,247,72,261
51,247,351,174
51,160,352,175
51,160,74,263
51,161,74,263
235,57,250,72,264,86
235,57,250,72,178,388
235,57,250,72,265,87
235,57,250,72,179,363
235,57,250,75
235,57,250,354
235,57,250,76
235,57,250,355
235,57,250,77
235,57,250,356
235,57,250,78
235,57,250,357
235,57,250,79
235,57,164,352,178,388
235,57,164,352,265,87
235,57,164,352,179,363
235,57,164,355
235,57,164,77
235,57,164,356
235,57,164,78
235,57,164,357
235,57,164,79
235,57,164,80
235,57,251,73,265,87
235,57,251,73,179,363
235,57,251,76
235,57,251,355
235,57,251,77
235,57,251,356
235,57,251,78
235,57,251,357
235,57,251,79
235,57,165,353,179,363
235,57,165,356
235,57,165,78
235,57,165,357
235,57,165,79
235,57,165,80
235,57,252,77
235,57,252,356
235,57,252,78
235,57,252,357
235,57,252,79
235,57,166,357
235,57,166,79
235,57,166,80
235,57,253,75
235,57,253,78
235,57,253,357
235,57,253,79
235,57,167,355
235,57,167,80
235,57,254,76
235,57,254,79
235,57,168,356
235,57,255,77
235,57,169,357
235,57,256,78
235,59,253,75
235,59,253,78
235,59,253,357
235,59,253,79
235,59,167,355
235,59,167,80
235,59,254,76
235,59,254,79
235,59,168,356
235,59,255,77
235,59,169,357
235,59,256,78
235,338,253,75
235,338,167,355
235,338,254,76
235,338,168,356
235,338,255,77
235,338,169,357
235,60,254,76
235,60,254,79
235,60,168,356
235,60,255,77
235,60,169,357
235,60,256,78
235,339,167,355
235,339,254,76
235,339,168,356
235,339,255,77
235,339,169,357
235,61,253,75
235,61,253,78
235,61,253,357
235,61,253,79
235,61,167,355
235,61,167,80
235,61,254,76
235,61,254,79
235,61,168,356
235,61,255,77
235,61,169,357
235,61,256,78
235,340,166,354
235,340,166,357
235,340,253,75
235,340,167,355
235,340,254,76
235,340,168,356
235,340,255,77
235,340,169,357
235,62,254,76
235,62,254,79
235,62,168,356
235,62,255,77
235,62,169,357
235,62,256,78
235,341,167,355
235,341,254,76
235,341,168,356
235,341,255,77
235,341,169,357
235,63,255,77
235,63,169,357
235,63,256,78
235,342,168,356
235,342,255,77
235,342,169,357
235,64,256,78
235,343,169,357
330,153,344,167,359,182
330,153,344,167,360,183
330,153,344,167,82,270
330,153,344,171
330,153,344,172
330,153,344,259
330,153,344,173
330,153,344,260
330,153,344,174
330,153,344,261
330,153,344,175
330,153,66,255,360,183
330,153,66,255,82,270
330,153,66,259
330,153,66,173,387,391,397
330,153,66,173,387,391
330,153,66,173
330,153,66,260
330,153,66,174
330,153,66,261
330,153,66,175
330,153,66,262
330,153,66,176,387,391,397
330,153,66,176,387,391
330,153,66,176
330,153,345,168,360,183
330,153,345,168,82,270
330,153,345,172
330,153,345,259
330,153,345,173
330,153,345,260
330,153,345,174
330,153,345,261
330,153,345,175
330,153,67,256,82,270
330,153,67,260
330,153,67,174
330,153,67,261
330,153,67,175
330,153,67,262
330,153,67,176,387,391,397
330,153,67,176,387,391
330,153,67,176
330,153,346,169,359,182
330,153,346,169,360,183
330,153,346,169,82,270
330,153,346,171
330,153,346,172
330,153,346,259
330,153,346,173
330,153,346,260
330,153,346,174
330,153,346,261
330,153,346,175
330,153,68,259
330,153,68,173,387,391,397
330,153,68,173,387,391
330,153,68,173
330,153,68,260
330,153,68,174
330,153,68,261
330,153,68,175
330,153,68,262
330,153,68,176,387,391,397
330,153,68,176,387,391
330,153,68,176
330,153,69,260
330,153,69,174
330,153,69,261
330,153,69,175
330,153,69,262
330,153,69,176,387,391,397
330,153,69,176,387,391
330,153,69,176
330,153,347,260
330,153,347,174
330,153,347,261
330,153,347,175
330,153,348,171
330,153,348,261
330,153,348,175
330,153,70,259
330,153,70,262
330,153,70,176,387,391,397
330,153,70,176,387,391
330,153,70,176
330,153,349,172
330,153,71,260
330,153,350,173
330,153,72,261
330,153,351,174
330,153,73,262
330,156,348,171
330,156,348,261
330,156,348,175
330,156,70,259
330,156,70,262
330,156,70,176,387,391,397
330,156,70,176,387,391
330,156,70,176
330,156,349,172
330,156,71,260
330,156,350,173
330,156,72,261
330,156,351,174
330,156,73,262
330,243,348,171
330,243,70,259
330,243,349,172
330,243,71,260
330,243,350,173
330,243,72,261
330,157,349,172
330,157,71,260
330,157,350,173
330,157,72,261
330,157,351,174
330,157,73,262
330,244,70,259
330,244,349,172
330,244,71,260
330,244,350,173
330,244,72,261
330,158,348,171
330,158,348,261
330,158,348,175
330,158,70,259
330,158,70,262
330,158,70,176,387,391,397
330,158,70,176,387,391
330,158,70,176
330,158,349,172
330,158,71,260
330,158,350,173
330,158,72,261
330,158,351,174
330,158,73,262
330,245,348,171
330,245,70,259
330,245,349,172
330,245,71,260
330,245,350,173
330,245,72,261
330,246,70,259
330,246,349,172
330,246,71,260
330,246,350,173
330,246,72,261
330,159,72,261
330,159,351,174
330,159,73,262
330,247,71,260
330,247,350,173
330,247,72,261
330,160,73,262
52,241,68,257,82,270
52,241,68,257,386,390,394
52,241,68,257,386,390
52,241,68,259,386,390,394
52,241,68,259,386,390
52,241,68,259
52,241,68,173,387,391,397
52,241,68,173,387,391
52,241,68,173
52,241,68,260
52,241,68,174
52,241,68,261
52,241,68,175,386,390,394
52,241,68,175,386,390
52,241,68,175
52,241,68,262
52,241,68,176,387,391,397
52,241,68,176,387,391
52,241,68,176
52,241,68,263
52,241,69,258,82,270
52,241,69,258,386,390,394
52,241,69,258,386,390
52,241,69,260
52,241,69,174
52,241,69,261
52,241,69,175,386,390,394
52,241,69,175,386,390
52,241,69,175
52,241,69,262
52,241,69,176,387,391,397
52,241,69,176,387,391
52,241,69,176
52,241,69,263
52,241,347,170,386,390,394
52,241,347,170,386,390
52,241,347,260
52,241,347,174
52,241,347,261
52,241,347,175,386,390,394
52,241,347,175,386,390
52,241,347,175
52,241,348,171,386,390,394
52,241,348,171,386,390
52,241,348,261
52,241,348,175,386,390,394
52,241,348,175,386,390
52,241,348,175
52,241,70,259,386,390,394
52,241,70,259,386,390
52,241,70,259
52,241,70,262
52,241,70,176,387,391,397
52,241,70,176,387,391
52,241,70,176
52,241,70,263
52,241,349,172
52,241,71,260
52,241,71,263
52,241,350,173
52,241,72,261
52,241,351,174
52,241,73,262
52,241,352,175
52,244,66,259,386,390,394
52,244,66,259,386,390
52,244,66,173,387,391,397
52,244,66,173,387,391
52,244,70,259
52,244,70,262
52,244,70,176,387,391,397
52,244,70,176,387,391
52,244,70,176
52,244,70,263
52,244,349,172
52,244,71,260
52,244,71,263
52,244,350,173
52,244,72,261
52,244,351,174
52,244,73,262
52,244,352,175
52,158,72,261
52,158,72,264
52,158,72,178
52,158,351,174
52,158,73,262
52,158,352,175
52,158,353,176
52,158,75,264
52,245,71,260
52,245,71,263
52,245,350,173
52,245,72,261
52,245,351,174
52,245,73,262
52,245,352,175
52,246,70,259
52,246,70,262
52,246,70,176,387,391,397
52,246,70,176,387,391
52,246,70,176
52,246,70,263
52,246,349,172
52,246,71,260
52,246,71,263
52,246,350,173
52,246,72,261
52,246,351,174
52,246,73,262
52,246,352,175
52,159,72,261
52,159,72,264
52,159,72,178
52,159,351,174
52,159,73,262
52,159,352,175
52,159,353,176
52,159,75,264
52,247,71,260
52,247,71,263
52,247,350,173
52,247,72,261
52,247,351,174
52,247,73,262
52,247,352,175
52,160,73,262
52,160,352,175
52,160,353,176
52,160,75,264
52,161,353,176
52,161,75,264
52,248,73,262
52,248,352,175
52,162,353,176
52,162,75,264
148,336,249,71,265,87
148,336,249,71,179,363
148,336,249,71,266,88
148,336,249,76
148,336,249,355
148,336,249,77
148,336,249,356
148,336,249,78
148,336,249,357
148,336,249,79
148,336,163,351,179,363
148,336,163,351,266,88
148,336,163,356
148,336,163,78
148,336,163,357
148,336,163,79
148,336,163,80
148,336,163,358
148,336,250,72,266,88
148,336,250,77
148,336,250,356
148,336,250,78
148,336,250,357
148,336,250,79
148,336,164,357
148,336,164,79
148,336,164,80
148,336,164,358
148,336,251,76
148,336,251,355
148,336,251,77
148,336,251,356
148,336,251,78
148,336,251,357
148,336,251,79
148,336,165,353,179,363
148,336,165,353,266,88
148,336,165,356
148,336,165,78
148,336,165,357
148,336,165,79
148,336,165,80
148,336,165,358
148,336,252,77
148,336,252,356
148,336,252,78
148,336,252,357
148,336,252,79
148,336,166,357
148,336,166,79
148,336,166,80
148,336,166,358
148,336,253,78
148,336,253,357
148,336,253,79
148,336,167,80
148,336,167,358
148,336,254,76
148,336,254,79
148,336,168,356
148,336,168,358
148,336,255,77
148,336,169,357
148,336,256,78
148,336,257,79
148,61,255,77
148,61,255,80
148,61,255,358
148,61,169,357
148,61,169,359
148,61,169,81,389
148,61,169,81
148,61,256,78
148,61,257,79
148,61,258,80
148,61,171,359
148,340,168,356
148,340,168,358
148,340,255,77
148,340,169,357
148,340,256,78
148,340,257,79
148,62,256,78
148,62,257,79
148,62,258,80
148,62,171,359
148,341,169,357
148,341,256,78
148,341,257,79
148,63,255,77
148,63,255,80
148,63,255,358
148,63,169,357
148,63,169,359
148,63,169,81,389
148,63,169,81
148,63,256,78
148,63,257,79
148,63,258,80
148,63,171,359
148,342,168,356
148,342,168,358
148,342,255,77
148,342,169,357
148,342,256,78
148,342,257,79
148,64,256,78
148,64,257,79
148,64,258,80
148,64,171,359
148,343,169,357
148,343,256,78
148,343,257,79
148,65,257,79
148,65,258,80
148,65,171,359
148,344,257,79
148,66,258,80
148,66,171,359
236,58,251,73,265,87
236,58,251,73,179,363
236,58,251,73,266,88
236,58,251,73,180,364
236,58,251,76
236,58,251,355
236,58,251,77
236,58,251,356
236,58,251,78
236,58,251,357
236,58,251,79
236,58,251,80
236,58,165,353,179,363
236,58,165,353,266,88
236,58,165,353,180,364
236,58,165,356
236,58,165,78
236,58,165,357
236,58,165,79
236,58,165,80
236,58,165,358
236,58,252,74,266,88
236,58,252,74,180,364
236,58,252,77
236,58,252,356
236,58,252,78
236,58,252,357
236,58,252,79
236,58,252,80
236,58,166,354,180,364
236,58,166,357
236,58,166,79
236,58,166,80
236,58,166,358
236,58,253,78
236,58,253,357
236,58,253,79
236,58,253,80
236,58,167,80
236,58,167,358
236,58,254,76
236,58,254,79
236,58,254,80
236,58,168,356
236,58,168,358
236,58,255,77
236,58,255,80
236,58,169,357
236,58,256,78
236,58,257,79
236,58,170,358
236,60,254,76
236,60,254,79
236,60,254,80
236,60,168,356
236,60,168,358
236,60,255,77
236,60,255,80
236,60,169,357
236,60,256,78
236,60,257,79
236,60,170,358
236,339,167,355
236,339,254,76
236,339,168,356
236,339,255,77
236,339,169,357
236,339,256,78
236,61,255,77
236,61,255,80
236,61,169,357
236,61,256,78
236,61,257,79
236,61,170,358
236,340,168,356
236,340,255,77
236,340,169,357
236,340,256,78
236,62,254,76
236,62,254,79
236,62,254,80
236,62,168,356
236,62,168,358
236,62,255,77
236,62,255,80
236,62,169,357
236,62,256,78
236,62,257,79
236,62,170,358
236,341,167,355
236,341,254,76
236,341,168,356
236,341,255,77
236,341,169,357
236,341,256,78
236,63,255,77
236,63,255,80
236,63,169,357
236,63,256,78
236,63,257,79
236,63,170,358
236,342,168,356
236,342,255,77
236,342,169,357
236,342,256,78
236,64,256,78
236,64,257,79
236,64,170,358
236,343,169,357
236,343,256,78
236,65,257,79
236,65,170,358
331,154,345,168,360,183
331,154,345,168,82,270
331,154,345,168,83,271
331,154,345,168,386,390,394
331,154,345,168,386,390
331,154,345,172
331,154,345,259
331,154,345,173
331,154,345,260
331,154,345,174
331,154,345,261
331,154,345,175,386,390,394
331,154,345,175,386,390
331,154,345,175
331,154,345,262
331,154,345,176
331,154,67,256,82,270
331,154,67,256,83,271
331,154,67,256,386,390,394
331,154,67,256,386,390
331,154,67,260
331,154,67,174
331,154,67,261
331,154,67,175,386,390,394
331,154,67,175,386,390
331,154,67,175
331,154,67,262
331,154,67,176
331,154,67,263
331,154,67,177
331,154,346,169,83,271
331,154,346,169,386,390,394
331,154,346,169,386,390
331,154,346,260
331,154,346,174
331,154,346,261
331,154,346,175,386,390,394
331,154,346,175,386,390
331,154,346,175
331,154,346,262
331,154,346,176
331,154,68,257,83,271
331,154,68,257,386,390,394
331,154,68,257,386,390
331,154,68,261
331,154,68,175,386,390,394
331,154,68,175,386,390
331,154,68,175
331,154,68,262
331,154,68,176
331,154,68,263
331,154,68,177
331,154,69,258,386,390,394
331,154,69,258,386,390
331,154,69,260
331,154,69,174
331,154,69,261
331,154,69,175,386,390,394
331,154,69,175,386,390
331,154,69,175
331,154,69,262
331,154,69,176
331,154,69,263
331,154,69,177
331,154,347,170,83,271
331,154,347,170,386,390,394
331,154,347,170,386,390
331,154,347,260
331,154,347,174
331,154,347,261
331,154,347,175,386,390,394
331,154,347,175,386,390
331,154,347,175
331,154,347,262
331,154,347,176
331,154,348,171,386,390,394
331,154,348,171,386,390
331,154,348,261
331,154,348,175,386,390,394
331,154,348,175,386,390
331,154,348,175
331,154,348,262
331,154,348,176
331,154,70,262
331,154,70,176
331,154,70,263
331,154,70,177
331,154,349,172
331,154,349,262
331,154,349,176
331,154,71,260
331,154,71,263
331,154,71,177
331,154,350,173
331,154,350,176
331,154,72,261
331,154,351,174
331,154,73,262
331,154,352,175
331,154,74,263
331,157,349,172
331,157,349,262
331,157,349,176
331,157,71,260
331,157,71,263
331,157,71,177
331,157,350,173
331,157,350,176
331,157,72,261
331,157,351,174
331,157,73,262
331,157,352,175
331,157,74,263
331,244,66,259,386,390,394
331,244,66,259,386,390
331,244,70,259
331,244,70,262
331,244,70,176
331,244,349,172
331,244,71,260
331,244,350,173
331,244,72,261
331,244,351,174
331,244,73,262
331,158,72,261
331,158,351,174
331,158,73,262
331,158,352,175
331,158,74,263
331,245,71,260
331,245,350,173
331,245,72,261
331,245,351,174
331,245,73,262
331,246,70,259
331,246,70,262
331,246,70,176
331,246,349,172
331,246,71,260
331,246,350,173
331,246,72,261
331,246,351,174
331,246,73,262
331,159,72,261
331,159,351,174
331,159,73,262
331,159,352,175
331,159,74,263
331,247,71,260
331,247,350,173
331,247,72,261
331,247,351,174
331,247,73,262
331,160,73,262
331,160,352,175
331,160,74,263
331,161,74,263
331,248,73,262
53,242,69,258,82,270
53,242,69,258,83,271
53,242,69,258,386,390,394
53,242,69,258,386,390
53,242,69,258,387,391,397
53,242,69,258,387,391
53,242,69,260,387,391,397
53,242,69,260,387,391
53,242,69,260
53,242,69,174
53,242,69,261
53,242,69,175,386,390,394
53,242,69,175,386,390
53,242,69,175
53,242,69,262
53,242,69,176,387,391,397
53,242,69,176,387,391
53,242,69,176
53,242,69,263
53,242,69,177
53,242,69,264
53,242,347,170,83,271
53,242,347,170,386,390,394
53,242,347,170,386,390
53,242,347,170,387,391,397
53,242,347,170,387,391
53,242,347,260
53,242,347,174
53,242,347,261
53,242,347,175,386,390,394
53,242,347,175,386,390
53,242,347,175
53,242,347,262
53,242,347,176,387,391,397
53,242,347,176,387,391
53,242,347,176
53,242,348,171,386,390,394
53,242,348,171,386,390
53,242,348,171,387,391,397
53,242,348,171,387,391
53,242,348,261
53,242,348,175,386,390,394
53,242,348,175,386,390
53,242,348,175
53,242,348,262
53,242,348,176,387,391,397
53,242,348,176,387,391
53,242,348,176
53,242,70,259,386,390,394
53,242,70,259,386,390
53,242,70,259,387,391,397
53,242,70,259,387,391
53,242,70,262
53,242,70,176,387,391,397
53,242,70,176,387,391
53,242,70,176
53,242,70,263
53,242,70,177
53,242,70,264
53,242,349,172,387,391,397
53,242,349,172,387,391
53,242,349,262
53,242,349,176,387,391,397
53,242,349,176,387,391
53,242,349,176
53,242,71,260,387,391,397
53,242,71,260,387,391
53,242,71,260
53,242,71,263
53,242,71,177
53,242,71,264
53,242,350,173,387,391,397
53,242,350,173,387,391
53,242,350,173
53,242,350,176,387,391,397
53,242,350,176,387,391
53,242,350,176
53,242,72,261
53,242,72,264
53,242,351,174
53,242,73,262
53,242,352,175
53,242,74,263
53,242,353,176
53,245,67,260,387,391,397
53,245,67,260,387,391
53,245,71,260
53,245,71,263
53,245,71,177
53,245,71,264
53,245,350,173,387,391,397
53,245,350,173,387,391
53,245,350,173
53,245,350,176,387,391,397
53,245,350,176,387,391
53,245,350,176
53,245,72,261
53,245,72,264
53,245,351,174
53,245,73,262
53,245,352,175
53,245,74,263
53,245,353,176
53,246,72,261
53,246,72,264
53,246,351,174
53,246,73,262
53,246,352,175
53,246,74,263
53,246,353,176
53,159,74,263
53,159,353,176
53,159,354,177
53,159,76,265
53,247,71,260
53,247,71,263
53,247,71,177
53,247,71,264
53,247,350,173,387,391,397
53,247,350,173,387,391
53,247,350,173
53,247,350,176,387,391,397
53,247,350,176,387,391
53,247,350,176
53,247,72,261
53,247,72,264
53,247,351,174
53,247,73,262
53,247,352,175
53,247,74,263
53,247,353,176
53,160,73,262
53,160,73,265
53,160,73,179
53,160,352,175
53,160,74,263
53,160,353,176
53,160,354,177
53,160,76,265
53,161,74,263
53,161,353,176
53,161,354,177
53,161,76,265
53,248,73,262
53,248,352,175
53,248,74,263
53,248,353,176
53,162,353,176
53,162,354,177
53,162,76,265
53,249,74,263
53,249,353,176
53,163,354,177
53,163,76,265
149,337,250,72,266,88
149,337,250,72,266,392
149,337,250,72,180,364
149,337,250,77
149,337,250,356
149,337,250,78
149,337,250,357
149,337,250,79
149,337,250,80
149,337,164,352,180,364
149,337,164,357
149,337,164,79
149,337,164,80
149,337,164,358
149,337,164,359
149,337,251,78
149,337,251,357
149,337,251,79
149,337,251,80
149,337,165,80
149,337,165,358
149,337,165,359
149,337,252,77
149,337,252,356
149,337,252,78
149,337,252,357
149,337,252,79
149,337,252,80
149,337,166,354,180,364
149,337,166,357
149,337,166,79
149,337,166,80
149,337,166,358
149,337,166,359
149,337,253,78
149,337,253,357
149,337,253,79
149,337,253,80
149,337,167,80
149,337,167,358
149,337,167,359
149,337,254,79
149,337,254,80
149,337,168,358
149,337,168,359
149,337,255,77
149,337,255,80
149,337,169,357
149,337,169,359
149,337,256,78
149,337,257,79
149,337,170,358
149,337,258,80
149,62,256,78
149,62,256,359
149,62,257,79
149,62,170,358
149,62,258,80
149,62,172,360
149,341,169,357
149,341,169,359
149,341,256,78
149,341,257,79
149,341,170,358
149,341,258,80
149,63,257,79
149,63,170,358
149,63,258,80
149,63,172,360
149,342,257,79
149,342,170,358
149,342,258,80
149,64,256,78
149,64,256,359
149,64,257,79
149,64,170,358
149,64,258,80
149,64,172,360
149,343,169,357
149,343,169,359
149,343,256,78
149,343,257,79
149,343,170,358
149,343,258,80
149,65,257,79
149,65,170,358
149,65,258,80
149,65,172,360
149,344,257,79
149,344,170,358
149,344,258,80
149,66,258,80
149,66,172,360
149,345,170,358
149,345,258,80
149,67,172,360
332,155,346,169,83,271
332,155,346,169,361,273
332,155,346,169,386,390,394
332,155,346,169,386,390
332,155,346,169,387,391,397
332,155,346,169,387,391
332,155,346,260,85,273
332,155,346,260
332,155,346,174,361,273
332,155,346,174
332,155,346,261
332,155,346,175,386,390,394
332,155,346,175,386,390
332,155,346,175
332,155,346,262
332,155,346,176,387,391,397
332,155,346,176,387,391
332,155,346,176
332,155,346,263
332,155,346,177
332,155,68,257,83,271
332,155,68,257,361,273
332,155,68,257,386,390,394
332,155,68,257,386,390
332,155,68,257,387,391,397
332,155,68,257,387,391
332,155,68,261
332,155,68,175,386,390,394
332,155,68,175,386,390
332,155,68,175
332,155,68,262
332,155,68,176,387,391,397
332,155,68,176,387,391
332,155,68,176
332,155,68,263
332,155,68,177
332,155,68,264
332,155,68,178
332,155,69,258,386,390,394
332,155,69,258,386,390
332,155,69,258,387,391,397
332,155,69,258,387,391
332,155,69,262
332,155,69,176,387,391,397
332,155,69,176,387,391
332,155,69,176
332,155,69,263
332,155,69,177
332,155,69,264
332,155,69,178
332,155,347,170,83,271
332,155,347,170,361,273
332,155,347,170,386,390,394
332,155,347,170,386,390
332,155,347,170,387,391,397
332,155,347,170,387,391
332,155,347,260,85,273
332,155,347,260
332,155,347,174,361,273
332,155,347,174
332,155,347,261
332,155,347,175,386,390,394
332,155,347,175,386,390
332,155,347,175
332,155,347,262
332,155,347,176,387,391,397
332,155,347,176,387,391
332,155,347,176
332,155,347,263
332,155,347,177
332,155,348,171,386,390,394
332,155,348,171,386,390
332,155,348,171,387,391,397
332,155,348,171,387,391
332,155,348,261
332,155,348,175,386,390,394
332,155,348,175,386,390
332,155,348,175
332,155,348,262
332,155,348,176,387,391,397
332,155,348,176,387,391
332,155,348,176
332,155,348,263
332,155,348,177
332,155,70,262
332,155,70,176,387,391,397
332,155,70,176,387,391
332,155,70,176
332,155,70,263
332,155,70,177
332,155,70,264
332,155,70,178
332,155,349,172,387,391,397
332,155,349,172,387,391
332,155,349,262
332,155,349,176,387,391,397
332,155,349,176,387,391
332,155,349,176
332,155,349,263
332,155,349,177
332,155,71,263
332,155,71,177
332,155,71,264
332,155,71,178
332,155,350,173,387,391,397
332,155,350,173,387,391
332,155,350,176,387,391,397
332,155,350,176,387,391
332,155,350,176
332,155,350,263
332,155,350,177
332,155,72,261
332,155,72,264
332,155,72,178
332,155,351,174
332,155,351,177
332,155,73,262
332,155,352,175
332,155,74,263
332,155,353,176
332,155,75,264
332,158,346,260,85,273
332,158,72,261
332,158,72,264
332,158,72,178
332,158,351,174
332,158,351,177
332,158,73,262
332,158,352,175
332,158,74,263
332,158,353,176
332,158,75,264
332,245,67,260,387,391,397
332,245,67,260,387,391
332,245,71,260
332,245,71,263
332,245,71,177
332,245,350,173
332,245,72,261
332,245,351,174
332,245,73,262
332,245,352,175
332,245,74,263
332,246,72,261
332,246,351,174
332,246,73,262
332,246,352,175
332,246,74,263
332,159,347,260,85,273
332,159,72,261
332,159,72,264
332,159,72,178
332,159,351,174
332,159,351,177
332,159,73,262
332,159,352,175
332,159,74,263
332,159,353,176
332,159,75,264
332,247,71,260
332,247,71,263
332,247,71,177
332,247,350,173
332,247,72,261
332,247,351,174
332,247,73,262
332,247,352,175
332,247,74,263
332,160,73,262
332,160,352,175
332,160,74,263
332,160,353,176
332,160,75,264
332,161,74,263
332,161,353,176
332,161,75,264
332,248,73,262
332,248,352,175
332,248,74,263
332,162,353,176
332,162,75,264
332,249,74,263
54,243,348,171,386,390,394
54,243,348,171,386,390
54,243,348,171,387,391,397
54,243,348,171,387,391
54,243,348,261
54,243,348,175,386,390,394
54,243,348,175,386,390
54,243,348,175
54,243,348,262
54,243,348,176,387,391,397
54,243,348,176,387,391
54,243,348,176
54,243,348,263
54,243,348,177
54,243,70,259,386,390,394
54,243,70,259,386,390
54,243,70,259,387,391,397
54,243,70,259,387,391
54,243,70,262
54,243,70,176,387,391,397
54,243,70,176,387,391
54,243,70,176
54,243,70,263
54,243,70,177
54,243,70,264
54,243,70,178
54,243,70,265
54,243,349,172,387,391,397
54,243,349,172,387,391
54,243,349,262
54,243,349,176,387,391,397
54,243,349,176,387,391
54,243,349,176
54,243,349,263
54,243,349,177
54,243,71,260,387,391,397
54,243,71,260,387,391
54,243,71,263
54,243,71,177
54,243,71,264
54,243,71,178
54,243,71,265
54,243,350,173,387,391,397
54,243,350,173,387,391
54,243,350,176,387,391,397
54,243,350,176,387,391
54,243,350,176
54,243,350,263
54,243,350,177
54,243,72,261
54,243,72,264
54,243,72,178
54,243,72,265
54,243,351,174
54,243,351,177
54,243,73,262
54,243,73,265
54,243,352,175
54,243,74,263
54,243,353,176
54,243,75,264
54,243,354,177
54,246,72,261
54,246,72,264
54,246,72,178
54,246,72,265
54,246,351,174
54,246,351,177
54,246,73,262
54,246,73,265
54,246,352,175
54,246,74,263
54,246,353,176
54,246,75,264
54,246,354,177
54,159,74,263
54,159,74,266
54,159,74,180
54,159,353,176
54,159,75,264
54,159,354,177
54,159,355,178
54,159,77,266
54,247,73,262
54,247,73,265
54,247,352,175
54,247,74,263
54,247,353,176
54,247,75,264
54,247,354,177
54,160,75,264
54,160,354,177
54,160,355,178
54,160,77,266
54,161,74,263
54,161,74,266
54,161,74,180
54,161,353,176
54,161,75,264
54,161,354,177
54,161,355,178
54,161,77,266
54,248,73,262
54,248,73,265
54,248,352,175
54,248,74,263
54,248,353,176
54,248,75,264
54,248,354,177
54,162,353,176
54,162,75,264
54,162,354,177
54,162,355,178
54,162,77,266
54,249,74,263
54,249,353,176
54,249,75,264
54,249,354,177
54,163,354,177
54,163,355,178
54,163,77,266
54,250,75,264
54,250,354,177
54,164,355,178
54,164,77,266
150,338,251,73,267,395
150,338,251,78
150,338,251,357
150,338,251,79
150,338,251,80
150,338,251,358
150,338,165,80
150,338,165,358
150,338,165,359
150,338,165,81,389
150,338,165,81
150,338,165,360
150,338,252,79
150,338,252,80
150,338,252,358
150,338,166,358
150,338,166,359
150,338,166,81,389
150,338,166,81
150,338,166,360
150,338,253,78
150,338,253,357
150,338,253,79
150,338,253,80
150,338,253,358
150,338,167,80
150,338,167,358
150,338,167,359
150,338,167,81,389
150,338,167,81
150,338,167,360
150,338,254,79
150,338,254,80
150,338,254,358
150,338,168,358
150,338,168,359
150,338,168,81,389
150,338,168,81
150,338,168,360
150,338,255,80
150,338,255,358
150,338,169,359
150,338,169,81,389
150,338,169,81
150,338,169,360
150,338,256,78
150,338,257,79
150,338,170,358
150,338,258,80
150,338,171,359
150,63,252,79,389
150,63,257,79
150,63,257,81,389
150,63,257,81
150,63,257,360
150,63,170,358
150,63,170,83
150,63,258,80
150,63,171,359
150,63,259,81,389
150,63,259,81
150,63,173,385
150,342,257,79
150,342,170,358
150,342,258,80
150,342,171,359
150,64,258,80
150,64,171,359
150,64,259,81,389
150,64,259,81
150,64,173,385
150,343,170,358
150,343,258,80
150,343,171,359
150,65,257,79
150,65,257,81,389
150,65,257,81
150,65,257,360
150,65,170,358
150,65,170,83
150,65,258,80
150,65,171,359
150,65,259,81,389
150,65,259,81
150,65,173,385
150,344,257,79
150,344,170,358
150,344,258,80
150,344,171,359
150,66,258,80
150,66,171,359
150,66,259,81,389
150,66,259,81
150,66,173,385
150,345,170,358
150,345,258,80
150,345,171,359
150,67,259,81,389
150,67,259,81
150,67,173,385
150,346,171,359
150,68,259,81,389
150,68,259,81
150,68,173,385
237,59,253,75,389
237,59,253,78,389
237,59,253,78
237,59,253,357,180,395
237,59,253,357,182,395
237,59,253,357
237,59,253,79,389
237,59,253,79
237,59,253,80
237,59,253,358
237,59,253,359
237,59,253,81
237,59,167,80
237,59,167,358
237,59,167,359
237,59,167,81
237,59,167,360
237,59,167,82
237,59,254,76,389
237,59,254,79,389
237,59,254,79
237,59,254,80
237,59,254,358
237,59,254,359
237,59,254,81
237,59,168,358
237,59,168,359
237,59,168,81
237,59,168,360
237,59,168,82
237,59,255,77,389
237,59,255,80
237,59,255,358
237,59,255,359
237,59,255,81
237,59,169,359
237,59,169,81
237,59,169,360
237,59,169,82
237,59,256,78,389
237,59,256,78
237,59,256,359
237,59,256,81
237,59,257,79,389
237,59,257,79
237,59,257,81
237,59,170,358
237,59,258,80
237,59,171,359
237,59,172,360
237,62,251,78,389
237,62,251,357,182,395
237,62,251,79,389
237,62,256,78
237,62,256,359
237,62,256,81
237,62,257,79
237,62,257,81
237,62,170,358
237,62,258,80
237,62,171,359
237,62,172,360
237,341,164,357,182,395
237,341,169,357,182,395
237,341,169,357
237,341,169,359
237,341,256,78
237,341,257,79
237,341,170,358
237,341,258,80
237,341,171,359
237,63,252,79,389
237,63,257,79
237,63,257,81
237,63,170,358
237,63,258,80
237,63,171,359
237,63,172,360
237,342,257,79
237,342,170,358
237,342,258,80
237,342,171,359
237,64,256,78
237,64,256,359
237,64,256,81
237,64,257,79
237,64,257,81
237,64,170,358
237,64,258,80
237,64,171,359
237,64,172,360
237,343,166,357,182,395
237,343,169,357,182,395
237,343,169,357
237,343,169,359
237,343,256,78
237,343,257,79
237,343,170,358
237,343,258,80
237,343,171,359
237,65,257,79
237,65,257,81
237,65,170,358
237,65,258,80
237,65,171,359
237,65,172,360
237,344,257,79
237,344,170,358
237,344,258,80
237,344,171,359
237,66,258,80
237,66,171,359
237,66,172,360
237,345,170,358
237,345,258,80
237,345,171,359
237,67,172,360
237,346,171,359
333,156,69,258,386,390,394
333,156,69,258,386,390
333,156,69,258,387,391,397
333,156,69,258,387,391
333,156,69,262
333,156,69,176,387,391,397
333,156,69,176,387,391
333,156,69,176
333,156,69,263
333,156,69,177
333,156,69,264
333,156,69,178
333,156,69,265
333,156,69,179
333,156,347,170,387,391,397
333,156,347,170,387,391
333,156,347,262
333,156,347,176,387,391,397
333,156,347,176,387,391
333,156,347,176
333,156,347,263
333,156,347,177
333,156,347,264
333,156,347,178
333,156,348,171,386,390,394
333,156,348,171,386,390
333,156,348,171,387,391,397
333,156,348,171,387,391
333,156,348,261,86,274
333,156,348,261
333,156,348,175,386,390,394
333,156,348,175,386,390
333,156,348,175
333,156,348,262
333,156,348,176,387,391,397
333,156,348,176,387,391
333,156,348,176
333,156,348,263
333,156,348,177
333,156,348,264
333,156,348,178
333,156,70,262
333,156,70,176,387,391,397
333,156,70,176,387,391
333,156,70,176
333,156,70,263
333,156,70,177
333,156,70,264
333,156,70,178
333,156,70,265
333,156,70,179
333,156,349,172,387,391,397
333,156,349,172,387,391
333,156,349,262
333,156,349,176,387,391,397
333,156,349,176,387,391
333,156,349,176
333,156,349,263
333,156,349,177
333,156,349,264
333,156,349,178
333,156,71,263
333,156,71,177
333,156,71,264
333,156,71,178
333,156,71,265
333,156,71,179
333,156,350,173,387,391,397
333,156,350,173,387,391
333,156,350,176,387,391,397
333,156,350,176,387,391
333,156,350,176
333,156,350,263
333,156,350,177
333,156,350,264
333,156,350,178
333,156,72,264
333,156,72,178
333,156,72,265
333,156,72,179
333,156,351,177
333,156,351,264
333,156,351,178
333,156,73,262
333,156,73,265
333,156,73,179
333,156,352,175
333,156,352,178
333,156,74,263
333,156,353,176
333,156,75,264
333,156,354,177
333,156,76,265
333,246,68,261,362,393
333,246,72,261
333,246,72,264
333,246,72,178
333,246,351,174
333,246,73,262
333,246,352,175
333,246,74,263
333,246,353,176
333,246,75,264
333,159,74,263
333,159,353,176
333,159,75,264
333,159,354,177
333,159,76,265
333,247,73,262
333,247,352,175
333,247,74,263
333,247,353,176
333,247,75,264
333,160,348,261,86,274
333,160,73,262
333,160,73,265
333,160,73,179
333,160,352,175
333,160,352,178
333,160,74,263
333,160,353,176
333,160,75,264
333,160,354,177
333,160,76,265
333,161,74,263
333,161,353,176
333,161,75,264
333,161,354,177
333,161,76,265
333,248,73,262
333,248,352,175
333,248,74,263
333,248,353,176
333,248,75,264
333,162,353,176
333,162,75,264
333,162,354,177
333,162,76,265
333,249,74,263
333,249,353,176
333,249,75,264
333,163,354,177
333,163,76,265
333,250,75,264
55,244,70,259,386,390,394
55,244,70,259,386,390
55,244,70,259,387,391,397
55,244,70,259,387,391
55,244,70,262
55,244,70,176,387,391,397
55,244,70,176,387,391
55,244,70,176
55,244,70,263
55,244,70,177
55,244,70,264
55,244,70,178
55,244,70,265
55,244,70,179
55,244,70,266
55,244,349,172,387,391,397
55,244,349,172,387,391
55,244,349,262
55,244,349,176,387,391,397
55,244,349,176,387,391
55,244,349,176
55,244,349,263
55,244,349,177
55,244,349,264
55,244,349,178
55,244,71,260,387,391,397
55,244,71,260,387,391
55,244,71,263
55,244,71,177
55,244,71,264
55,244,71,178
55,244,71,265
55,244,71,179
55,244,71,266
55,244,350,173,387,391,397
55,244,350,173,387,391
55,244,350,176,387,391,397
55,244,350,176,387,391
55,244,350,176
55,244,350,263
55,244,350,177
55,244,350,264
55,244,350,178
55,244,72,264
55,244,72,178
55,244,72,265
55,244,72,179
55,244,72,266
55,244,351,177
55,244,351,264
55,244,351,178
55,244,73,262
55,244,73,265
55,244,73,179
55,244,73,266
55,244,352,175
55,244,352,178
55,244,74,263
55,244,74,266
55,244,353,176
55,244,75,264
55,244,354,177
55,244,76,265
55,244,355,178
55,247,73,262
55,247,73,265
55,247,73,179
55,247,73,266
55,247,352,175
55,247,352,178
55,247,74,263
55,247,74,266
55,247,353,176
55,247,75,264
55,247,354,177
55,247,76,265
55,247,355,178
55,160,75,264
55,160,75,267
55,160,354,177
55,160,76,265
55,160,355,178
55,160,356,179
55,160,78,267
55,161,76,265
55,161,355,178
55,161,356,179
55,161,78,267
55,248,73,262
55,248,73,265
55,248,73,179
55,248,73,266
55,248,352,175
55,248,352,178
55,248,74,263
55,248,74,266
55,248,353,176
55,248,75,264
55,248,354,177
55,248,76,265
55,248,355,178
55,162,353,176
55,162,353,179
55,162,75,264
55,162,75,267
55,162,354,177
55,162,76,265
55,162,355,178
55,162,356,179
55,162,78,267
55,249,74,263
55,249,74,266
55,249,353,176
55,249,75,264
55,249,354,177
55,249,76,265
55,249,355,178
55,163,354,177
55,163,76,265
55,163,355,178
55,163,356,179
55,163,78,267
55,250,75,264
55,250,354,177
55,250,76,265
55,250,355,178
55,164,355,178
55,164,356,179
55,164,78,267
55,251,76,265
55,251,355,178
55,165,356,179
55,165,78,267
151,339,165,353,389
151,339,165,80
151,339,165,358
151,339,165,359
151,339,165,81,389
151,339,165,81
151,339,165,360
151,339,165,82
151,339,165,385
151,339,252,74,389
151,339,252,79,389
151,339,252,79
151,339,252,80
151,339,252,358
151,339,252,359
151,339,252,81,389
151,339,252,81
151,339,166,354,389
151,339,166,358
151,339,166,359
151,339,166,81,389
151,339,166,81
151,339,166,360
151,339,166,82
151,339,166,385
151,339,253,75,389
151,339,253,80
151,339,253,358
151,339,253,359
151,339,253,81,389
151,339,253,81
151,339,167,355,389
151,339,167,80
151,339,167,358
151,339,167,359
151,339,167,81,389
151,339,167,81
151,339,167,360
151,339,167,82
151,339,167,385
151,339,254,76,389
151,339,254,79,389
151,339,254,79
151,339,254,80
151,339,254,358
151,339,254,359
151,339,254,81,389
151,339,254,81
151,339,168,356,389
151,339,168,358
151,339,168,359
151,339,168,81,389
151,339,168,81
151,339,168,360
151,339,168,82
151,339,168,385
151,339,255,77,389
151,339,255,80
151,339,255,358
151,339,255,359
151,339,255,81,389
151,339,255,81
151,339,169,357,389
151,339,169,359
151,339,169,81,389
151,339,169,81
151,339,169,360
151,339,169,82
151,339,169,385
151,339,256,359
151,339,256,81,389
151,339,256,81
151,339,257,79
151,339,257,81,389
151,339,257,81
151,339,170,358
151,339,258,80
151,339,171,359
151,339,172,360
151,339,259,81,389
151,339,259,81
151,342,257,79
151,342,257,81,389
151,342,257,81
151,342,170,358
151,342,258,80
151,342,171,359
151,342,172,360
151,342,259,81,389
151,342,259,81
151,64,258,80
151,64,258,82
151,64,258,385
151,64,171,359
151,64,171,84
151,64,172,360
151,64,259,81,389
151,64,259,81
151,64,260,82
151,64,174,361
151,343,170,358
151,343,258,80
151,343,171,359
151,343,172,360
151,343,259,81,389
151,343,259,81
151,65,172,360
151,65,259,81,389
151,65,259,81
151,65,260,82
151,65,174,361
151,344,257,79
151,344,257,81,389
151,344,257,81
151,344,170,358
151,344,258,80
151,344,171,359
151,344,172,360
151,344,259,81,389
151,344,259,81
151,66,258,80
151,66,258,82
151,66,258,385
151,66,171,359
151,66,171,84
151,66,172,360
151,66,259,81,389
151,66,259,81
151,66,260,82
151,66,174,361
151,345,170,358
151,345,258,80
151,345,171,359
151,345,172,360
151,345,259,81,389
151,345,259,81
151,67,172,360
151,67,259,81,389
151,67,259,81
151,67,260,82
151,67,174,361
151,346,171,359
151,346,172,360
151,346,259,81,389
151,346,259,81
151,68,259,81,389
151,68,259,81
151,68,260,82
151,68,174,361
151,69,260,82
151,69,174,361
238,60,254,76,389
238,60,254,79,389
238,60,254,79
238,60,254,80
238,60,254,358
238,60,254,359
238,60,254,81,389
238,60,254,81
238,60,254,360
238,60,254,82
238,60,168,356,389
238,60,168,358
238,60,168,359
238,60,168,81,389
238,60,168,81
238,60,168,360
238,60,168,82
238,60,168,385
238,60,168,83
238,60,255,77,389
238,60,255,80
238,60,255,358
238,60,255,359
238,60,255,81,389
238,60,255,81
238,60,255,360
238,60,255,82
238,60,169,357,389
238,60,169,359
238,60,169,81,389
238,60,169,81
238,60,169,360
238,60,169,82
238,60,169,385
238,60,169,83
238,60,256,78,389
238,60,256,359
238,60,256,81,389
238,60,256,81
238,60,256,360
238,60,256,82
238,60,257,79,389
238,60,257,79
238,60,257,81,389
238,60,257,81
238,60,257,360
238,60,257,82
238,60,170,358
238,60,170,83
238,60,258,80
238,60,258,82
238,60,171,359
238,60,172,360
238,60,259,81,389
238,60,259,81
238,60,173,385
238,63,252,79,389
238,63,257,79
238,63,257,81,389
238,63,257,81
238,63,257,360
238,63,257,82
238,63,170,358
238,63,170,83
238,63,258,80
238,63,258,82
238,63,171,359
238,63,172,360
238,63,259,81,389
238,63,259,81
238,63,173,385
238,342,257,79
238,342,170,358
238,342,258,80
238,342,171,359
238,342,172,360
238,64,258,80
238,64,258,82
238,64,171,359
238,64,172,360
238,64,259,81,389
238,64,259,81
238,64,173,385
238,343,170,358
238,343,258,80
238,343,171,359
238,343,172,360
238,65,257,79
238,65,257,81,389
238,65,257,81
238,65,257,360
238,65,257,82
238,65,170,358
238,65,170,83
238,65,258,80
238,65,258,82
238,65,171,359
238,65,172,360
238,65,259,81,389
238,65,259,81
238,65,173,385
238,344,257,79
238,344,170,358
238,344,258,80
238,344,171,359
238,344,172,360
238,66,258,80
238,66,258,82
238,66,171,359
238,66,172,360
238,66,259,81,389
238,66,259,81
238,66,173,385
238,345,170,358
238,345,258,80
238,345,171,359
238,345,172,360
238,67,172,360
238,67,259,81,389
238,67,259,81
238,67,173,385
238,346,171,359
238,346,172,360
238,68,259,81,389
238,68,259,81
238,68,173,385
334,157,347,170,387,391,397
334,157,347,170,387,391
334,157,347,262
334,157,347,176,387,391,397
334,157,347,176,387,391
334,157,347,176
334,157,347,263
334,157,347,177
334,157,347,264
334,157,347,178
334,157,347,265
334,157,347,179
334,157,348,263
334,157,348,177
334,157,348,264
334,157,348,178
334,157,348,265
334,157,348,179
334,157,70,264
334,157,70,178
334,157,70,265
334,157,70,179
334,157,70,266
334,157,70,180
334,157,349,172,387,391,397
334,157,349,172,387,391
334,157,349,262
334,157,349,176,387,391,397
334,157,349,176,387,391
334,157,349,176
334,157,349,263
334,157,349,177
334,157,349,264
334,157,349,178
334,157,349,265
334,157,349,179
334,157,71,263
334,157,71,177
334,157,71,264
334,157,71,178
334,157,71,265
334,157,71,179
334,157,71,266
334,157,71,180
334,157,350,173,387,391,397
334,157,350,173,387,391
334,157,350,176,387,391,397
334,157,350,176,387,391
334,157,350,176
334,157,350,263
334,157,350,177
334,157,350,264
334,157,350,178
334,157,350,265
334,157,350,179
334,157,72,264
334,157,72,178
334,157,72,265
334,157,72,179
334,157,72,266
334,157,72,180
334,157,351,177
334,157,351,264
334,157,351,178
334,157,351,265
334,157,351,179
334,157,73,265
334,157,73,179
334,157,73,266
334,157,73,180
334,157,352,178
334,157,352,265
334,157,352,179
334,157,74,263
334,157,74,266
334,157,74,180
334,157,353,176
334,157,353,179
334,157,75,264
334,157,354,177
334,157,76,265
334,157,355,178
334,157,77,266
334,159,74,263
334,159,74,266
334,159,74,180
334,159,353,176
334,159,353,179
334,159,75,264
334,159,354,177
334,159,76,265
334,159,355,178
334,159,77,266
334,247,73,262
334,247,73,265
334,247,73,179
334,247,352,175
334,247,74,263
334,247,353,176
334,247,75,264
334,247,354,177
334,247,76,265
334,160,75,264
334,160,354,177
334,160,76,265
334,160,355,178
334,160,77,266
334,161,74,263
334,161,74,266
334,161,74,180
334,161,353,176
334,161,353,179
334,161,75,264
334,161,354,177
334,161,76,265
334,161,355,178
334,161,77,266
334,248,73,262
334,248,73,265
334,248,73,179
334,248,352,175
334,248,74,263
334,248,353,176
334,248,75,264
334,248,354,177
334,248,76,265
334,162,353,176
334,162,353,179
334,162,75,264
334,162,354,177
334,162,76,265
334,162,355,178
334,162,77,266
334,249,74,263
334,249,353,176
334,249,75,264
334,249,354,177
334,249,76,265
334,163,354,177
334,163,76,265
334,163,355,178
334,163,77,266
334,250,75,264
334,250,354,177
334,250,76,265
334,164,355,178
334,164,77,266
334,251,76,265
56,245,71,260,387,391,397
56,245,71,260,387,391
56,245,71,263
56,245,71,177
56,245,71,264
56,245,71,178
56,245,71,265
56,245,71,179
56,245,71,266
56,245,71,180
56,245,71,267
56,245,350,173,387,391,397
56,245,350,173,387,391
56,245,350,176,387,391,397
56,245,350,176,387,391
56,245,350,176
56,245,350,263
56,245,350,177
56,245,350,264
56,245,350,178
56,245,350,265
56,245,350,179
56,245,72,264
56,245,72,178
56,245,72,265
56,245,72,179
56,245,72,266
56,245,72,180
56,245,72,267
56,245,351,177
56,245,351,264
56,245,351,178
56,245,351,265
56,245,351,179
56,245,73,265
56,245,73,179
56,245,73,266
56,245,73,180
56,245,73,267
56,245,352,178
56,245,352,265
56,245,352,179
56,245,74,263
56,245,74,266
56,245,74,180
56,245,74,267
56,245,353,176
56,245,353,179
56,245,75,264
56,245,75,267
56,245,354,177
56,245,76,265
56,245,355,178
56,245,77,266
56,245,356,179
56,161,76,265
56,161,76,268
56,161,76,181
56,161,355,178
56,161,77,266
56,161,356,179
56,161,357,180
56,161,79,268
56,248,75,264
56,248,75,267
56,248,354,177
56,248,76,265
56,248,355,178
56,248,77,266
56,248,356,179
56,162,355,178
56,162,77,266
56,162,356,179
56,162,357,180
56,162,79,268
56,249,74,263
56,249,74,266
56,249,74,180
56,249,74,267
56,249,353,176
56,249,353,179
56,249,75,264
56,249,75,267
56,249,354,177
56,249,76,265
56,249,355,178
56,249,77,266
56,249,356,179
56,163,354,177
56,163,354,180
56,163,76,265
56,163,76,268
56,163,76,181
56,163,355,178
56,163,77,266
56,163,356,179
56,163,357,180
56,163,79,268
56,250,75,264
56,250,75,267
56,250,354,177
56,250,76,265
56,250,355,178
56,250,77,266
56,250,356,179
56,164,355,178
56,164,77,266
56,164,356,179
56,164,357,180
56,164,79,268
56,251,76,265
56,251,355,178
56,251,77,266
56,251,356,179
56,165,356,179
56,165,357,180
56,165,79,268
56,252,77,266
56,252,356,179
56,166,357,180
56,166,79,268
152,340,166,354,389
152,340,166,358
152,340,166,359
152,340,166,81,389
152,340,166,81
152,340,166,360
152,340,166,82
152,340,166,385
152,340,166,83
152,340,166,361
152,340,253,75,389
152,340,253,80
152,340,253,358
152,340,253,359
152,340,253,81,389
152,340,253,81
152,340,253,360
152,340,253,82
152,340,167,355,389
152,340,167,359
152,340,167,81,389
152,340,167,81
152,340,167,360
152,340,167,82
152,340,167,385
152,340,167,83
152,340,167,361
152,340,254,76,389
152,340,254,359
152,340,254,81,389
152,340,254,81
152,340,254,360
152,340,254,82
152,340,168,356,389
152,340,168,358
152,340,168,359
152,340,168,81,389
152,340,168,81
152,340,168,360
152,340,168,82
152,340,168,385
152,340,168,83
152,340,168,361
152,340,255,77,389
152,340,255,80
152,340,255,358
152,340,255,359
152,340,255,81,389
152,340,255,81
152,340,255,360
152,340,255,82
152,340,169,357,389
152,340,169,359
152,340,169,81,389
152,340,169,81
152,340,169,360
152,340,169,82
152,340,169,385
152,340,169,83
152,340,169,361
152,340,256,359
152,340,256,81,389
152,340,256,81
152,340,256,360
152,340,256,82
152,340,257,81,389
152,340,257,81
152,340,257,360
152,340,257,82
152,340,170,358
152,340,170,83
152,340,170,361
152,340,258,80
152,340,258,82
152,340,171,359
152,340,172,360
152,340,259,81,389
152,340,259,81
152,340,173,385
152,340,260,82
152,343,170,358
152,343,170,83
152,343,170,361
152,343,258,80
152,343,258,82
152,343,171,359
152,343,172,360
152,343,259,81,389
152,343,259,81
152,343,173,385
152,343,260,82
152,65,172,360
152,65,172,85
152,65,259,81,389
152,65,259,81
152,65,173,385
152,65,260,82
152,65,261,83
152,65,175,386
152,344,171,359
152,344,172,360
152,344,259,81,389
152,344,259,81
152,344,173,385
152,344,260,82
152,66,259,81,389
152,66,259,81
152,66,173,385
152,66,260,82
152,66,261,83
152,66,175,386
152,345,170,358
152,345,170,83
152,345,170,361
152,345,258,80
152,345,258,82
152,345,171,359
152,345,172,360
152,345,259,81,389
152,345,259,81
152,345,173,385
152,345,260,82
152,67,172,360
152,67,172,85
152,67,259,81,389
152,67,259,81
152,67,173,385
152,67,260,82
152,67,261,83
152,67,175,386
152,346,171,359
152,346,172,360
152,346,259,81,389
152,346,259,81
152,346,173,385
152,346,260,82
152,68,259,81,389
152,68,259,81
152,68,173,385
152,68,260,82
152,68,261,83
152,68,175,386
152,69,260,82
152,69,261,83
152,69,175,386
152,347,260,82
239,61,255,77,389
239,61,255,80
239,61,255,358
239,61,255,359
239,61,255,81,389
239,61,255,81
239,61,255,360
239,61,255,82
239,61,255,385
239,61,255,83
239,61,169,357,389
239,61,169,359
239,61,169,81,389
239,61,169,81
239,61,169,360
239,61,169,82
239,61,169,385
239,61,169,83
239,61,169,361
239,61,169,84
239,61,256,78,389
239,61,256,359
239,61,256,81,389
239,61,256,81
239,61,256,360
239,61,256,82
239,61,256,385
239,61,256,83
239,61,257,79,389
239,61,257,81,389
239,61,257,81
239,61,257,360
239,61,257,82
239,61,257,385
239,61,257,83
239,61,170,83
239,61,170,361
239,61,170,84
239,61,258,80
239,61,258,82
239,61,258,385
239,61,258,83
239,61,171,359
239,61,171,84
239,61,172,360
239,61,259,81,389
239,61,259,81
239,61,173,385
239,61,260,82
239,61,174,361
239,64,258,80
239,64,258,82
239,64,258,385
239,64,258,83
239,64,171,359
239,64,171,84
239,64,172,360
239,64,259,81,389
239,64,259,81
239,64,173,385
239,64,260,82
239,64,174,361
239,343,170,358
239,343,258,80
239,343,171,359
239,343,172,360
239,343,259,81,389
239,343,259,81
239,343,173,385
239,65,172,360
239,65,259,81,389
239,65,259,81
239,65,173,385
239,65,260,82
239,65,174,361
239,344,171,359
239,344,172,360
239,344,259,81,389
239,344,259,81
239,344,173,385
239,66,258,80
239,66,258,82
239,66,258,385
239,66,258,83
239,66,171,359
239,66,171,84
239,66,172,360
239,66,259,81,389
239,66,259,81
239,66,173,385
239,66,260,82
239,66,174,361
239,345,170,358
239,345,258,80
239,345,171,359
239,345,172,360
239,345,259,81,389
239,345,259,81
239,345,173,385
239,67,172,360
239,67,259,81,389
239,67,259,81
239,67,173,385
239,67,260,82
239,67,174,361
239,346,171,359
239,346,172,360
239,346,259,81,389
239,346,259,81
239,346,173,385
239,68,259,81,389
239,68,259,81
239,68,173,385
239,68,260,82
239,68,174,361
239,69,260,82
239,69,174,361
335,158,348,263
335,158,348,177
335,158,348,264
335,158,348,178
335,158,348,265
335,158,348,179
335,158,348,266
335,158,348,180
335,158,70,264
335,158,70,178
335,158,70,265
335,158,70,179
335,158,70,266
335,158,70,180
335,158,70,267
335,158,349,264
335,158,349,178
335,158,349,265
335,158,349,179
335,158,349,266
335,158,349,180
335,158,71,265
335,158,71,179
335,158,71,266
335,158,71,180
335,158,71,267
335,158,350,178
335,158,350,265
335,158,350,179
335,158,350,266
335,158,350,180
335,158,72,264
335,158,72,178
335,158,72,265
335,158,72,179
335,158,72,266
335,158,72,180
335,158,72,267
335,158,351,177
335,158,351,264
335,158,351,178
335,158,351,265
335,158,351,179
335,158,351,266
335,158,351,180
335,158,73,265
335,158,73,179
335,158,73,266
335,158,73,180
335,158,73,267
335,158,352,178
335,158,352,265
335,158,352,179
335,158,352,266
335,158,352,180
335,158,74,266
335,158,74,180
335,158,74,267
335,158,353,179
335,158,353,266
335,158,353,180
335,158,75,264
335,158,75,267
335,158,354,177
335,158,354,180
335,158,76,265
335,158,355,178
335,158,77,266
335,158,356,179
335,158,78,267
335,160,75,264
335,160,75,267
335,160,354,177
335,160,354,180
335,160,76,265
335,160,355,178
335,160,77,266
335,160,356,179
335,160,78,267
335,161,76,265
335,161,355,178
335,161,77,266
335,161,356,179
335,161,78,267
335,248,75,264
335,248,354,177
335,248,76,265
335,248,355,178
335,248,77,266
335,162,355,178
335,162,77,266
335,162,356,179
335,162,78,267
335,249,74,263
335,249,74,266
335,249,74,180
335,249,353,176
335,249,75,264
335,249,354,177
335,249,76,265
335,249,355,178
335,249,77,266
335,163,354,177
335,163,354,180
335,163,76,265
335,163,355,178
335,163,77,266
335,163,356,179
335,163,78,267
335,250,75,264
335,250,354,177
335,250,76,265
335,250,355,178
335,250,77,266
335,164,355,178
335,164,77,266
335,164,356,179
335,164,78,267
335,251,76,265
335,251,355,178
335,251,77,266
335,165,356,179
335,165,78,267
335,252,77,266
57,246,72,264
57,246,72,178
57,246,72,265
57,246,72,179
57,246,72,266
57,246,72,180
57,246,72,267
57,246,72,268
57,246,351,177
57,246,351,264
57,246,351,178
57,246,351,265
57,246,351,179
57,246,351,266
57,246,351,180
57,246,73,265
57,246,73,179
57,246,73,266
57,246,73,180
57,246,73,267
57,246,73,268
57,246,352,178
57,246,352,265
57,246,352,179
57,246,352,266
57,246,352,180
57,246,74,266
57,246,74,180
57,246,74,267
57,246,74,268
57,246,353,179
57,246,353,266
57,246,353,180
57,246,75,264
57,246,75,267
57,246,75,268
57,246,354,177
57,246,354,180
57,246,76,265
57,246,76,268
57,246,355,178
57,246,77,266
57,246,356,179
57,246,78,267
57,246,357,180
57,248,75,264
57,248,75,267
57,248,75,268
57,248,354,177
57,248,354,180
57,248,76,265
57,248,76,268
57,248,355,178
57,248,77,266
57,248,356,179
57,248,78,267
57,248,357,180
57,162,355,178
57,162,77,266
57,162,77,269
57,162,77,182,395,411
57,162,77,182
57,162,356,179
57,162,78,267
57,162,357,180
57,162,80,269
57,249,76,265
57,249,76,268
57,249,355,178
57,249,77,266
57,249,356,179
57,249,78,267
57,249,357,180
57,163,356,179
57,163,78,267
57,163,357,180
57,163,80,269
57,250,75,264
57,250,75,267
57,250,75,268
57,250,354,177
57,250,354,180
57,250,76,265
57,250,76,268
57,250,355,178
57,250,77,266
57,250,356,179
57,250,78,267
57,250,357,180
57,164,355,178
57,164,77,266
57,164,77,269
57,164,77,182,395,411
57,164,77,182
57,164,356,179
57,164,78,267
57,164,357,180
57,164,80,269
57,251,76,265
57,251,76,268
57,251,355,178
57,251,77,266
57,251,356,179
57,251,78,267
57,251,357,180
57,165,356,179
57,165,78,267
57,165,357,180
57,165,80,269
57,252,77,266
57,252,356,179
57,252,78,267
57,252,357,180
57,166,357,180
57,166,80,269
57,253,78,267
57,253,357,180
57,167,80,269
153,341,167,355,389
153,341,167,359
153,341,167,81,389
153,341,167,81
153,341,167,360
153,341,167,82
153,341,167,385
153,341,167,83
153,341,167,361
153,341,167,84
153,341,167,386
153,341,254,76,389
153,341,254,359
153,341,254,81,389
153,341,254,81
153,341,254,360
153,341,254,82
153,341,254,385
153,341,254,83
153,341,168,356,389
153,341,168,360
153,341,168,82
153,341,168,385
153,341,168,83
153,341,168,361
153,341,168,84
153,341,168,386
153,341,255,77,389
153,341,255,81,389
153,341,255,81
153,341,255,360
153,341,255,82
153,341,255,385
153,341,255,83
153,341,169,357,389
153,341,169,359
153,341,169,81,389
153,341,169,81
153,341,169,360
153,341,169,82
153,341,169,385
153,341,169,83
153,341,169,361
153,341,169,84
153,341,169,386
153,341,256,359
153,341,256,81,389
153,341,256,81
153,341,256,360
153,341,256,82
153,341,256,385
153,341,256,83
153,341,257,81,389
153,341,257,81
153,341,257,360
153,341,257,82
153,341,257,385
153,341,257,83
153,341,170,83
153,341,170,361
153,341,170,84
153,341,170,386
153,341,258,82
153,341,258,385
153,341,258,83
153,341,171,359
153,341,171,84
153,341,171,386
153,341,172,360
153,341,259,81,389
153,341,259,81
153,341,173,385
153,341,260,82
153,341,174,361
153,341,261,83
153,344,171,359
153,344,171,84
153,344,171,386
153,344,172,360
153,344,259,81,389
153,344,259,81
153,344,173,385
153,344,260,82
153,344,174,361
153,344,261,83
153,66,259,81,389
153,66,259,81
153,66,259,84
153,66,259,386
153,66,173,385
153,66,173,387
153,66,173,86
153,66,260,82
153,66,174,361
153,66,261,83
153,66,262,84
153,66,176,387
153,345,172,360
153,345,259,81,389
153,345,259,81
153,345,173,385
153,345,260,82
153,345,174,361
153,345,261,83
153,67,260,82
153,67,174,361
153,67,261,83
153,67,262,84
153,67,176,387
153,346,171,359
153,346,171,84
153,346,171,386
153,346,172,360
153,346,259,81,389
153,346,259,81
153,346,173,385
153,346,260,82
153,346,174,361
153,346,261,83
153,68,259,81,389
153,68,259,81
153,68,259,84
153,68,259,386
153,68,173,385
153,68,173,387
153,68,173,86
153,68,260,82
153,68,174,361
153,68,261,83
153,68,262,84
153,68,176,387
153,69,260,82
153,69,174,361
153,69,261,83
153,69,262,84
153,69,176,387
153,347,260,82
153,347,174,361
153,347,261,83
153,348,261,83
153,70,262,84
153,70,176,387
240,62,256,78,389
240,62,256,359
240,62,256,81,389
240,62,256,81
240,62,256,360
240,62,256,82
240,62,256,385
240,62,256,83
240,62,256,361
240,62,256,84
240,62,257,79,389
240,62,257,81,389
240,62,257,81
240,62,257,360
240,62,257,82
240,62,257,385
240,62,257,83
240,62,257,361
240,62,257,84
240,62,170,83
240,62,170,361
240,62,170,84
240,62,170,386
240,62,170,85
240,62,258,82
240,62,258,385
240,62,258,83
240,62,258,361
240,62,258,84
240,62,171,84
240,62,171,386
240,62,171,85
240,62,172,360
240,62,172,85
240,62,259,81,389
240,62,259,81
240,62,259,84
240,62,173,385
240,62,260,82
240,62,174,361
240,62,261,83
240,62,175,386
240,65,172,360
240,65,172,85
240,65,259,81,389
240,65,259,81
240,65,259,84
240,65,173,385
240,65,260,82
240,65,174,361
240,65,261,83
240,65,175,386
240,344,171,359
240,344,172,360
240,344,259,81,389
240,344,259,81
240,344,173,385
240,344,260,82
240,344,174,361
240,66,259,81,389
240,66,259,81
240,66,259,84
240,66,173,385
240,66,260,82
240,66,174,361
240,66,261,83
240,66,175,386
240,345,172,360
240,345,259,81,389
240,345,259,81
240,345,173,385
240,345,260,82
240,345,174,361
240,67,172,360
240,67,172,85
240,67,259,81,389
240,67,259,81
240,67,259,84
240,67,173,385
240,67,260,82
240,67,174,361
240,67,261,83
240,67,175,386
240,346,171,359
240,346,172,360
240,346,259,81,389
240,346,259,81
240,346,173,385
240,346,260,82
240,346,174,361
240,68,259,81,389
240,68,259,81
240,68,259,84
240,68,173,385
240,68,260,82
240,68,174,361
240,68,261,83
240,68,175,386
240,69,260,82
240,69,174,361
240,69,261,83
240,69,175,386
240,347,260,82
240,347,174,361
58,247,73,265
58,247,73,179
58,247,73,266
58,247,73,180
58,247,73,267
58,247,73,268
58,247,73,181
58,247,73,269
58,247,352,178
58,247,352,265
58,247,352,179
58,247,352,266
58,247,352,180
58,247,352,267
58,247,74,266
58,247,74,180
58,247,74,267
58,247,74,268
58,247,74,181
58,247,74,269
58,247,353,179
58,247,353,266
58,247,353,180
58,247,353,267
58,247,75,267
58,247,75,268
58,247,75,181
58,247,75,269
58,247,354,180
58,247,354,267
58,247,76,265
58,247,76,268
58,247,76,181
58,247,76,269
58,247,355,178
58,247,77,266
58,247,77,269
58,247,356,179
58,247,78,267
58,247,357,180
58,247,79,268
58,249,76,265
58,249,76,268
58,249,76,181
58,249,76,269
58,249,355,178
58,249,77,266
58,249,77,269
58,249,356,179
58,249,78,267
58,249,357,180
58,249,79,268
58,163,356,179
58,163,356,181
58,163,78,267
58,163,357,180
58,163,79,268
58,163,358,181
58,250,77,266
58,250,77,269
58,250,356,179
58,250,78,267
58,250,357,180
58,250,79,268
58,164,357,180
58,164,79,268
58,164,358,181
58,251,76,265
58,251,76,268
58,251,76,181
58,251,76,269
58,251,355,178
58,251,77,266
58,251,77,269
58,251,356,179
58,251,78,267
58,251,357,180
58,251,79,268
58,165,356,179
58,165,356,181
58,165,78,267
58,165,357,180
58,165,79,268
58,165,358,181
58,252,77,266
58,252,77,269
58,252,356,179
58,252,78,267
58,252,357,180
58,252,79,268
58,166,357,180
58,166,79,268
58,166,358,181
58,253,78,267
58,253,357,180
58,253,79,268
58,167,358,181
58,254,79,268
58,168,358,181
154,342,168,356,389
154,342,168,360
154,342,168,82
154,342,168,385
154,342,168,83
154,342,168,361
154,342,168,84
154,342,168,386
154,342,168,85
154,342,168,387
154,342,255,77,389
154,342,255,81,389
154,342,255,81
154,342,255,360
154,342,255,82
154,342,255,385
154,342,255,83
154,342,255,361
154,342,255,84
154,342,169,83
154,342,169,361
154,342,169,84
154,342,169,386
154,342,169,85
154,342,169,387
154,342,256,82
154,342,256,385
154,342,256,83
154,342,256,361
154,342,256,84
154,342,257,81,389
154,342,257,81
154,342,257,360
154,342,257,82
154,342,257,385
154,342,257,83
154,342,257,361
154,342,257,84
154,342,170,83
154,342,170,361
154,342,170,84
154,342,170,386
154,342,170,85
154,342,170,387
154,342,258,82
154,342,258,385
154,342,258,83
154,342,258,361
154,342,258,84
154,342,171,84
154,342,171,386
154,342,171,85
154,342,171,387
154,342,172,360
154,342,172,85
154,342,172,387
154,342,259,81,389
154,342,259,81
154,342,259,84
154,342,173,385
154,342,173,387
154,342,260,82
154,342,174,361
154,342,261,83
154,342,175,386
154,342,262,84
154,345,172,360
154,345,172,85
154,345,172,387
154,345,259,81,389
154,345,259,81
154,345,259,84
154,345,173,385
154,345,173,387
154,345,260,82
154,345,174,361
154,345,261,83
154,345,175,386
154,345,262,84
154,67,260,82
154,67,260,85
154,67,260,387
154,67,174,361
154,67,174,362
154,67,174,87,398,405,409
154,67,174,87,398,405
154,67,174,87,398
154,67,174,87
154,67,261,83
154,67,175,386
154,67,262,84
154,67,263,85
154,67,177,362
154,346,260,82
154,346,174,361
154,346,261,83
154,346,175,386
154,346,262,84
154,68,261,83
154,68,175,386
154,68,262,84
154,68,263,85
154,68,177,362
154,69,260,82
154,69,260,85
154,69,260,387
154,69,174,361
154,69,174,362
154,69,174,87,398,405,409
154,69,174,87,398,405
154,69,174,87,398
154,69,174,87
154,69,261,83
154,69,175,386
154,69,262,84
154,69,263,85
154,69,177,362
154,347,260,82
154,347,174,361
154,347,261,83
154,347,175,386
154,347,262,84
154,348,261,83
154,348,175,386
154,348,262,84
154,70,262,84
154,70,263,85
154,70,177,362
154,349,262,84
154,71,263,85
154,71,177,362
241,63,257,79,389
241,63,257,81,389
241,63,257,81
241,63,257,360
241,63,257,82
241,63,257,385
241,63,257,83
241,63,257,361
241,63,257,84
241,63,257,386
241,63,257,85
241,63,170,83
241,63,170,361
241,63,170,84
241,63,170,386
241,63,170,85
241,63,170,387
241,63,170,86
241,63,258,82
241,63,258,385
241,63,258,83
241,63,258,361
241,63,258,84
241,63,258,386
241,63,258,85
241,63,171,84
241,63,171,386
241,63,171,85
241,63,171,387
241,63,171,86
241,63,172,85
241,63,172,387
241,63,172,86
241,63,259,81,389
241,63,259,81
241,63,259,84
241,63,259,386
241,63,259,85
241,63,173,385
241,63,173,387
241,63,173,86
241,63,260,82
241,63,260,85
241,63,174,361
241,63,261,83
241,63,175,386
241,63,262,84
241,63,176,387
241,66,259,81,389
241,66,259,81
241,66,259,84
241,66,259,386
241,66,259,85
241,66,173,385
241,66,173,387
241,66,173,86
241,66,260,82
241,66,260,85
241,66,174,361
241,66,261,83
241,66,175,386
241,66,262,84
241,66,176,387
241,345,172,360
241,345,259,81,389
241,345,259,81
241,345,173,385
241,345,260,82
241,345,174,361
241,345,261,83
241,345,175,386
241,67,260,82
241,67,260,85
241,67,174,361
241,67,261,83
241,67,175,386
241,67,262,84
241,67,176,387
241,346,260,82
241,346,174,361
241,346,261,83
241,346,175,386
241,68,259,81,389
241,68,259,81
241,68,259,84
241,68,259,386
241,68,259,85
241,68,173,385
241,68,173,387
241,68,173,86
241,68,260,82
241,68,260,85
241,68,174,361
241,68,261,83
241,68,175,386
241,68,262,84
241,68,176,387
241,69,260,82
241,69,260,85
241,69,174,361
241,69,261,83
241,69,175,386
241,69,262,84
241,69,176,387
241,347,260,82
241,347,174,361
241,347,261,83
241,347,175,386
241,348,261,83
241,348,175,386
241,70,262,84
241,70,176,387
336,159,72,266
336,159,72,180,395,411
336,159,72,180
336,159,72,267
336,159,72,268
336,159,72,181
336,159,72,269
336,159,72,182,395,411
336,159,72,182
336,159,351,179
336,159,351,266
336,159,351,180
336,159,351,267
336,159,351,268
336,159,351,181
336,159,73,267
336,159,73,268
336,159,73,181
336,159,73,269
336,159,73,182,395,411
336,159,73,182
336,159,352,180
336,159,352,267
336,159,352,268
336,159,352,181
336,159,74,266
336,159,74,180,395,411
336,159,74,180
336,159,74,267
336,159,74,268
336,159,74,181
336,159,74,269
336,159,74,182,395,411
336,159,74,182
336,159,353,179
336,159,353,266
336,159,353,180
336,159,353,267
336,159,353,268
336,159,353,181
336,159,75,267
336,159,75,268
336,159,75,181
336,159,75,269
336,159,75,182,395,411
336,159,75,182
336,159,354,180
336,159,354,267
336,159,354,268
336,159,354,181
336,159,76,268
336,159,76,181
336,159,76,269
336,159,76,182,395,411
336,159,76,182
336,159,355,268
336,159,355,181
336,159,77,266
336,159,77,269
336,159,77,182,395,411
336,159,77,182
336,159,356,179
336,159,356,181
336,159,78,267
336,159,357,180
336,159,79,268
336,159,80,269
336,249,76,265
336,249,76,268
336,249,76,181
336,249,355,178
336,249,77,266
336,249,356,179
336,249,78,267
336,249,357,180
336,249,79,268
336,163,356,179
336,163,356,181
336,163,78,267
336,163,357,180
336,163,79,268
336,163,80,269
336,250,77,266
336,250,356,179
336,250,78,267
336,250,357,180
336,250,79,268
336,164,357,180
336,164,79,268
336,164,80,269
336,251,76,265
336,251,76,268
336,251,76,181
336,251,355,178
336,251,77,266
336,251,356,179
336,251,78,267
336,251,357,180
336,251,79,268
336,165,356,179
336,165,356,181
336,165,78,267
336,165,357,180
336,165,79,268
336,165,80,269
336,252,77,266
336,252,356,179
336,252,78,267
336,252,357,180
336,252,79,268
336,166,357,180
336,166,79,268
336,166,80,269
336,253,78,267
336,253,357,180
336,253,79,268
336,167,80,269
336,254,79,268
155,343,169,83
155,343,169,361
155,343,169,84
155,343,169,386
155,343,169,85
155,343,169,387
155,343,169,86
155,343,169,362
155,343,256,82
155,343,256,385
155,343,256,83
155,343,256,361
155,343,256,84
155,343,256,386
155,343,256,85
155,343,257,83
155,343,257,361
155,343,257,84
155,343,257,386
155,343,257,85
155,343,170,83
155,343,170,361
155,343,170,84
155,343,170,386
155,343,170,85
155,343,170,387
155,343,170,86
155,343,170,362
155,343,258,82
155,343,258,385
155,343,258,83
155,343,258,361
155,343,258,84
155,343,258,386
155,343,258,85
155,343,171,84
155,343,171,386
155,343,171,85
155,343,171,387
155,343,171,86
155,343,171,362
155,343,172,85
155,343,172,387
155,343,172,86
155,343,172,362
155,343,259,84
155,343,259,386
155,343,259,85
155,343,173,387
155,343,173,86
155,343,173,362
155,343,260,82
155,343,260,85
155,343,174,361
155,343,174,362
155,343,261,83
155,343,175,386
155,343,262,84
155,343,176,387
155,343,263,85
155,346,260,82
155,346,260,85
155,346,174,361
155,346,174,362
155,346,261,83
155,346,175,386
155,346,262,84
155,346,176,387
155,346,263,85
155,68,261,83
155,68,261,86
155,68,261,362
155,68,175,386
155,68,175,388
155,68,175,88,401
155,68,175,88
155,68,262,84
155,68,176,387
155,68,263,85
155,68,264,86
155,68,178,388
155,69,262,84
155,69,176,387
155,69,263,85
155,69,264,86
155,69,178,388
155,347,260,82
155,347,260,85
155,347,174,361
155,347,174,362
155,347,261,83
155,347,175,386
155,347,262,84
155,347,176,387
155,347,263,85
155,348,261,83
155,348,175,386
155,348,262,84
155,348,176,387
155,348,263,85
155,70,262,84
155,70,176,387
155,70,263,85
155,70,264,86
155,70,178,388
155,349,262,84
155,349,176,387
155,349,263,85
155,71,263,85
155,71,264,86
155,71,178,388
155,350,176,387
155,350,263,85
155,72,264,86
155,72,178,388
242,64,258,82
242,64,258,385
242,64,258,83
242,64,258,361
242,64,258,84
242,64,258,386
242,64,258,85
242,64,258,387
242,64,258,86
242,64,171,84,398,405,409
242,64,171,84,398,405
242,64,171,84,398
242,64,171,84,400,407
242,64,171,84,400
242,64,171,84
242,64,171,386
242,64,171,85
242,64,171,387
242,64,171,86
242,64,171,362
242,64,171,87,398,405,409
242,64,171,87,398,405
242,64,171,87,398
242,64,171,87
242,64,172,85
242,64,172,387
242,64,172,86
242,64,172,362
242,64,172,87,398,405,409
242,64,172,87,398,405
242,64,172,87,398
242,64,172,87
242,64,259,84
242,64,259,386
242,64,259,85
242,64,259,387
242,64,259,86
242,64,173,387
242,64,173,86
242,64,173,362
242,64,173,87,398,405,409
242,64,173,87,398,405
242,64,173,87,398
242,64,173,87
242,64,260,82
242,64,260,85
242,64,260,387
242,64,260,86
242,64,174,361
242,64,174,362
242,64,174,87,398,405,409
242,64,174,87,398,405
242,64,174,87,398
242,64,174,87
242,64,261,83
242,64,261,86
242,64,175,386
242,64,262,84
242,64,176,387
242,64,263,85
242,64,177,362
242,67,260,82
242,67,260,85
242,67,260,387
242,67,260,86
242,67,174,361
242,67,174,362
242,67,174,87,398,405,409
242,67,174,87,398,405
242,67,174,87,398
242,67,174,87
242,67,261,83
242,67,261,86
242,67,175,386
242,67,262,84
242,67,176,387
242,67,263,85
242,67,177,362
242,346,260,82
242,346,174,361
242,346,261,83
242,346,175,386
242,346,262,84
242,346,176,387
242,68,261,83
242,68,261,86
242,68,175,386
242,68,262,84
242,68,176,387
242,68,263,85
242,68,177,362
242,69,260,82
242,69,260,85
242,69,260,387
242,69,260,86
242,69,174,361
242,69,174,362
242,69,174,87,398,405,409
242,69,174,87,398,405
242,69,174,87,398
242,69,174,87
242,69,261,83
242,69,261,86
242,69,175,386
242,69,262,84
242,69,176,387
242,69,263,85
242,69,177,362
242,347,260,82
242,347,174,361
242,347,261,83
242,347,175,386
242,347,262,84
242,347,176,387
242,348,261,83
242,348,175,386
242,348,262,84
242,348,176,387
242,70,262,84
242,70,176,387
242,70,263,85
242,70,177,362
242,349,262,84
242,349,176,387
242,71,263,85
242,71,177,362
242,350,176,387
337,160,73,262,394
337,160,73,267,394
337,160,73,267
337,160,73,268
337,160,73,181
337,160,73,269
337,160,73,182
337,160,73,183
337,160,352,180
337,160,352,267
337,160,352,268
337,160,352,181
337,160,352,269
337,160,352,182
337,160,74,263,394
337,160,74,268
337,160,74,181
337,160,74,269
337,160,74,182
337,160,74,183
337,160,353,176,394
337,160,353,268
337,160,353,181
337,160,353,269
337,160,353,182
337,160,75,264,394
337,160,75,267,394
337,160,75,267
337,160,75,268
337,160,75,181
337,160,75,269
337,160,75,182
337,160,75,183
337,160,354,177,394
337,160,354,180
337,160,354,267
337,160,354,268
337,160,354,181
337,160,354,269
337,160,354,182
337,160,76,265,394
337,160,76,268
337,160,76,181
337,160,76,269
337,160,76,182
337,160,76,183
337,160,355,178,394
337,160,355,268
337,160,355,181
337,160,355,269
337,160,355,182
337,160,77,269
337,160,77,182
337,160,77,183
337,160,356,179,394
337,160,356,181
337,160,356,269
337,160,356,182
337,160,78,267
337,160,78,183
337,160,357,180
337,160,357,182
337,160,79,268
337,160,80,269
337,160,358,181
337,250,77,266
337,250,77,269
337,250,77,182
337,250,356,179
337,250,78,267
337,250,357,180
337,250,79,268
337,250,80,269
337,164,357,180
337,164,357,182
337,164,79,268
337,164,80,269
337,164,358,181
337,251,78,267
337,251,357,180
337,251,79,268
337,251,80,269
337,165,80,269
337,165,358,181
337,252,77,266
337,252,77,269
337,252,77,182
337,252,356,179
337,252,78,267
337,252,357,180
337,252,79,268
337,252,80,269
337,166,357,180
337,166,357,182
337,166,79,268
337,166,80,269
337,166,358,181
337,253,78,267
337,253,357,180
337,253,79,268
337,253,80,269
337,167,80,269
337,167,358,181
337,254,79,268
337,254,80,269
337,168,358,181
337,255,80,269
59,248,75,264,394
59,248,75,264,395,411,416
59,248,75,264,395,411
59,248,75,267,394
59,248,75,267,395,411,416
59,248,75,267,395,411
59,248,75,267
59,248,75,268
59,248,75,181
59,248,75,269
59,248,75,182,395,411
59,248,75,182
59,248,75,183
59,248,354,177,394
59,248,354,177,395,411,416
59,248,354,177,395,411
59,248,354,180,395,411,416
59,248,354,180,395,411
59,248,354,180
59,248,354,267
59,248,354,268
59,248,354,181
59,248,354,269
59,248,354,182,395,411,416
59,248,354,182,395,411
59,248,354,182
59,248,76,265,394
59,248,76,265,395,411,416
59,248,76,265,395,411
59,248,76,268
59,248,76,181
59,248,76,269
59,248,76,182,395,411
59,248,76,182
59,248,76,183
59,248,355,178,394
59,248,355,178,395,411,416
59,248,355,178,395,411
59,248,355,268
59,248,355,181
59,248,355,269
59,248,355,182,395,411,416
59,248,355,182,395,411
59,248,355,182
59,248,77,266,394
59,248,77,266,395,411,416
59,248,77,266,395,411
59,248,77,269
59,248,77,182,395,411
59,248,77,182
59,248,77,183
59,248,356,179,394
59,248,356,179,395,411,416
59,248,356,179,395,411
59,248,356,181
59,248,356,269
59,248,356,182,395,411,416
59,248,356,182,395,411
59,248,356,182
59,248,78,267,394
59,248,78,267,395,411,416
59,248,78,267,395,411
59,248,78,267
59,248,78,183
59,248,357,180,395,411,416
59,248,357,180,395,411
59,248,357,180
59,248,357,182,395,411,416
59,248,357,182,395,411
59,248,357,182
59,248,79,268
59,248,80,269
59,248,358,181
59,248,359,182
59,251,73,267,394
59,251,73,267,395,411,416
59,251,73,267,395,411
59,251,78,267
59,251,78,183
59,251,357,180,395,411,416
59,251,357,180,395,411
59,251,357,180
59,251,357,182,395,411,416
59,251,357,182,395,411
59,251,357,182
59,251,79,268
59,251,80,269
59,251,358,181
59,251,359,182
59,165,80,269
59,165,80,184
59,165,80,270,396
59,165,80,270
59,165,358,181
59,165,359,182
59,165,360,183
59,165,82,270,396
59,165,82,270
59,252,79,268
59,252,80,269
59,252,358,181
59,252,359,182
59,166,358,181
59,166,359,182
59,166,360,183
59,166,82,270,396
59,166,82,270
59,253,78,267
59,253,78,183
59,253,357,180,395,411,416
59,253,357,180,395,411
59,253,357,180
59,253,357,182,395,411,416
59,253,357,182,395,411
59,253,357,182
59,253,79,268
59,253,80,269
59,253,358,181
59,253,359,182
59,167,80,269
59,167,80,184
59,167,80,270,396
59,167,80,270
59,167,358,181
59,167,359,182
59,167,360,183
59,167,82,270,396
59,167,82,270
59,254,79,268
59,254,80,269
59,254,358,181
59,254,359,182
59,168,358,181
59,168,359,182
59,168,360,183
59,168,82,270,396
59,168,82,270
59,255,80,269
59,255,358,181
59,255,359,182
59,169,359,182
59,169,360,183
59,169,82,270,396
59,169,82,270
59,256,359,182
156,344,257,83
156,344,257,361
156,344,257,84
156,344,257,386
156,344,257,85
156,344,257,387
156,344,257,86
156,344,170,85
156,344,170,387
156,344,170,86
156,344,170,362
156,344,170,87,398,405,409
156,344,170,87,398,405
156,344,170,87,398
156,344,170,87
156,344,170,388
156,344,258,84
156,344,258,386
156,344,258,85
156,344,258,387
156,344,258,86
156,344,171,84,398,405,409
156,344,171,84,398,405
156,344,171,84,398
156,344,171,84,400,407
156,344,171,84,400
156,344,171,84
156,344,171,386,390,404
156,344,171,386
156,344,171,85
156,344,171,387
156,344,171,86
156,344,171,362
156,344,171,87,398,405,409
156,344,171,87,398,405
156,344,171,87,398
156,344,171,87
156,344,171,388
156,344,172,85
156,344,172,387
156,344,172,86
156,344,172,362
156,344,172,87,398,405,409
156,344,172,87,398,405
156,344,172,87,398
156,344,172,87
156,344,172,388
156,344,259,84
156,344,259,386
156,344,259,85
156,344,259,387
156,344,259,86
156,344,173,387
156,344,173,86
156,344,173,362
156,344,173,87,398,405,409
156,344,173,87,398,405
156,344,173,87,398
156,344,173,87
156,344,173,388
156,344,260,85
156,344,260,387
156,344,260,86
156,344,174,362
156,344,174,87,398,405,409
156,344,174,87,398,405
156,344,174,87,398
156,344,174,87
156,344,174,388
156,344,261,83
156,344,261,86
156,344,175,386
156,344,175,388
156,344,262,84
156,344,176,387
156,344,263,85
156,344,177,362
156,344,264,86
156,69,258,84,398,405,409
156,69,258,84,398,405
156,69,258,84,398
156,69,258,84,400,407
156,69,258,84,400
156,69,262,84
156,69,262,87,398,405,409
156,69,262,87,398,405
156,69,262,87,398
156,69,262,87
156,69,262,388
156,69,176,387
156,69,176,363,400,407
156,69,176,363,400
156,69,176,363
156,69,176,89
156,69,263,85
156,69,177,362
156,69,264,86
156,69,265,87,398,405
156,69,265,87,398
156,69,265,87
156,69,179,363,400
156,69,179,363
156,347,262,84
156,347,176,387
156,347,263,85
156,347,177,362
156,347,264,86
156,348,171,84,398,405,409
156,348,171,84,398,405
156,348,171,84,398
156,348,171,84,400,407
156,348,171,84,400
156,348,261,83
156,348,261,86
156,348,175,386
156,348,175,388
156,348,262,84
156,348,176,387
156,348,263,85
156,348,177,362
156,348,264,86
156,70,262,84
156,70,262,87,398,405,409
156,70,262,87,398,405
156,70,262,87,398
156,70,262,87
156,70,262,388
156,70,176,387
156,70,176,363,400,407
156,70,176,363,400
156,70,176,363
156,70,176,89
156,70,263,85
156,70,177,362
156,70,264,86
156,70,265,87,398,405
156,70,265,87,398
156,70,265,87
156,70,179,363,400
156,70,179,363
156,349,262,84
156,349,176,387
156,349,263,85
156,349,177,362
156,349,264,86
156,71,263,85
156,71,177,362
156,71,264,86
156,71,265,87,398,405
156,71,265,87,398
156,71,265,87
156,71,179,363,400
156,71,179,363
156,350,176,387
156,350,263,85
156,350,177,362
156,350,264,86
156,72,264,86
156,72,265,87,398,405
156,72,265,87,398
156,72,265,87
156,72,179,363,400
156,72,179,363
156,351,177,362
156,351,264,86
156,73,265,87,398,405
156,73,265,87,398
156,73,265,87
156,73,179,363,400
156,73,179,363
243,65,172,360,398
243,65,172,85,401
243,65,172,85,402,412
243,65,172,85,402
243,65,172,85
243,65,172,387
243,65,172,86
243,65,172,362
243,65,172,87
243,65,172,388
243,65,172,88,401
243,65,172,88
243,65,259,81,398
243,65,259,84,398
243,65,259,84
243,65,259,386
243,65,259,85
243,65,259,387
243,65,259,86
243,65,259,362
243,65,259,87
243,65,173,387
243,65,173,86
243,65,173,362
243,65,173,87
243,65,173,388
243,65,173,88,401
243,65,173,88
243,65,260,82,398
243,65,260,85
243,65,260,387
243,65,260,86
243,65,260,362
243,65,260,87
243,65,174,362
243,65,174,87
243,65,174,388
243,65,174,88,401
243,65,174,88
243,65,261,83,398
243,65,261,83
243,65,261,86
243,65,261,362
243,65,261,87
243,65,175,386,390,404
243,65,175,386
243,65,175,388
243,65,175,88,401
243,65,175,88
243,65,262,84,398
243,65,262,84
243,65,262,87
243,65,176,387
243,65,263,85
243,65,177,362
243,65,264,86
243,65,178,388
243,68,257,83,398
243,68,257,84,398
243,68,261,83
243,68,261,86
243,68,261,362
243,68,261,87
243,68,175,386
243,68,175,388
243,68,175,88,401
243,68,175,88
243,68,262,84
243,68,262,87
243,68,176,387
243,68,263,85
243,68,177,362
243,68,264,86
243,68,178,388
243,69,258,84,398
243,69,262,84
243,69,262,87
243,69,176,387
243,69,263,85
243,69,177,362
243,69,264,86
243,69,178,388
243,347,262,84
243,347,176,387
243,347,263,85
243,347,177,362
243,348,261,83
243,348,175,386
243,348,262,84
243,348,176,387
243,348,263,85
243,348,177,362
243,70,262,84
243,70,262,87
243,70,176,387
243,70,263,85
243,70,177,362
243,70,264,86
243,70,178,388
243,349,262,84
243,349,176,387
243,349,263,85
243,349,177,362
243,71,263,85
243,71,177,362
243,71,264,86
243,71,178,388
243,350,176,387
243,350,263,85
243,350,177,362
243,72,264,86
243,72,178,388
243,351,177,362
338,161,74,263,394
338,161,74,263,395,411,416
338,161,74,263,395,411
338,161,74,263,397
338,161,74,268,397
338,161,74,268
338,161,74,181,403
338,161,74,181
338,161,74,269
338,161,74,182,395,411
338,161,74,182
338,161,74,183
338,161,353,176,394
338,161,353,176,395,411,416
338,161,353,176,395,411
338,161,353,268
338,161,353,181
338,161,353,269
338,161,353,182,395,411,416
338,161,353,182,395,411
338,161,353,182
338,161,75,264,394
338,161,75,264,395,411,416
338,161,75,264,395,411
338,161,75,264,397
338,161,75,269
338,161,75,182,395,411
338,161,75,182
338,161,75,183
338,161,354,177,394
338,161,354,177,395,411,416
338,161,354,177,395,411
338,161,354,177,397
338,161,354,181
338,161,354,269
338,161,354,182,395,411,416
338,161,354,182,395,411
338,161,354,182
338,161,76,265,394
338,161,76,265,395,411,416
338,161,76,265,395,411
338,161,76,265,397
338,161,76,268,397
338,161,76,268
338,161,76,181,403
338,161,76,181
338,161,76,269
338,161,76,182,395,411
338,161,76,182
338,161,76,183
338,161,355,178,394
338,161,355,178,395,411,416
338,161,355,178,395,411
338,161,355,178,397
338,161,355,268
338,161,355,181
338,161,355,269
338,161,355,182,395,411,416
338,161,355,182,395,411
338,161,355,182
338,161,77,266,397
338,161,77,269
338,161,77,182,395,411
338,161,77,182
338,161,77,183
338,161,356,179,394
338,161,356,179,395,411,416
338,161,356,179,395,411
338,161,356,179,397
338,161,356,181
338,161,356,269
338,161,356,182,395,411,416
338,161,356,182,395,411
338,161,356,182
338,161,78,183
338,161,357,180,395,411,416
338,161,357,180,395,411
338,161,357,180,397
338,161,357,182,395,411,416
338,161,357,182,395,411
338,161,357,182
338,161,79,268
338,161,80,269
338,161,358,181
338,161,359,182
338,251,73,267,394
338,251,73,267,395,411,416
338,251,73,267,395,411
338,251,78,267
338,251,78,183
338,251,357,180
338,251,79,268
338,251,80,269
338,251,358,181
338,165,80,269
338,165,358,181
338,165,359,182
338,252,79,268
338,252,80,269
338,252,358,181
338,166,358,181
338,166,359,182
338,253,78,267
338,253,78,183
338,253,357,180
338,253,79,268
338,253,80,269
338,253,358,181
338,167,80,269
338,167,358,181
338,167,359,182
338,254,79,268
338,254,80,269
338,254,358,181
338,168,358,181
338,168,359,182
338,255,80,269
338,255,358,181
338,169,359,182
60,249,76,265,394
60,249,76,265,395,411,416
60,249,76,265,395,411
60,249,76,265,397
60,249,76,268,397
60,249,76,268
60,249,76,181,403
60,249,76,181
60,249,76,269
60,249,76,182,395,411
60,249,76,182
60,249,76,183
60,249,76,184
60,249,76,270
60,249,355,178,394
60,249,355,178,395,411,416
60,249,355,178,395,411
60,249,355,178,397
60,249,355,268
60,249,355,181
60,249,355,269
60,249,355,182,395,411,416
60,249,355,182,395,411
60,249,355,182
60,249,355,183
60,249,77,266,394
60,249,77,266,395,411,416
60,249,77,266,395,411
60,249,77,266,397
60,249,77,269
60,249,77,182,395,411
60,249,77,182
60,249,77,183
60,249,77,184
60,249,77,270
60,249,356,179,394
60,249,356,179,395,411,416
60,249,356,179,395,411
60,249,356,179,397
60,249,356,181
60,249,356,269
60,249,356,182,395,411,416
60,249,356,182,395,411
60,249,356,182
60,249,356,183
60,249,78,267,394
60,249,78,267,395,411,416
60,249,78,267,395,411
60,249,78,267,397
60,249,78,183
60,249,78,184
60,249,78,270
60,249,357,180,395,411,416
60,249,357,180,395,411
60,249,357,180,397
60,249,357,182,395,411,416
60,249,357,182,395,411
60,249,357,182
60,249,357,183
60,249,79,268,397
60,249,79,268
60,249,79,184
60,249,79,270
60,249,80,269
60,249,80,184
60,249,80,270
60,249,358,181
60,249,359,182
60,249,360,183
60,252,74,268,397
60,252,74,181,403
60,252,79,268
60,252,79,184
60,252,79,270
60,252,80,269
60,252,80,184
60,252,80,270
60,252,358,181
60,252,359,182
60,252,360,183
60,166,354,181,403
60,166,358,181,403
60,166,358,181
60,166,359,182
60,166,360,183
60,166,83,271,403
60,166,83,271
60,253,80,269
60,253,80,184
60,253,80,270
60,253,358,181
60,253,359,182
60,253,360,183
60,167,359,182
60,167,360,183
60,167,83,271,403
60,167,83,271
60,254,79,268
60,254,79,184
60,254,79,270
60,254,80,269
60,254,80,184
60,254,80,270
60,254,358,181
60,254,359,182
60,254,360,183
60,168,356,181,403
60,168,358,181,403
60,168,358,181
60,168,359,182
60,168,360,183
60,168,83,271,403
60,168,83,271
60,255,80,269
60,255,80,184
60,255,80,270
60,255,358,181
60,255,359,182
60,255,360,183
60,169,359,182
60,169,360,183
60,169,83,271,403
60,169,83,271
60,256,359,182
60,256,360,183
60,257,360,183
60,170,83,271,403
60,170,83,271
157,345,170,358,398,405,409
157,345,170,358,398,405
157,345,170,358,398
157,345,170,358,400
157,345,170,85,401
157,345,170,85,402,412
157,345,170,85,402
157,345,170,85
157,345,170,387
157,345,170,86
157,345,170,362
157,345,170,87,398,405,409
157,345,170,87,398,405
157,345,170,87,398
157,345,170,87
157,345,170,388
157,345,170,88,401
157,345,170,88
157,345,170,363
157,345,258,80,398,405,409
157,345,258,80,398,405
157,345,258,80,398
157,345,258,80,400
157,345,258,84,398,405,409
157,345,258,84,398,405
157,345,258,84,398
157,345,258,84,400
157,345,258,84
157,345,258,386
157,345,258,85
157,345,258,387
157,345,258,86
157,345,258,362
157,345,258,87,398,405,409
157,345,258,87,398,405
157,345,258,87,398
157,345,258,87
157,345,171,359,398,405,409
157,345,171,359,398,405
157,345,171,359,398
157,345,171,359,400
157,345,171,86
157,345,171,362
157,345,171,87,398,405,409
157,345,171,87,398,405
157,345,171,87,398
157,345,171,87
157,345,171,388
157,345,171,88,401
157,345,171,88
157,345,171,363
157,345,172,360,398,405,409
157,345,172,360,398,405
157,345,172,360,398
157,345,172,360,400
157,345,172,85,401
157,345,172,85,402,412
157,345,172,85,402
157,345,172,85
157,345,172,387
157,345,172,86
157,345,172,362
157,345,172,87,398,405,409
157,345,172,87,398,405
157,345,172,87,398
157,345,172,87
157,345,172,388
157,345,172,88,401
157,345,172,88
157,345,172,363
157,345,259,81,398,405,409
157,345,259,81,398,405
157,345,259,81,398
157,345,259,81,400
157,345,259,84,398,405,409
157,345,259,84,398,405
157,345,259,84,398
157,345,259,84,400
157,345,259,84
157,345,259,386
157,345,259,85
157,345,259,387
157,345,259,86
157,345,259,362
157,345,259,87,398,405,409
157,345,259,87,398,405
157,345,259,87,398
157,345,259,87
157,345,173,387
157,345,173,86
157,345,173,362
157,345,173,87,398,405,409
157,345,173,87,398,405
157,345,173,87,398
157,345,173,87
157,345,173,388
157,345,173,88,401
157,345,173,88
157,345,173,363
157,345,260,82,398,405,409
157,345,260,82,398,405
157,345,260,82,398
157,345,260,82,400
157,345,260,85
157,345,260,387
157,345,260,86
157,345,260,362
157,345,260,87,398,405,409
157,345,260,87,398,405
157,345,260,87,398
157,345,260,87
157,345,174,361,398,405,409
157,345,174,361,398,405
157,345,174,361,398
157,345,174,362
157,345,174,87,398,405,409
157,345,174,87,398,405
157,345,174,87,398
157,345,174,87
157,345,174,388
157,345,174,88,401
157,345,174,88
157,345,174,363
157,345,261,86
157,345,261,362
157,345,261,87,398,405,409
157,345,261,87,398,405
157,345,261,87,398
157,345,261,87
157,345,175,388
157,345,175,88,401
157,345,175,88
157,345,175,363
157,345,262,84
157,345,262,87,398,405,409
157,345,262,87,398,405
157,345,262,87,398
157,345,262,87
157,345,176,387
157,345,176,363
157,345,263,85
157,345,177,362
157,345,264,86
157,345,178,388
157,345,265,87,398,405
157,345,265,87,398
157,345,265,87
157,347,170,85,401
157,347,170,85,402,412
157,347,170,85,402
157,347,262,84
157,347,262,87,398,405,409
157,347,262,87,398,405
157,347,262,87,398
157,347,262,87
157,347,176,387
157,347,176,363
157,347,263,85
157,347,177,362
157,347,264,86
157,347,178,388
157,347,265,87,398,405
157,347,265,87,398
157,347,265,87
157,348,263,85
157,348,177,362
157,348,264,86
157,348,178,388
157,348,265,87,398,405
157,348,265,87,398
157,348,265,87
157,70,264,86
157,70,178,388
157,70,265,87,398,405
157,70,265,87,398
157,70,265,87
157,70,266,88,401
157,70,266,88
157,70,180,364,402
157,70,180,364
157,349,172,85,401
157,349,172,85,402,412
157,349,172,85,402
157,349,262,84
157,349,262,87,398,405,409
157,349,262,87,398,405
157,349,262,87,398
157,349,262,87
157,349,176,387
157,349,176,363
157,349,263,85
157,349,177,362
157,349,264,86
157,349,178,388
157,349,265,87,398,405
157,349,265,87,398
157,349,265,87
157,71,263,85
157,71,263,88,401
157,71,263,88
157,71,263,363
157,71,177,362
157,71,177,364,402,412
157,71,177,364,402
157,71,177,364
157,71,177,90,413
157,71,177,90
157,71,264,86
157,71,178,388
157,71,265,87,398,405
157,71,265,87,398
157,71,265,87
157,71,266,88,401
157,71,266,88
157,71,180,364,402
157,71,180,364
157,350,176,387
157,350,176,363
157,350,263,85
157,350,177,362
157,350,264,86
157,350,178,388
157,350,265,87,398,405
157,350,265,87,398
157,350,265,87
157,72,264,86
157,72,178,388
157,72,265,87,398,405
157,72,265,87,398
157,72,265,87
157,72,266,88,401
157,72,266,88
157,72,180,364,402
157,72,180,364
157,351,177,362
157,351,264,86
157,351,178,388
157,351,265,87,398,405
157,351,265,87,398
157,351,265,87
157,73,265,87,398,405
157,73,265,87,398
157,73,265,87
157,73,266,88,401
157,73,266,88
157,73,180,364,402
157,73,180,364
157,352,178,388
157,352,265,87,398,405
157,352,265,87,398
157,352,265,87
157,74,266,88,401
157,74,266,88
157,74,180,364,402
157,74,180,364
244,66,259,81,398,405,409
244,66,259,81,398,405
244,66,259,81,398
244,66,259,81,400,407
244,66,259,81,400
244,66,259,81,401
244,66,259,84,398,405,409
244,66,259,84,398,405
244,66,259,84,398
244,66,259,84,400,407
244,66,259,84,400
244,66,259,84,401
244,66,259,84
244,66,259,386,390,404
244,66,259,386
244,66,259,85,401
244,66,259,85
244,66,259,387
244,66,259,86
244,66,259,362
244,66,259,87,398,405,409
244,66,259,87,398,405
244,66,259,87,398
244,66,259,87
244,66,259,388
244,66,259,88
244,66,173,387
244,66,173,86
244,66,173,362
244,66,173,87,398,405,409
244,66,173,87,398,405
244,66,173,87,398
244,66,173,87
244,66,173,388
244,66,173,88
244,66,173,363,400,407
244,66,173,363,400
244,66,173,363
244,66,173,89
244,66,260,82,398,405,409
244,66,260,82,398,405
244,66,260,82,398
244,66,260,82,400,407
244,66,260,82,400
244,66,260,82,401
244,66,260,85,401
244,66,260,85
244,66,260,387
244,66,260,86
244,66,260,362
244,66,260,87,398,405,409
244,66,260,87,398,405
244,66,260,87,398
244,66,260,87
244,66,260,388
244,66,260,88
244,66,174,361,398,405,409
244,66,174,361,398,405
244,66,174,361,398
244,66,174,361,400,407
244,66,174,361,400
244,66,174,362
244,66,174,87,398,405,409
244,66,174,87,398,405
244,66,174,87,398
244,66,174,87
244,66,174,388
244,66,174,88
244,66,174,363,400,407
244,66,174,363,400
244,66,174,363
244,66,174,89
244,66,261,83,398,405,409
244,66,261,83,398,405
244,66,261,83,398
244,66,261,83,400,407
244,66,261,83,400
244,66,261,83,401
244,66,261,86
244,66,261,362
244,66,261,87,398,405,409
244,66,261,87,398,405
244,66,261,87,398
244,66,261,87
244,66,261,388
244,66,261,88
244,66,175,386,390,404
244,66,175,388
244,66,175,88
244,66,175,363,400,407
244,66,175,363,400
244,66,175,363
244,66,175,89
244,66,262,84,398,405,409
244,66,262,84,398,405
244,66,262,84,398
244,66,262,84,400,407
244,66,262,84,400
244,66,262,84,401
244,66,262,84
244,66,262,87,398,405,409
244,66,262,87,398,405
244,66,262,87,398
244,66,262,87
244,66,262,388
244,66,262,88
244,66,176,387
244,66,176,363,400,407
244,66,176,363,400
244,66,176,363
244,66,176,89
244,66,263,85,401
244,66,263,85
244,66,263,88
244,66,177,362
244,66,264,86
244,66,178,388
244,66,265,87,398,405
244,66,265,87,398
244,66,265,87
244,66,179,363,400
244,66,179,363
244,69,258,84,398,405,409
244,69,258,84,398,405
244,69,258,84,398
244,69,258,84,400,407
244,69,258,84,400
244,69,258,84,401
244,69,258,85,401
244,69,262,84
244,69,262,87,398,405,409
244,69,262,87,398,405
244,69,262,87,398
244,69,262,87
244,69,262,388
244,69,262,88
244,69,176,387
244,69,176,363,400,407
244,69,176,363,400
244,69,176,363
244,69,176,89
244,69,263,85
244,69,263,88
244,69,177,362
244,69,264,86
244,69,178,388
244,69,265,87,398,405
244,69,265,87,398
244,69,265,87
244,69,179,363,400
244,69,179,363
244,347,262,84
244,347,176,387
244,347,263,85
244,347,177,362
244,347,264,86
244,347,178,388
244,348,263,85
244,348,177,362
244,348,264,86
244,348,178,388
244,70,262,84
244,70,262,87,398,405,409
244,70,262,87,398,405
244,70,262,87,398
244,70,262,87
244,70,262,388
244,70,262,88
244,70,176,387
244,70,176,363,400,407
244,70,176,363,400
244,70,176,363
244,70,176,89
244,70,263,85
244,70,263,88
244,70,177,362
244,70,264,86
244,70,178,388
244,70,265,87,398,405
244,70,265,87,398
244,70,265,87
244,70,179,363,400
244,70,179,363
244,349,262,84
244,349,176,387
244,349,263,85
244,349,177,362
244,349,264,86
244,349,178,388
244,71,263,85
244,71,263,88
244,71,177,362
244,71,264,86
244,71,178,388
244,71,265,87,398,405
244,71,265,87,398
244,71,265,87
244,71,179,363,400
244,71,179,363
244,350,176,387
244,350,263,85
244,350,177,362
244,350,264,86
244,350,178,388
244,72,264,86
244,72,178,388
244,72,265,87,398,405
244,72,265,87,398
244,72,265,87
244,72,179,363,400
244,72,179,363
244,351,177,362
244,351,264,86
244,351,178,388
244,73,265,87,398,405
244,73,265,87,398
244,73,265,87
244,73,179,363,400
244,73,179,363
244,352,178,388
339,162,353,176,394
339,162,353,176,395,411,416
339,162,353,176,395,411
339,162,353,268,397
339,162,353,268
339,162,353,181
339,162,353,269
339,162,353,182,395,411,416
339,162,353,182,395,411
339,162,353,182
339,162,353,183
339,162,75,264,394
339,162,75,264,395,411,416
339,162,75,264,395,411
339,162,75,264,397
339,162,75,269
339,162,75,182,395,411
339,162,75,182
339,162,75,183
339,162,75,184
339,162,75,270,396
339,162,75,270
339,162,354,177,394
339,162,354,177,395,411,416
339,162,354,177,395,411
339,162,354,177,397
339,162,354,181
339,162,354,269
339,162,354,182,395,411,416
339,162,354,182,395,411
339,162,354,182
339,162,354,183
339,162,76,265,394
339,162,76,265,395,411,416
339,162,76,265,395,411
339,162,76,265,397
339,162,76,183
339,162,76,184
339,162,76,270,396
339,162,76,270
339,162,355,178,394
339,162,355,178,395,411,416
339,162,355,178,395,411
339,162,355,178,397
339,162,355,268,397
339,162,355,268
339,162,355,181
339,162,355,269
339,162,355,182,395,411,416
339,162,355,182,395,411
339,162,355,182
339,162,355,183
339,162,77,266,397
339,162,77,269
339,162,77,182,395,411
339,162,77,182
339,162,77,183
339,162,77,184
339,162,77,270,396
339,162,77,270
339,162,356,179,394
339,162,356,179,395,411,416
339,162,356,179,395,411
339,162,356,179,397
339,162,356,181
339,162,356,269
339,162,356,182,395,411,416
339,162,356,182,395,411
339,162,356,182
339,162,356,183
339,162,78,183
339,162,78,184
339,162,78,270,396
339,162,78,270
339,162,357,180,395,411,416
339,162,357,180,395,411
339,162,357,180,397
339,162,357,182,395,411,416
339,162,357,182,395,411
339,162,357,182
339,162,357,183
339,162,79,184
339,162,79,270,396
339,162,79,270
339,162,80,269
339,162,80,184
339,162,80,270,396
339,162,80,270
339,162,358,181
339,162,359,182
339,162,360,183
339,162,82,270,396
339,162,82,270
339,165,353,268,397
339,165,80,269
339,165,80,184
339,165,80,270,396
339,165,80,270
339,165,358,181
339,165,359,182
339,165,360,183
339,165,82,270,396
339,165,82,270
339,252,74,268,397
339,252,79,268
339,252,80,269
339,252,358,181
339,252,359,182
339,166,358,181
339,166,359,182
339,166,360,183
339,166,82,270,396
339,166,82,270
339,253,80,269
339,253,358,181
339,253,359,182
339,167,355,268,397
339,167,80,269
339,167,80,184
339,167,80,270,396
339,167,80,270
339,167,358,181
339,167,359,182
339,167,360,183
339,167,82,270,396
339,167,82,270
339,254,79,268
339,254,80,269
339,254,358,181
339,254,359,182
339,168,358,181
339,168,359,182
339,168,360,183
339,168,82,270,396
339,168,82,270
339,255,80,269
339,255,358,181
339,255,359,182
339,169,359,182
339,169,360,183
339,169,82,270,396
339,169,82,270
339,256,359,182
61,250,77,266,394
61,250,77,266,395,411,416
61,250,77,266,395,411
61,250,77,266,397
61,250,77,266,403
61,250,77,269,403
61,250,77,269
61,250,77,182,395,411
61,250,77,182,408
61,250,77,182
61,250,77,183
61,250,77,184
61,250,77,270,396
61,250,77,270
61,250,77,271
61,250,356,179,394
61,250,356,179,395,411,416
61,250,356,179,395,411
61,250,356,179,397
61,250,356,181
61,250,356,269
61,250,356,182,395,411,416
61,250,356,182,395,411
61,250,356,182
61,250,356,183
61,250,78,267,394
61,250,78,267,395,411,416
61,250,78,267,395,411
61,250,78,267,397
61,250,78,267,403
61,250,78,183
61,250,78,184
61,250,78,270,396
61,250,78,270
61,250,78,271
61,250,357,180,395,411,416
61,250,357,180,395,411
61,250,357,180,397
61,250,357,182,395,411,416
61,250,357,182,395,411
61,250,357,182
61,250,357,183
61,250,79,268,397
61,250,79,268,403
61,250,79,184
61,250,79,270,396
61,250,79,270
61,250,79,271
61,250,80,269,403
61,250,80,269
61,250,80,184
61,250,80,270,396
61,250,80,270
61,250,80,271
61,250,358,181
61,250,359,182
61,250,360,183
61,250,82,270,396
61,250,82,270
61,253,75,269,403
61,253,75,182,408
61,253,80,269
61,253,80,184
61,253,80,270,396
61,253,80,270
61,253,80,271
61,253,358,181
61,253,359,182
61,253,360,183
61,253,82,270,396
61,253,82,270
61,167,355,182,408
61,167,359,182,408
61,167,359,182
61,167,81,272,408
61,167,81,272
61,167,360,183
61,167,82,270,396
61,167,82,270
61,167,361,184
61,167,84,272,408
61,167,84,272
61,254,359,182
61,254,360,183
61,254,82,270,396
61,254,82,270
61,168,360,183
61,168,82,270,396
61,168,82,270
61,168,361,184
61,168,84,272,408
61,168,84,272
61,255,80,269
61,255,80,184
61,255,80,270,396
61,255,80,270
61,255,80,271
61,255,358,181
61,255,359,182
61,255,360,183
61,255,82,270,396
61,255,82,270
61,169,357,182,408
61,169,359,182,408
61,169,359,182
61,169,81,272,408
61,169,81,272
61,169,360,183
61,169,82,270,396
61,169,82,270
61,169,361,184
61,169,84,272,408
61,169,84,272
61,256,359,182
61,256,360,183
61,256,82,270,396
61,256,82,270
61,257,360,183
61,257,82,270,396
61,257,82,270
61,170,361,184
61,170,84,272,408
61,170,84,272
61,258,82,270,396
61,258,82,270
61,171,84,272,408
61,171,84,272
158,346,171,359,398,405,409
158,346,171,359,398,405
158,346,171,359,398
158,346,171,359,400,407
158,346,171,359,400
158,346,171,359,401
158,346,171,359,402
158,346,171,86
158,346,171,362
158,346,171,87,398,405,409
158,346,171,87,398,405
158,346,171,87,398
158,346,171,87
158,346,171,388
158,346,171,88,401
158,346,171,88
158,346,171,363,400,407
158,346,171,363,400
158,346,171,363
158,346,171,89
158,346,171,364
158,346,172,360,398,405,409
158,346,172,360,398,405
158,346,172,360,398
158,346,172,360,400,407
158,346,172,360,400
158,346,172,360,401
158,346,172,360,402
158,346,172,87,398,405,409
158,346,172,87,398,405
158,346,172,87,398
158,346,172,87
158,346,172,388
158,346,172,88,401
158,346,172,88
158,346,172,363,400,407
158,346,172,363,400
158,346,172,363
158,346,172,89
158,346,172,364
158,346,259,81,398,405,409
158,346,259,81,398,405
158,346,259,81,398
158,346,259,81,400,407
158,346,259,81,400
158,346,259,81,401
158,346,259,81,402
158,346,259,86
158,346,259,362
158,346,259,87,398,405,409
158,346,259,87,398,405
158,346,259,87,398
158,346,259,87
158,346,259,388
158,346,259,88,401
158,346,259,88
158,346,173,388
158,346,173,88,401
158,346,173,88
158,346,173,363,400,407
158,346,173,363,400
158,346,173,363
158,346,173,89
158,346,173,364
158,346,260,82,398,405,409
158,346,260,82,398,405
158,346,260,82,398
158,346,260,82,400,407
158,346,260,82,400
158,346,260,82,401
158,346,260,82,402
158,346,260,85,401
158,346,260,85,402
158,346,260,85
158,346,260,387
158,346,260,86
158,346,260,362
158,346,260,87,398,405,409
158,346,260,87,398,405
158,346,260,87,398
158,346,260,87
158,346,260,388
158,346,260,88,401
158,346,260,88
158,346,174,361,398,405,409
158,346,174,361,398,405
158,346,174,361,398
158,346,174,361,400,407
158,346,174,361,400
158,346,174,361,401
158,346,174,362
158,346,174,87,398,405,409
158,346,174,87,398,405
158,346,174,87,398
158,346,174,87
158,346,174,388
158,346,174,88,401
158,346,174,88
158,346,174,363,400,407
158,346,174,363,400
158,346,174,363
158,346,174,89
158,346,174,364
158,346,261,83,401
158,346,261,83,402
158,346,261,86
158,346,261,362
158,346,261,87,398,405,409
158,346,261,87,398,405
158,346,261,87,398
158,346,261,87
158,346,261,388
158,346,261,88,401
158,346,261,88
158,346,175,388
158,346,175,88,401
158,346,175,88
158,346,175,363,400,407
158,346,175,363,400
158,346,175,363
158,346,175,89
158,346,175,364
158,346,262,87,398,405,409
158,346,262,87,398,405
158,346,262,87,398
158,346,262,87
158,346,262,388
158,346,262,88,401
158,346,262,88
158,346,176,363,400,407
158,346,176,363,400
158,346,176,363
158,346,176,89
158,346,176,364
158,346,263,85
158,346,263,88,401
158,346,263,88
158,346,177,362
158,346,177,364
158,346,264,86
158,346,178,388
158,346,265,87,398,405
158,346,265,87,398
158,346,265,87
158,346,179,363,400
158,346,179,363
158,346,266,88,401
158,346,266,88
158,348,263,85
158,348,263,88,401
158,348,263,88
158,348,177,362
158,348,177,364
158,348,264,86
158,348,178,388
158,348,265,87,398,405
158,348,265,87,398
158,348,265,87
158,348,179,363,400
158,348,179,363
158,348,266,88,401
158,348,266,88
158,70,264,86
158,70,264,89
158,70,264,364
158,70,178,388
158,70,178,91,415
158,70,178,91
158,70,265,87,398,405
158,70,265,87,398
158,70,265,87
158,70,179,363,400
158,70,179,363
158,70,266,88,401
158,70,266,88
158,70,267,89
158,349,264,86
158,349,178,388
158,349,265,87,398,405
158,349,265,87,398
158,349,265,87
158,349,179,363,400
158,349,179,363
158,349,266,88,401
158,349,266,88
158,71,265,87,398,405
158,71,265,87,398
158,71,265,87
158,71,179,363,400
158,71,179,363
158,71,266,88,401
158,71,266,88
158,71,267,89
158,350,178,388
158,350,265,87,398,405
158,350,265,87,398
158,350,265,87
158,350,179,363,400
158,350,179,363
158,350,266,88,401
158,350,266,88
158,72,264,86
158,72,264,89
158,72,264,364
158,72,178,388
158,72,178,91,415
158,72,178,91
158,72,265,87,398,405
158,72,265,87,398
158,72,265,87
158,72,179,363,400
158,72,179,363
158,72,266,88,401
158,72,266,88
158,72,267,89
158,351,177,362
158,351,177,364
158,351,264,86
158,351,178,388
158,351,265,87,398,405
158,351,265,87,398
158,351,265,87
158,351,179,363,400
158,351,179,363
158,351,266,88,401
158,351,266,88
158,73,265,87,398,405
158,73,265,87,398
158,73,265,87
158,73,179,363,400
158,73,179,363
158,73,266,88,401
158,73,266,88
158,73,267,89
158,352,178,388
158,352,265,87,398,405
158,352,265,87,398
158,352,265,87
158,352,179,363,400
158,352,179,363
158,352,266,88,401
158,352,266,88
158,74,266,88,401
158,74,266,88
158,74,267,89
158,353,179,363,400
158,353,179,363
158,353,266,88,401
158,353,266,88
158,75,267,89
245,67,260,82,398,405,409
245,67,260,82,398,405
245,67,260,82,398
245,67,260,82,400,407
245,67,260,82,400
245,67,260,82,401
245,67,260,82,402,412
245,67,260,82,402
245,67,260,85,401
245,67,260,85,402,412
245,67,260,85,402
245,67,260,85
245,67,260,387
245,67,260,86
245,67,260,362
245,67,260,87,398,405,409
245,67,260,87,398,405
245,67,260,87,398
245,67,260,87
245,67,260,388
245,67,260,88,401
245,67,260,88
245,67,260,363,400,407
245,67,260,363,400
245,67,260,363
245,67,260,89
245,67,174,361,398,405,409
245,67,174,361,398,405
245,67,174,361,398
245,67,174,361,400,407
245,67,174,361,400
245,67,174,361,401
245,67,174,361,402,412
245,67,174,361,402
245,67,174,362
245,67,174,87,398,405,409
245,67,174,87,398,405
245,67,174,87,398
245,67,174,87,413
245,67,174,87
245,67,174,388
245,67,174,88,401
245,67,174,88
245,67,174,363,400,407
245,67,174,363,400
245,67,174,363
245,67,174,89
245,67,174,364,402,412
245,67,174,364,402
245,67,174,364
245,67,174,90,413
245,67,174,90
245,67,261,83,398,405,409
245,67,261,83,398,405
245,67,261,83,398
245,67,261,83,400,407
245,67,261,83,400
245,67,261,83,401
245,67,261,83,402,412
245,67,261,83,402
245,67,261,86
245,67,261,362
245,67,261,87,398,405,409
245,67,261,87,398,405
245,67,261,87,398
245,67,261,87
245,67,261,388
245,67,261,88,401
245,67,261,88
245,67,261,363,400,407
245,67,261,363,400
245,67,261,363
245,67,261,89
245,67,175,386,390,404
245,67,175,388
245,67,175,88,401
245,67,175,88
245,67,175,363,400,407
245,67,175,363,400
245,67,175,363
245,67,175,89
245,67,175,364,402,412
245,67,175,364,402
245,67,175,364
245,67,175,90,413
245,67,175,90
245,67,262,84,398,405,409
245,67,262,84,398,405
245,67,262,84,398
245,67,262,84,400,407
245,67,262,84,400
245,67,262,84,401
245,67,262,84,402,412
245,67,262,84,402
245,67,262,87,398,405,409
245,67,262,87,398,405
245,67,262,87,398
245,67,262,87
245,67,262,388
245,67,262,88,401
245,67,262,88
245,67,262,363,400,407
245,67,262,363,400
245,67,262,363
245,67,262,89
245,67,176,363,400,407
245,67,176,363,400
245,67,176,363
245,67,176,89
245,67,176,364,402,412
245,67,176,364,402
245,67,176,364
245,67,176,90,413
245,67,176,90
245,67,263,85,401
245,67,263,85,402,412
245,67,263,85,402
245,67,263,85
245,67,263,88,401
245,67,263,88
245,67,263,363,400,407
245,67,263,363,400
245,67,263,363
245,67,263,89
245,67,177,362
245,67,177,364,402,412
245,67,177,364,402
245,67,177,364
245,67,177,90,413
245,67,177,90
245,67,264,86
245,67,264,89
245,67,178,388
245,67,265,87,398,405
245,67,265,87,398
245,67,265,87
245,67,179,363,400
245,67,179,363
245,67,266,88,401
245,67,266,88
245,67,180,364,402
245,67,180,364
245,348,263,85
245,348,177,362
245,348,264,86
245,348,178,388
245,348,265,87,398,405
245,348,265,87,398
245,348,265,87
245,348,179,363,400
245,348,179,363
245,70,264,86
245,70,264,89
245,70,178,388
245,70,265,87,398,405
245,70,265,87,398
245,70,265,87
245,70,179,363,400
245,70,179,363
245,70,266,88,401
245,70,266,88
245,70,180,364,402
245,70,180,364
245,349,264,86
245,349,178,388
245,349,265,87,398,405
245,349,265,87,398
245,349,265,87
245,349,179,363,400
245,349,179,363
245,71,263,85
245,71,263,88,401
245,71,263,88
245,71,263,363,400,407
245,71,263,363,400
245,71,263,363
245,71,263,89
245,71,177,362
245,71,177,364,402,412
245,71,177,364,402
245,71,177,364
245,71,177,90,413
245,71,177,90
245,71,264,86
245,71,264,89
245,71,178,388
245,71,265,87,398,405
245,71,265,87,398
245,71,265,87
245,71,179,363,400
245,71,179,363
245,71,266,88,401
245,71,266,88
245,71,180,364,402
245,71,180,364
245,350,176,387
245,350,176,363,400,407
245,350,176,363,400
245,350,176,363
245,350,263,85
245,350,177,362
245,350,264,86
245,350,178,388
245,350,265,87,398,405
245,350,265,87,398
245,350,265,87
245,350,179,363,400
245,350,179,363
245,72,264,86
245,72,264,89
245,72,178,388
245,72,265,87,398,405
245,72,265,87,398
245,72,265,87
245,72,179,363,400
245,72,179,363
245,72,266,88,401
245,72,266,88
245,72,180,364,402
245,72,180,364
245,351,177,362
245,351,264,86
245,351,178,388
245,351,265,87,398,405
245,351,265,87,398
245,351,265,87
245,351,179,363,400
245,351,179,363
245,73,265,87,398,405
245,73,265,87,398
245,73,265,87
245,73,179,363,400
245,73,179,363
245,73,266,88,401
245,73,266,88
245,73,180,364,402
245,73,180,364
245,352,178,388
245,352,265,87,398,405
245,352,265,87,398
245,352,265,87
245,352,179,363,400
245,352,179,363
245,74,266,88,401
245,74,266,88
245,74,180,364,402
245,74,180,364
245,353,179,363,400
245,353,179,363
340,163,354,177,394
340,163,354,177,395,411,416
340,163,354,177,395,411
340,163,354,177,397
340,163,354,177,403
340,163,354,181,403
340,163,354,181
340,163,354,269
340,163,354,182,395,411,416
340,163,354,182,395,411
340,163,354,182
340,163,354,183
340,163,354,184
340,163,354,270,396
340,163,354,270
340,163,76,265,394
340,163,76,265,395,411,416
340,163,76,265,395,411
340,163,76,265,397
340,163,76,265,403
340,163,76,183
340,163,76,184
340,163,76,270,396
340,163,76,270
340,163,76,271,403
340,163,76,271
340,163,355,178,395,411,416
340,163,355,178,395,411
340,163,355,178,397
340,163,355,178,403
340,163,355,182,395,411,416
340,163,355,182,395,411
340,163,355,182
340,163,355,183
340,163,355,184
340,163,355,270,396
340,163,355,270
340,163,77,266,397
340,163,77,266,403
340,163,77,184
340,163,77,270,396
340,163,77,270
340,163,77,271,403
340,163,77,271
340,163,356,179,394
340,163,356,179,395,411,416
340,163,356,179,395,411
340,163,356,179,397
340,163,356,179,403
340,163,356,181,403
340,163,356,181
340,163,356,269
340,163,356,182,395,411,416
340,163,356,182,395,411
340,163,356,182
340,163,356,183
340,163,356,184
340,163,356,270,396
340,163,356,270
340,163,78,267,403
340,163,78,183
340,163,78,184
340,163,78,270,396
340,163,78,270
340,163,78,271,403
340,163,78,271
340,163,357,180,395,411,416
340,163,357,180,395,411
340,163,357,180,397
340,163,357,180,403
340,163,357,182,395,411,416
340,163,357,182,395,411
340,163,357,182
340,163,357,183
340,163,357,184
340,163,357,270,396
340,163,357,270
340,163,79,268,403
340,163,79,184
340,163,79,270,396
340,163,79,270
340,163,79,271,403
340,163,79,271
340,163,80,184
340,163,80,270,396
340,163,80,270
340,163,80,271,403
340,163,80,271
340,163,358,181,403
340,163,358,181
340,163,358,184
340,163,358,270,396
340,163,358,270
340,163,359,182
340,163,360,183
340,163,82,270,396
340,163,82,270
340,163,83,271,403
340,163,83,271
340,166,354,181,403
340,166,358,181,403
340,166,358,181
340,166,358,184
340,166,358,270,396
340,166,358,270
340,166,359,182
340,166,360,183
340,166,82,270,396
340,166,82,270
340,166,83,271,403
340,166,83,271
340,253,80,269
340,253,80,184
340,253,80,270,396
340,253,80,270
340,253,358,181
340,253,359,182
340,253,360,183
340,253,82,270,396
340,253,82,270
340,167,359,182
340,167,360,183
340,167,82,270,396
340,167,82,270
340,167,83,271,403
340,167,83,271
340,254,359,182
340,254,360,183
340,254,82,270,396
340,254,82,270
340,168,356,181,403
340,168,358,181,403
340,168,358,181
340,168,358,184
340,168,358,270,396
340,168,358,270
340,168,359,182
340,168,360,183
340,168,82,270,396
340,168,82,270
340,168,83,271,403
340,168,83,271
340,255,80,269
340,255,80,184
340,255,80,270,396
340,255,80,270
340,255,358,181
340,255,359,182
340,255,360,183
340,255,82,270,396
340,255,82,270
340,169,359,182
340,169,360,183
340,169,82,270,396
340,169,82,270
340,169,83,271,403
340,169,83,271
340,256,359,182
340,256,360,183
340,256,82,270,396
340,256,82,270
340,257,360,183
340,257,82,270,396
340,257,82,270
340,170,83,271,403
340,170,83,271
340,258,82,270,396
340,258,82,270
62,251,78,267,394
62,251,78,267,395,411,416
62,251,78,267,395,411
62,251,78,267,397
62,251,78,267,403
62,251,78,267,408
62,251,78,183
62,251,78,184
62,251,78,270,396
62,251,78,270
62,251,78,271,403
62,251,78,271
62,251,78,272
62,251,357,180,395,411,416
62,251,357,180,395,411
62,251,357,180,397
62,251,357,180,403
62,251,357,182,395,411,416
62,251,357,182,395,411
62,251,357,182
62,251,357,183
62,251,357,184
62,251,357,270,396
62,251,357,270
62,251,79,268,397
62,251,79,268,403
62,251,79,268,408
62,251,79,184
62,251,79,270,396
62,251,79,270
62,251,79,271,403
62,251,79,271
62,251,79,272
62,251,80,269,403
62,251,80,269,408
62,251,80,184
62,251,80,270,396
62,251,80,270
62,251,80,271,403
62,251,80,271
62,251,80,272
62,251,358,181,403
62,251,358,184
62,251,358,270,396
62,251,358,270
62,251,359,182
62,251,81,272
62,251,360,183
62,251,82,270,396
62,251,82,270
62,251,83,271,403
62,251,83,271
62,251,361,184
62,254,359,182
62,254,81,272
62,254,360,183
62,254,82,270,396
62,254,82,270
62,254,83,271,403
62,254,83,271
62,254,361,184
62,168,360,183
62,168,360,272
62,168,82,270,396
62,168,82,270
62,168,82,273,406
62,168,82,273
62,168,82,393,414
62,168,82,393
62,168,83,271,403
62,168,83,271
62,168,361,184
62,168,386,390,394
62,168,386,390
62,168,85,273,406
62,168,85,273
62,255,81,272
62,255,360,183
62,255,82,270,396
62,255,82,270
62,255,83,271,403
62,255,83,271
62,255,361,184
62,169,83,271,403
62,169,83,271
62,169,361,184
62,169,386,390,394
62,169,386,390
62,169,85,273,406
62,169,85,273
62,256,359,182
62,256,81,272
62,256,360,183
62,256,82,270,396
62,256,82,270
62,256,83,271,403
62,256,83,271
62,256,361,184
62,257,81,272
62,257,360,183
62,257,82,270,396
62,257,82,270
62,257,83,271,403
62,257,83,271
62,257,361,184
62,170,83,271,403
62,170,83,271
62,170,361,184
62,170,386,390,394
62,170,386,390
62,170,85,273,406
62,170,85,273
62,258,82,270,396
62,258,82,270
62,258,83,271,403
62,258,83,271
62,258,361,184
62,171,386,390,394
62,171,386,390
62,171,85,273,406
62,171,85,273
62,172,85,273,406
62,172,85,273
246,68,261,83,398,405,409
246,68,261,83,398,405
246,68,261,83,398
246,68,261,83,400,407
246,68,261,83,400
246,68,261,83,401
246,68,261,83,402,412
246,68,261,83,402
246,68,261,83,413
246,68,261,86,413
246,68,261,86
246,68,261,362
246,68,261,87,398,405,409
246,68,261,87,398,405
246,68,261,87,398
246,68,261,87,413
246,68,261,87
246,68,261,388
246,68,261,88,401
246,68,261,88
246,68,261,363,400,407
246,68,261,363,400
246,68,261,363
246,68,261,89
246,68,261,364,402,412
246,68,261,364,402
246,68,261,364
246,68,261,90
246,68,175,386,390,404
246,68,175,388
246,68,175,88,401
246,68,175,88,415
246,68,175,88
246,68,175,363,400,407
246,68,175,363,400
246,68,175,363
246,68,175,89
246,68,175,364,402,412
246,68,175,364,402
246,68,175,364
246,68,175,90
246,68,175,91,415
246,68,175,91
246,68,262,84,398,405,409
246,68,262,84,398,405
246,68,262,84,398
246,68,262,84,400,407
246,68,262,84,400
246,68,262,84,401
246,68,262,84,402,412
246,68,262,84,402
246,68,262,84,413
246,68,262,87,398,405,409
246,68,262,87,398,405
246,68,262,87,398
246,68,262,87,413
246,68,262,87
246,68,262,388
246,68,262,88,401
246,68,262,88
246,68,262,363,400,407
246,68,262,363,400
246,68,262,363
246,68,262,89
246,68,262,364,402,412
246,68,262,364,402
246,68,262,364
246,68,262,90
246,68,176,363,400,407
246,68,176,363,400
246,68,176,363
246,68,176,89
246,68,176,364,402,412
246,68,176,364,402
246,68,176,364
246,68,176,90
246,68,176,91,415
246,68,176,91
246,68,263,85,401
246,68,263,85,402,412
246,68,263,85,402
246,68,263,85,413
246,68,263,88,401
246,68,263,88
246,68,263,363,400,407
246,68,263,363,400
246,68,263,363
246,68,263,89
246,68,263,364,402,412
246,68,263,364,402
246,68,263,364
246,68,263,90
246,68,177,362,413
246,68,177,364,402,412
246,68,177,364,402
246,68,177,364
246,68,177,90
246,68,177,91,415
246,68,177,91
246,68,264,86,413
246,68,264,86
246,68,264,89
246,68,264,364,402,412
246,68,264,364,402
246,68,264,364
246,68,264,90
246,68,178,388
246,68,178,91,415
246,68,178,91
246,68,265,87,398,405
246,68,265,87,398
246,68,265,87,413
246,68,265,87
246,68,265,90
246,68,179,363,400
246,68,179,363
246,68,266,88,401
246,68,266,88
246,68,180,364,402
246,68,180,364
246,68,267,89
246,70,259,86,413
246,70,259,87,413
246,70,264,86
246,70,264,89
246,70,264,364,402,412
246,70,264,364,402
246,70,264,364
246,70,264,90
246,70,178,388
246,70,178,91,415
246,70,178,91
246,70,265,87,398,405
246,70,265,87,398
246,70,265,87
246,70,265,90
246,70,179,363,400
246,70,179,363
246,70,266,88,401
246,70,266,88
246,70,180,364,402
246,70,180,364
246,70,267,89
246,349,264,86
246,349,178,388
246,349,265,87,398,405
246,349,265,87,398
246,349,265,87
246,349,179,363,400
246,349,179,363
246,349,266,88,401
246,349,266,88
246,349,180,364,402
246,349,180,364
246,71,260,87,413
246,71,265,87,398,405
246,71,265,87,398
246,71,265,87
246,71,265,90
246,71,179,363,400
246,71,179,363
246,71,266,88,401
246,71,266,88
246,71,180,364,402
246,71,180,364
246,71,267,89
246,350,178,388
246,350,265,87,398,405
246,350,265,87,398
246,350,265,87
246,350,179,363,400
246,350,179,363
246,350,266,88,401
246,350,266,88
246,350,180,364,402
246,350,180,364
246,72,264,86
246,72,264,89
246,72,264,364,402,412
246,72,264,364,402
246,72,264,364
246,72,264,90
246,72,178,388
246,72,178,91,415
246,72,178,91
246,72,265,87,398,405
246,72,265,87,398
246,72,265,87
246,72,265,90
246,72,179,363,400
246,72,179,363
246,72,266,88,401
246,72,266,88
246,72,180,364,402
246,72,180,364
246,72,267,89
246,351,177,362
246,351,177,364,402,412
246,351,177,364,402
246,351,177,364
246,351,264,86
246,351,178,388
246,351,265,87,398,405
246,351,265,87,398
246,351,265,87
246,351,179,363,400
246,351,179,363
246,351,266,88,401
246,351,266,88
246,351,180,364,402
246,351,180,364
246,73,265,87,398,405
246,73,265,87,398
246,73,265,87
246,73,265,90
246,73,179,363,400
246,73,179,363
246,73,266,88,401
246,73,266,88
246,73,180,364,402
246,73,180,364
246,73,267,89
246,352,178,388
246,352,265,87,398,405
246,352,265,87,398
246,352,265,87
246,352,179,363,400
246,352,179,363
246,352,266,88,401
246,352,266,88
246,352,180,364,402
246,352,180,364
246,74,266,88,401
246,74,266,88
246,74,180,364,402
246,74,180,364
246,74,267,89
246,353,179,363,400
246,353,179,363
246,353,266,88,401
246,353,266,88
246,353,180,364,402
246,353,180,364
246,75,267,89
246,354,180,364,402
246,354,180,364
341,164,355,178,395,411,416
341,164,355,178,395,411
341,164,355,178,397
341,164,355,178,403
341,164,355,178,408
341,164,355,182,395,411,416
341,164,355,182,395,411
341,164,355,182,408
341,164,355,182
341,164,355,183
341,164,355,184
341,164,355,270,396
341,164,355,270
341,164,355,271,403
341,164,355,271
341,164,77,266,397
341,164,77,266,403
341,164,77,266,408
341,164,77,184
341,164,77,270,396
341,164,77,270
341,164,77,271,403
341,164,77,271
341,164,77,272,408
341,164,77,272
341,164,356,179,403
341,164,356,179,408
341,164,356,183
341,164,356,184
341,164,356,270,396
341,164,356,270
341,164,356,271,403
341,164,356,271
341,164,78,267,403
341,164,78,267,408
341,164,78,184
341,164,78,270,396
341,164,78,270
341,164,78,271,403
341,164,78,271
341,164,78,272,408
341,164,78,272
341,164,357,180,395,411,416
341,164,357,180,395,411
341,164,357,180,397
341,164,357,180,403
341,164,357,180,408
341,164,357,182,395,411,416
341,164,357,182,395,411
341,164,357,182,408
341,164,357,182
341,164,357,183
341,164,357,184
341,164,357,270,396
341,164,357,270
341,164,357,271,403
341,164,357,271
341,164,79,268,403
341,164,79,268,408
341,164,79,184
341,164,79,270,396
341,164,79,270
341,164,79,271,403
341,164,79,271
341,164,79,272,408
341,164,79,272
341,164,80,269,408
341,164,80,184
341,164,80,270,396
341,164,80,270
341,164,80,271,403
341,164,80,271
341,164,80,272,408
341,164,80,272
341,164,358,181,403
341,164,358,181,408
341,164,358,184
341,164,358,270,396
341,164,358,270
341,164,358,271,403
341,164,358,271
341,164,359,182,408
341,164,359,182
341,164,359,271,403
341,164,359,271
341,164,81,272,408
341,164,81,272
341,164,360,183
341,164,82,270,396
341,164,82,270
341,164,83,271,403
341,164,83,271
341,164,361,184
341,164,84,272,408
341,164,84,272
341,167,355,182,408
341,167,359,182,408
341,167,359,182
341,167,359,271,403
341,167,359,271
341,167,81,272,408
341,167,81,272
341,167,360,183
341,167,82,270,396
341,167,82,270
341,167,83,271,403
341,167,83,271
341,167,361,184
341,167,84,272,408
341,167,84,272
341,254,359,182
341,254,360,183
341,254,82,270,396
341,254,82,270
341,254,83,271,403
341,254,83,271
341,168,360,183
341,168,82,270,396
341,168,82,270
341,168,83,271,403
341,168,83,271
341,168,361,184
341,168,84,272,408
341,168,84,272
341,255,360,183
341,255,82,270,396
341,255,82,270
341,255,83,271,403
341,255,83,271
341,169,357,182,408
341,169,359,182,408
341,169,359,182
341,169,359,271,403
341,169,359,271
341,169,81,272,408
341,169,81,272
341,169,360,183
341,169,82,270,396
341,169,82,270
341,169,83,271,403
341,169,83,271
341,169,361,184
341,169,84,272,408
341,169,84,272
341,256,359,182
341,256,360,183
341,256,82,270,396
341,256,82,270
341,256,83,271,403
341,256,83,271
341,257,360,183
341,257,82,270,396
341,257,82,270
341,257,83,271,403
341,257,83,271
341,170,83,271,403
341,170,83,271
341,170,361,184
341,170,84,272,408
341,170,84,272
341,258,82,270,396
341,258,82,270
341,258,83,271,403
341,258,83,271
341,171,84,272,408
341,171,84,272
63,252,79,268,397
63,252,79,268,403
63,252,79,268,408
63,252,79,184
63,252,79,270,396
63,252,79,270
63,252,79,271,403
63,252,79,271
63,252,79,272,408
63,252,79,272
63,252,79,273
63,252,80,269,403
63,252,80,269,408
63,252,80,184
63,252,80,270,396
63,252,80,270
63,252,80,271,403
63,252,80,271
63,252,80,272,408
63,252,80,272
63,252,80,273
63,252,358,181,403
63,252,358,181,408
63,252,358,184
63,252,358,270,396
63,252,358,270
63,252,358,271,403
63,252,358,271
63,252,359,182,408
63,252,359,271,403
63,252,359,271
63,252,81,272,408
63,252,81,272
63,252,81,273
63,252,360,183
63,252,82,270,396
63,252,82,270
63,252,82,273
63,252,83,271,403
63,252,83,271
63,252,361,184
63,252,84,272,408
63,252,84,272
63,252,386,390,394
63,252,386,390
63,255,81,272,408
63,255,81,272
63,255,81,273
63,255,360,183
63,255,82,270,396
63,255,82,270
63,255,82,273
63,255,83,271,403
63,255,83,271
63,255,361,184
63,255,84,272,408
63,255,84,272
63,255,386,390,394
63,255,386,390
63,169,83,271,403
63,169,83,271
63,169,83,274,410
63,169,83,274
63,169,361,184
63,169,84,272,408
63,169,84,272
63,169,386,390,394
63,169,386,390
63,169,387,391,397
63,169,387,391
63,169,86,274,410
63,169,86,274
63,256,82,270,396
63,256,82,270
63,256,82,273
63,256,83,271,403
63,256,83,271
63,256,361,184
63,256,84,272,408
63,256,84,272
63,256,386,390,394
63,256,386,390
63,257,81,272,408
63,257,81,272
63,257,81,273
63,257,360,183
63,257,82,270,396
63,257,82,270
63,257,82,273
63,257,83,271,403
63,257,83,271
63,257,361,184
63,257,84,272,408
63,257,84,272
63,257,386,390,394
63,257,386,390
63,170,83,271,403
63,170,83,271
63,170,83,274,410
63,170,83,274
63,170,361,184
63,170,84,272,408
63,170,84,272
63,170,386,390,394
63,170,386,390
63,170,387,391,397
63,170,387,391
63,170,86,274,410
63,170,86,274
63,258,82,270,396
63,258,82,270
63,258,82,273
63,258,83,271,403
63,258,83,271
63,258,361,184
63,258,84,272,408
63,258,84,272
63,258,386,390,394
63,258,386,390
63,171,84,272,408
63,171,84,272
63,171,386,390,394
63,171,386,390
63,171,387,391,397
63,171,387,391
63,171,86,274,410
63,171,86,274
63,172,387,391,397
63,172,387,391
63,172,86,274,410
63,172,86,274
63,259,84,272,408
63,259,84,272
63,259,386,390,394
63,259,386,390
63,173,387,391,397
63,173,387,391
63,173,86,274,410
63,173,86,274
159,347,260,82,398,405,409
159,347,260,82,398,405
159,347,260,82,398
159,347,260,82,400,407
159,347,260,82,400
159,347,260,82,401
159,347,260,82,402,412
159,347,260,82,402
159,347,260,82,413
159,347,260,87,398,405,409
159,347,260,87,398,405
159,347,260,87,398
159,347,260,87,413
159,347,260,87
159,347,260,388
159,347,260,88,401
159,347,260,88
159,347,260,363,400,407
159,347,260,363,400
159,347,260,363
159,347,260,89
159,347,260,364,402,412
159,347,260,364,402
159,347,260,364
159,347,260,90,413
159,347,260,90
159,347,174,361,398,405,409
159,347,174,361,398,405
159,347,174,361,398
159,347,174,361,400,407
159,347,174,361,400
159,347,174,361,401
159,347,174,361,402,412
159,347,174,361,402
159,347,174,361,413
159,347,174,363,400,407
159,347,174,363,400
159,347,174,363
159,347,174,89
159,347,174,364,402,412
159,347,174,364,402
159,347,174,364
159,347,174,90,413
159,347,174,90
159,347,174,91,415
159,347,174,91
159,347,174,392
159,347,261,83,401
159,347,261,83,402,412
159,347,261,83,402
159,347,261,83,413
159,347,261,88,401
159,347,261,88
159,347,261,363,400,407
159,347,261,363,400
159,347,261,363
159,347,261,89
159,347,261,364,402,412
159,347,261,364,402
159,347,261,364
159,347,261,90,413
159,347,261,90
159,347,175,364,402,412
159,347,175,364,402
159,347,175,364
159,347,175,90,413
159,347,175,90
159,347,175,91,415
159,347,175,91
159,347,175,392
159,347,262,84,413
159,347,262,87,398,405,409
159,347,262,87,398,405
159,347,262,87,398
159,347,262,87,413
159,347,262,87
159,347,262,388
159,347,262,88,401
159,347,262,88
159,347,262,363,400,407
159,347,262,363,400
159,347,262,363
159,347,262,89
159,347,262,364,402,412
159,347,262,364,402
159,347,262,364
159,347,262,90,413
159,347,262,90
159,347,176,363,400,407
159,347,176,363,400
159,347,176,363
159,347,176,89
159,347,176,364,402,412
159,347,176,364,402
159,347,176,364
159,347,176,90,413
159,347,176,90
159,347,176,91,415
159,347,176,91
159,347,176,392
159,347,263,85,413
159,347,263,88,401
159,347,263,88
159,347,263,363,400,407
159,347,263,363,400
159,347,263,363
159,347,263,89
159,347,263,364,402,412
159,347,263,364,402
159,347,263,364
159,347,263,90,413
159,347,263,90
159,347,177,364,402,412
159,347,177,364,402
159,347,177,364
159,347,177,90,413
159,347,177,90
159,347,177,91,415
159,347,177,91
159,347,177,392
159,347,264,89
159,347,264,364,402,412
159,347,264,364,402
159,347,264,364
159,347,264,90,413
159,347,264,90
159,347,178,91,415
159,347,178,91
159,347,178,392
159,347,265,87,398,405
159,347,265,87,398
159,347,265,87
159,347,265,90,413
159,347,265,90
159,347,179,363,400
159,347,179,363
159,347,179,392
159,347,266,88,401
159,347,266,88
159,347,180,364,402
159,347,180,364
159,347,267,89
159,347,268,90,413
159,347,268,90
159,72,261,88,415
159,72,266,88,401
159,72,266,88
159,72,266,91,415
159,72,266,91
159,72,266,392
159,72,180,364,402
159,72,180,364
159,72,180,395
159,72,267,89
159,72,268,90,413
159,72,268,90
159,72,269,91,415
159,72,269,91
159,72,182,395
159,351,179,363,400
159,351,179,363
159,351,179,392
159,351,266,88,401
159,351,266,88
159,351,180,364,402
159,351,180,364
159,351,267,89
159,351,268,90,413
159,351,268,90
159,73,267,89
159,73,268,90,413
159,73,268,90
159,73,269,91,415
159,73,269,91
159,73,182,395
159,352,180,364,402
159,352,180,364
159,352,267,89
159,352,268,90,413
159,352,268,90
159,74,266,88,401
159,74,266,88
159,74,266,91,415
159,74,266,91
159,74,266,392
159,74,180,364,402
159,74,180,364
159,74,180,395
159,74,267,89
159,74,268,90,413
159,74,268,90
159,74,269,91,415
159,74,269,91
159,74,182,395
159,353,179,363,400
159,353,179,363
159,353,179,392
159,353,266,88,401
159,353,266,88
159,353,180,364,402
159,353,180,364
159,353,267,89
159,353,268,90,413
159,353,268,90
159,75,267,89
159,75,268,90,413
159,75,268,90
159,75,269,91,415
159,75,269,91
159,75,182,395
159,354,180,364,402
159,354,180,364
159,354,267,89
159,354,268,90,413
159,354,268,90
159,76,268,90,413
159,76,268,90
159,76,269,91,415
159,76,269,91
159,76,182,395
159,355,268,90,413
159,355,268,90
159,77,269,91,415
159,77,269,91
159,77,182,395
247,69,262,84,398,405,409
247,69,262,84,398,405
247,69,262,84,398
247,69,262,84,400,407
247,69,262,84,400
247,69,262,84,401
247,69,262,84,402,412
247,69,262,84,402
247,69,262,84,413
247,69,262,84,415
247,69,262,87,398,405,409
247,69,262,87,398,405
247,69,262,87,398
247,69,262,87,413
247,69,262,87,415
247,69,262,87
247,69,262,388
247,69,262,88,401
247,69,262,88,415
247,69,262,88
247,69,262,363,400,407
247,69,262,363,400
247,69,262,363
247,69,262,89
247,69,262,364,402,412
247,69,262,364,402
247,69,262,364
247,69,262,90,413
247,69,262,90
247,69,262,91
247,69,176,363,400,407
247,69,176,363,400
247,69,176,363
247,69,176,89
247,69,176,364,402,412
247,69,176,364,402
247,69,176,364
247,69,176,90,413
247,69,176,90
247,69,176,91
247,69,176,392
247,69,263,85,401
247,69,263,85,402,412
247,69,263,85,402
247,69,263,85,413
247,69,263,85,415
247,69,263,88,401
247,69,263,88,415
247,69,263,88
247,69,263,363,400,407
247,69,263,363,400
247,69,263,363
247,69,263,89
247,69,263,364,402,412
247,69,263,364,402
247,69,263,364
247,69,263,90,413
247,69,263,90
247,69,263,91
247,69,177,362,413
247,69,177,362,415
247,69,177,364,402,412
247,69,177,364,402
247,69,177,364
247,69,177,90,413
247,69,177,90
247,69,177,91
247,69,177,392
247,69,264,86,413
247,69,264,86,415
247,69,264,89
247,69,264,364,402,412
247,69,264,364,402
247,69,264,364
247,69,264,90,413
247,69,264,90
247,69,264,91
247,69,178,91
247,69,178,392
247,69,265,87,398,405
247,69,265,87,398
247,69,265,87,413
247,69,265,87,415
247,69,265,87
247,69,265,90,413
247,69,265,90
247,69,265,91
247,69,179,363,400
247,69,179,363
247,69,179,392
247,69,266,88,401
247,69,266,88,415
247,69,266,88
247,69,266,91
247,69,180,364,402
247,69,180,364
247,69,267,89
247,69,268,90,413
247,69,268,90
247,69,181,392
247,71,260,87,413
247,71,260,87,415
247,71,260,88,415
247,71,265,87,398,405
247,71,265,87,398
247,71,265,87
247,71,265,90,413
247,71,265,90
247,71,265,91
247,71,179,363,400
247,71,179,363
247,71,179,392
247,71,266,88,401
247,71,266,88
247,71,266,91
247,71,180,364,402
247,71,180,364
247,71,267,89
247,71,268,90,413
247,71,268,90
247,71,181,392
247,350,178,388
247,350,265,87,398,405
247,350,265,87,398
247,350,265,87
247,350,179,363,400
247,350,179,363
247,350,266,88,401
247,350,266,88
247,350,180,364,402
247,350,180,364
247,350,267,89
247,72,261,88,415
247,72,266,88,401
247,72,266,88
247,72,266,91
247,72,180,364,402
247,72,180,364
247,72,267,89
247,72,268,90,413
247,72,268,90
247,72,181,392
247,351,179,363,400
247,351,179,363
247,351,266,88,401
247,351,266,88
247,351,180,364,402
247,351,180,364
247,351,267,89
247,73,265,87,398,405
247,73,265,87,398
247,73,265,87
247,73,265,90,413
247,73,265,90
247,73,265,91
247,73,179,363,400
247,73,179,363
247,73,179,392
247,73,266,88,401
247,73,266,88
247,73,266,91
247,73,180,364,402
247,73,180,364
247,73,267,89
247,73,268,90,413
247,73,268,90
247,73,181,392
247,352,178,388
247,352,265,87,398,405
247,352,265,87,398
247,352,265,87
247,352,179,363,400
247,352,179,363
247,352,266,88,401
247,352,266,88
247,352,180,364,402
247,352,180,364
247,352,267,89
247,74,266,88,401
247,74,266,88
247,74,266,91
247,74,180,364,402
247,74,180,364
247,74,267,89
247,74,268,90,413
247,74,268,90
247,74,181,392
247,353,179,363,400
247,353,179,363
247,353,266,88,401
247,353,266,88
247,353,180,364,402
247,353,180,364
247,353,267,89
247,75,267,89
247,75,268,90,413
247,75,268,90
247,75,181,392
247,354,180,364,402
247,354,180,364
247,354,267,89
247,76,268,90,413
247,76,268,90
247,76,181,392
342,165,356,179,403
342,165,356,179,408
342,165,356,183
342,165,356,184
342,165,356,270,396
342,165,356,270
342,165,356,271,403
342,165,356,271
342,165,356,272,408
342,165,356,272
342,165,78,267,403
342,165,78,267,408
342,165,78,184
342,165,78,270,396
342,165,78,270
342,165,78,271,403
342,165,78,271
342,165,78,272,408
342,165,78,272
342,165,78,273,406
342,165,78,273
342,165,78,393,414
342,165,78,393
342,165,357,180,403
342,165,357,180,408
342,165,357,184
342,165,357,270,396
342,165,357,270
342,165,357,271,403
342,165,357,271
342,165,357,272,408
342,165,357,272
342,165,79,268,403
342,165,79,268,408
342,165,79,271,403
342,165,79,271
342,165,79,272,408
342,165,79,272
342,165,79,273,406
342,165,79,273
342,165,79,393,414
342,165,79,393
342,165,80,269,408
342,165,80,184
342,165,80,270,396
342,165,80,270
342,165,80,271,403
342,165,80,271
342,165,80,272,408
342,165,80,272
342,165,80,273,406
342,165,80,273
342,165,80,393,414
342,165,80,393
342,165,358,181,403
342,165,358,181,408
342,165,358,184
342,165,358,270,396
342,165,358,270
342,165,358,271,403
342,165,358,271
342,165,358,272,408
342,165,358,272
342,165,359,182,408
342,165,359,271,403
342,165,359,271
342,165,359,272,408
342,165,359,272
342,165,81,272,408
342,165,81,272
342,165,81,273,406
342,165,81,273
342,165,81,393,414
342,165,81,393
342,165,360,183
342,165,360,272,408
342,165,360,272
342,165,82,270,396
342,165,82,270
342,165,82,273,406
342,165,82,273
342,165,82,393,414
342,165,82,393
342,165,83,271,403
342,165,83,271
342,165,361,184
342,165,84,272,408
342,165,84,272
342,165,386,390,394
342,165,386,390
342,165,85,273,406
342,165,85,273
342,168,360,183
342,168,360,272,408
342,168,360,272
342,168,82,270,396
342,168,82,270
342,168,82,273,406
342,168,82,273
342,168,82,393,414
342,168,82,393
342,168,83,271,403
342,168,83,271
342,168,361,184
342,168,84,272,408
342,168,84,272
342,168,386,390,394
342,168,386,390
342,168,85,273,406
342,168,85,273
342,255,81,272,408
342,255,81,272
342,255,360,183
342,255,82,270,396
342,255,82,270
342,255,83,271,403
342,255,83,271
342,255,361,184
342,255,84,272,408
342,255,84,272
342,169,83,271,403
342,169,83,271
342,169,361,184
342,169,84,272,408
342,169,84,272
342,169,386,390,394
342,169,386,390
342,169,85,273,406
342,169,85,273
342,256,82,270,396
342,256,82,270
342,256,83,271,403
342,256,83,271
342,256,361,184
342,256,84,272,408
342,256,84,272
342,257,81,272,408
342,257,81,272
342,257,360,183
342,257,82,270,396
342,257,82,270
342,257,83,271,403
342,257,83,271
342,257,361,184
342,257,84,272,408
342,257,84,272
342,170,83,271,403
342,170,83,271
342,170,361,184
342,170,84,272,408
342,170,84,272
342,170,386,390,394
342,170,386,390
342,170,85,273,406
342,170,85,273
342,258,82,270,396
342,258,82,270
342,258,83,271,403
342,258,83,271
342,258,361,184
342,258,84,272,408
342,258,84,272
342,171,84,272,408
342,171,84,272
342,171,386,390,394
342,171,386,390
342,171,85,273,406
342,171,85,273
342,172,85,273,406
342,172,85,273
342,259,84,272,408
342,259,84,272
64,253,80,269,403
64,253,80,269,408
64,253,80,184
64,253,80,270,396
64,253,80,270
64,253,80,271,403
64,253,80,271
64,253,80,272,408
64,253,80,272
64,253,80,273,406
64,253,80,273
64,253,80,393,414
64,253,80,393
64,253,80,274
64,253,358,181,403
64,253,358,181,408
64,253,358,184
64,253,358,270,396
64,253,358,270
64,253,358,271,403
64,253,358,271
64,253,358,272,408
64,253,358,272
64,253,359,182,408
64,253,359,271,403
64,253,359,271
64,253,359,272,408
64,253,359,272
64,253,81,272,408
64,253,81,272
64,253,81,273,406
64,253,81,273
64,253,81,393,414
64,253,81,393
64,253,81,274
64,253,360,272,408
64,253,360,272
64,253,82,270,396
64,253,82,270
64,253,82,273,406
64,253,82,273
64,253,82,393,414
64,253,82,393
64,253,82,274
64,253,83,271,403
64,253,83,271
64,253,83,274
64,253,361,184
64,253,84,272,408
64,253,84,272
64,253,386,390,394
64,253,386,390
64,253,85,273,406
64,253,85,273
64,253,387,391,397
64,253,387,391
64,256,82,270,396
64,256,82,270
64,256,82,273,406
64,256,82,273
64,256,82,393,414
64,256,82,393
64,256,82,274
64,256,83,271,403
64,256,83,271
64,256,83,274
64,256,361,184
64,256,84,272,408
64,256,84,272
64,256,386,390,394
64,256,386,390
64,256,85,273,406
64,256,85,273
64,256,387,391,397
64,256,387,391
64,257,83,271,403
64,257,83,271
64,257,83,274
64,257,361,184
64,257,84,272,408
64,257,84,272
64,257,386,390,394
64,257,386,390
64,257,85,273,406
64,257,85,273
64,257,387,391,397
64,257,387,391
64,170,85,273,406
64,170,85,273
64,170,387,391,397
64,170,387,391
64,170,362,393,414
64,170,362,393
64,258,82,270,396
64,258,82,270
64,258,82,273,406
64,258,82,273
64,258,82,393,414
64,258,82,393
64,258,82,274
64,258,83,271,403
64,258,83,271
64,258,83,274
64,258,361,184
64,258,84,272,408
64,258,84,272
64,258,386,390,394
64,258,386,390
64,258,85,273,406
64,258,85,273
64,258,387,391,397
64,258,387,391
64,171,84,272,408
64,171,84,272
64,171,386,390,394
64,171,386,390
64,171,85,273,406
64,171,85,273
64,171,387,391,397
64,171,387,391
64,171,362,393,414
64,171,362,393
64,172,85,273,406
64,172,85,273
64,172,387,391,397
64,172,387,391
64,172,362,393,414
64,172,362,393
64,259,84,272,408
64,259,84,272
64,259,386,390,394
64,259,386,390
64,259,85,273,406
64,259,85,273
64,259,387,391,397
64,259,387,391
64,173,387,391,397
64,173,387,391
64,173,362,393,414
64,173,362,393
64,260,85,273,406
64,260,85,273
64,260,387,391,397
64,260,387,391
64,174,362,393,414
64,174,362,393
160,348,261,83,401
160,348,261,83,402,412
160,348,261,83,402
160,348,261,83,413
160,348,261,83,415
160,348,261,88,401
160,348,261,88,415
160,348,261,88
160,348,261,363,400,407
160,348,261,363,400
160,348,261,363
160,348,261,89
160,348,261,364,402,412
160,348,261,364,402
160,348,261,364
160,348,261,90,413
160,348,261,90
160,348,261,91,415
160,348,261,91
160,348,175,364,402,412
160,348,175,364,402
160,348,175,364
160,348,175,90,413
160,348,175,90
160,348,175,91,415
160,348,175,91
160,348,175,392
160,348,175,395
160,348,262,84,413
160,348,262,84,415
160,348,262,89
160,348,262,364,402,412
160,348,262,364,402
160,348,262,364
160,348,262,90,413
160,348,262,90
160,348,262,91,415
160,348,262,91
160,348,176,91,415
160,348,176,91
160,348,176,392
160,348,176,395
160,348,263,85,413
160,348,263,85,415
160,348,263,88,401
160,348,263,88,415
160,348,263,88
160,348,263,363,400,407
160,348,263,363,400
160,348,263,363
160,348,263,89
160,348,263,364,402,412
160,348,263,364,402
160,348,263,364
160,348,263,90,413
160,348,263,90
160,348,263,91,415
160,348,263,91
160,348,177,362,415
160,348,177,364,402,412
160,348,177,364,402
160,348,177,364
160,348,177,90,413
160,348,177,90
160,348,177,91,415
160,348,177,91
160,348,177,392
160,348,177,395
160,348,264,86,415
160,348,264,89
160,348,264,364,402,412
160,348,264,364,402
160,348,264,364
160,348,264,90,413
160,348,264,90
160,348,264,91,415
160,348,264,91
160,348,178,91,415
160,348,178,91
160,348,178,392
160,348,178,395
160,348,265,90,413
160,348,265,90
160,348,265,91,415
160,348,265,91
160,348,179,363,415
160,348,179,392
160,348,179,395
160,348,266,88,401
160,348,266,88
160,348,266,91,415
160,348,266,91
160,348,180,364,402
160,348,180,364
160,348,180,395
160,348,267,89
160,348,268,90,413
160,348,268,90
160,348,181,392
160,348,269,91,415
160,348,269,91
160,73,267,89
160,73,267,395
160,73,268,90,413
160,73,268,90
160,73,181,392
160,73,269,91,415
160,73,269,91
160,73,183,399
160,352,180,364,402
160,352,180,364
160,352,180,395
160,352,267,89
160,352,268,90,413
160,352,268,90
160,352,181,392
160,352,269,91,415
160,352,269,91
160,74,268,90,413
160,74,268,90
160,74,181,392
160,74,269,91,415
160,74,269,91
160,74,183,399
160,353,268,90,413
160,353,268,90
160,353,181,392
160,353,269,91,415
160,353,269,91
160,75,267,89
160,75,267,395
160,75,268,90,413
160,75,268,90
160,75,181,392
160,75,269,91,415
160,75,269,91
160,75,183,399
160,354,180,364,402
160,354,180,364
160,354,180,395
160,354,267,89
160,354,268,90,413
160,354,268,90
160,354,181,392
160,354,269,91,415
160,354,269,91
160,76,268,90,413
160,76,268,90
160,76,181,392
160,76,269,91,415
160,76,269,91
160,76,183,399
160,355,268,90,413
160,355,268,90
160,355,181,392
160,355,269,91,415
160,355,269,91
160,77,269,91,415
160,77,269,91
160,77,183,399
160,356,181,392
160,356,269,91,415
160,356,269,91
160,78,183,399
343,166,357,180,403
343,166,357,180,408
343,166,357,184
343,166,357,270,396
343,166,357,270
343,166,357,271,403
343,166,357,271
343,166,357,272,408
343,166,357,272
343,166,357,273,406
343,166,357,273
343,166,357,393
343,166,79,268,403
343,166,79,268,408
343,166,79,271,403
343,166,79,271
343,166,79,272,408
343,166,79,272
343,166,79,273,406
343,166,79,273
343,166,79,393
343,166,79,274,410
343,166,79,274
343,166,80,269,408
343,166,80,272,408
343,166,80,272
343,166,80,273,406
343,166,80,273
343,166,80,393
343,166,80,274,410
343,166,80,274
343,166,358,181,403
343,166,358,181,408
343,166,358,184
343,166,358,270,396
343,166,358,270
343,166,358,271,403
343,166,358,271
343,166,358,272,408
343,166,358,272
343,166,358,273,406
343,166,358,273
343,166,358,393
343,166,359,182,408
343,166,359,271,403
343,166,359,271
343,166,359,272,408
343,166,359,272
343,166,359,273,406
343,166,359,273
343,166,359,393
343,166,81,272,408
343,166,81,272
343,166,81,273,406
343,166,81,273
343,166,81,393
343,166,81,274,410
343,166,81,274
343,166,360,272,408
343,166,360,272
343,166,360,273,406
343,166,360,273
343,166,360,393
343,166,82,273,406
343,166,82,273
343,166,82,393
343,166,82,274,410
343,166,82,274
343,166,83,271,403
343,166,83,271
343,166,83,274,410
343,166,83,274
343,166,361,184
343,166,361,273,406
343,166,361,273
343,166,84,272,408
343,166,84,272
343,166,386,390,394
343,166,386,390
343,166,85,273,406
343,166,85,273
343,166,387,391,397
343,166,387,391
343,166,86,274,410
343,166,86,274
343,169,83,271,403
343,169,83,271
343,169,83,274,410
343,169,83,274
343,169,361,184
343,169,361,273,406
343,169,361,273
343,169,84,272,408
343,169,84,272
343,169,386,390,394
343,169,386,390
343,169,85,273,406
343,169,85,273
343,169,387,391,397
343,169,387,391
343,169,86,274,410
343,169,86,274
343,256,82,270,396
343,256,82,270
343,256,82,273,406
343,256,82,273
343,256,82,393
343,256,83,271,403
343,256,83,271
343,256,361,184
343,256,84,272,408
343,256,84,272
343,256,386,390,394
343,256,386,390
343,256,85,273,406
343,256,85,273
343,257,83,271,403
343,257,83,271
343,257,361,184
343,257,84,272,408
343,257,84,272
343,257,386,390,394
343,257,386,390
343,257,85,273,406
343,257,85,273
343,170,83,271,403
343,170,83,271
343,170,83,274,410
343,170,83,274
343,170,361,184
343,170,361,273,406
343,170,361,273
343,170,84,272,408
343,170,84,272
343,170,386,390,394
343,170,386,390
343,170,85,273,406
343,170,85,273
343,170,387,391,397
343,170,387,391
343,170,86,274,410
343,170,86,274
343,258,82,270,396
343,258,82,270
343,258,82,273,406
343,258,82,273
343,258,82,393
343,258,83,271,403
343,258,83,271
343,258,361,184
343,258,84,272,408
343,258,84,272
343,258,386,390,394
343,258,386,390
343,258,85,273,406
343,258,85,273
343,171,84,272,408
343,171,84,272
343,171,386,390,394
343,171,386,390
343,171,85,273,406
343,171,85,273
343,171,387,391,397
343,171,387,391
343,171,86,274,410
343,171,86,274
343,172,85,273,406
343,172,85,273
343,172,387,391,397
343,172,387,391
343,172,86,274,410
343,172,86,274
343,259,84,272,408
343,259,84,272
343,259,386,390,394
343,259,386,390
343,259,85,273,406
343,259,85,273
343,173,387,391,397
343,173,387,391
343,173,86,274,410
343,173,86,274
343,260,85,273,406
343,260,85,273
65,254,359,182,408
65,254,359,271,403
65,254,359,271
65,254,359,272,408
65,254,359,272
65,254,359,273,406
65,254,359,273
65,254,359,393,414
65,254,359,393
65,254,81,272,408
65,254,81,272
65,254,81,273,406
65,254,81,273
65,254,81,393,414
65,254,81,393
65,254,81,274,410
65,254,81,274
65,254,360,272,408
65,254,360,272
65,254,360,273,406
65,254,360,273
65,254,360,393,414
65,254,360,393
65,254,82,273,406
65,254,82,273
65,254,82,393,414
65,254,82,393
65,254,82,274,410
65,254,82,274
65,254,83,271,403
65,254,83,271
65,254,83,274,410
65,254,83,274
65,254,361,184
65,254,361,273,406
65,254,361,273
65,254,361,393,414
65,254,361,393
65,254,84,272,408
65,254,84,272
65,254,386,390,394
65,254,386,390
65,254,85,273,406
65,254,85,273
65,254,387,391,397
65,254,387,391
65,254,86,274,410
65,254,86,274
65,254,362,393,414
65,254,362,393
65,257,83,271,403
65,257,83,271
65,257,83,274,410
65,257,83,274
65,257,361,184
65,257,361,273,406
65,257,361,273
65,257,361,393,414
65,257,361,393
65,257,84,272,408
65,257,84,272
65,257,386,390,394
65,257,386,390
65,257,85,273,406
65,257,85,273
65,257,387,391,397
65,257,387,391
65,257,86,274,410
65,257,86,274
65,257,362,393,414
65,257,362,393
65,170,85,273,406
65,170,85,273
65,170,387,391,397
65,170,387,391
65,170,86,274,410
65,170,86,274
65,170,362,393,414
65,170,362,393
65,258,84,272,408
65,258,84,272
65,258,386,390,394
65,258,386,390
65,258,85,273,406
65,258,85,273
65,258,387,391,397
65,258,387,391
65,258,86,274,410
65,258,86,274
65,258,362,393,414
65,258,362,393
65,171,86,274,410
65,171,86,274
65,171,362,393,414
65,171,362,393
65,172,85,273,406
65,172,85,273
65,172,387,391,397
65,172,387,391
65,172,86,274,410
65,172,86,274
65,172,362,393,414
65,172,362,393
65,259,84,272,408
65,259,84,272
65,259,386,390,394
65,259,386,390
65,259,85,273,406
65,259,85,273
65,259,387,391,397
65,259,387,391
65,259,86,274,410
65,259,86,274
65,259,362,393,414
65,259,362,393
65,173,387,391,397
65,173,387,391
65,173,86,274,410
65,173,86,274
65,173,362,393,414
65,173,362,393
65,260,85,273,406
65,260,85,273
65,260,387,391,397
65,260,387,391
65,260,86,274,410
65,260,86,274
65,260,362,393,414
65,260,362,393
65,174,362,393,414
65,174,362,393
65,261,86,274,410
65,261,86,274
65,261,362,393,414
65,261,362,393
161,349,262,84,413
161,349,262,84,415
161,349,262,89
161,349,262,364,402,412
161,349,262,364,402
161,349,262,364
161,349,262,90,413
161,349,262,90
161,349,262,91,415
161,349,262,91
161,349,262,392
161,349,176,91,415
161,349,176,91
161,349,176,392
161,349,176,395
161,349,263,85,413
161,349,263,85,415
161,349,263,90,413
161,349,263,90
161,349,263,91,415
161,349,263,91
161,349,263,392
161,349,177,362,415
161,349,177,392
161,349,177,395
161,349,264,86,415
161,349,264,89
161,349,264,364,402,412
161,349,264,364,402
161,349,264,364
161,349,264,90,413
161,349,264,90
161,349,264,91,415
161,349,264,91
161,349,264,392
161,349,178,91,415
161,349,178,91
161,349,178,392
161,349,178,395
161,349,265,90,413
161,349,265,90
161,349,265,91,415
161,349,265,91
161,349,265,392
161,349,179,363,415
161,349,179,392
161,349,179,395
161,349,266,91,415
161,349,266,91
161,349,266,392
161,349,180,395
161,349,267,89
161,349,268,90,413
161,349,268,90
161,349,181,392
161,349,269,91,415
161,349,269,91
161,349,182,395
161,74,268,90,413
161,74,268,90
161,74,268,399
161,74,181,392
161,74,269,91,415
161,74,269,91
161,74,182,395
161,74,389
161,353,268,90,413
161,353,268,90
161,353,181,392
161,353,269,91,415
161,353,269,91
161,353,182,395
161,75,269,91,415
161,75,269,91
161,75,182,395
161,75,389
161,354,181,392
161,354,269,91,415
161,354,269,91
161,354,182,395
161,76,268,90,413
161,76,268,90
161,76,268,399
161,76,181,392
161,76,269,91,415
161,76,269,91
161,76,182,395
161,76,389
161,355,268,90,413
161,355,268,90
161,355,181,392
161,355,269,91,415
161,355,269,91
161,355,182,395
161,77,269,91,415
161,77,269,91
161,77,182,395
161,77,389
161,356,181,392
161,356,269,91,415
161,356,269,91
161,356,182,395
161,78,389
161,357,182,395
161,79,389
248,70,264,86,413
248,70,264,86,415
248,70,264,89
248,70,264,364,402,412
248,70,264,364,402
248,70,264,364
248,70,264,90,413
248,70,264,90
248,70,264,91,415
248,70,264,91
248,70,264,392
248,70,264,395
248,70,178,91,415
248,70,178,91
248,70,178,392
248,70,178,395
248,70,178,399
248,70,265,87,413
248,70,265,87,415
248,70,265,90,413
248,70,265,90
248,70,265,91,415
248,70,265,91
248,70,265,392
248,70,265,395
248,70,179,363,415
248,70,179,392
248,70,179,395
248,70,179,399
248,70,266,88,415
248,70,266,91,415
248,70,266,91
248,70,266,392
248,70,266,395
248,70,180,395
248,70,180,399
248,70,267,89
248,70,267,395
248,70,268,90,413
248,70,268,90
248,70,181,392
248,70,269,91,415
248,70,269,91
248,70,182,395
248,70,183,399
248,73,267,89
248,73,267,395
248,73,268,90,413
248,73,268,90
248,73,181,392
248,73,269,91,415
248,73,269,91
248,73,182,395
248,73,183,399
248,73,389
248,352,180,364,402
248,352,180,364
248,352,180,395
248,352,267,89
248,352,268,90,413
248,352,268,90
248,352,181,392
248,352,269,91,415
248,352,269,91
248,352,182,395
248,74,268,90,413
248,74,268,90
248,74,181,392
248,74,269,91,415
248,74,269,91
248,74,182,395
248,74,183,399
248,74,389
248,353,268,90,413
248,353,268,90
248,353,181,392
248,353,269,91,415
248,353,269,91
248,353,182,395
248,75,267,89
248,75,267,395
248,75,268,90,413
248,75,268,90
248,75,181,392
248,75,269,91,415
248,75,269,91
248,75,182,395
248,75,183,399
248,75,389
248,354,180,364,402
248,354,180,364
248,354,180,395
248,354,267,89
248,354,268,90,413
248,354,268,90
248,354,181,392
248,354,269,91,415
248,354,269,91
248,354,182,395
248,76,268,90,413
248,76,268,90
248,76,181,392
248,76,269,91,415
248,76,269,91
248,76,182,395
248,76,183,399
248,76,389
248,355,268,90,413
248,355,268,90
248,355,181,392
248,355,269,91,415
248,355,269,91
248,355,182,395
248,77,269,91,415
248,77,269,91
248,77,182,395
248,77,183,399
248,77,389
248,356,181,392
248,356,269,91,415
248,356,269,91
248,356,182,395
248,78,183,399
248,78,389
248,357,182,395
248,79,389
344,167,80,269,408
344,167,80,272,408
344,167,80,272
344,167,80,273,406
344,167,80,273
344,167,80,393,414
344,167,80,393
344,167,80,274,410
344,167,80,274
344,167,358,272,408
344,167,358,272
344,167,358,273,406
344,167,358,273
344,167,358,393,414
344,167,358,393
344,167,358,274,410
344,167,358,274
344,167,359,182,408
344,167,359,271,403
344,167,359,271
344,167,359,272,408
344,167,359,272
344,167,359,273,406
344,167,359,273
344,167,359,393,414
344,167,359,393
344,167,359,274,410
344,167,359,274
344,167,81,272,408
344,167,81,272
344,167,81,273,406
344,167,81,273
344,167,81,393,414
344,167,81,393
344,167,81,274,410
344,167,81,274
344,167,360,272,408
344,167,360,272
344,167,360,273,406
344,167,360,273
344,167,360,393,414
344,167,360,393
344,167,360,274,410
344,167,360,274
344,167,82,273,406
344,167,82,273
344,167,82,393,414
344,167,82,393
344,167,82,274,410
344,167,82,274
344,167,83,274,410
344,167,83,274
344,167,361,273,406
344,167,361,273
344,167,361,393,414
344,167,361,393
344,167,361,274,410
344,167,361,274
344,167,84,272,408
344,167,84,272
344,167,386,390,394
344,167,386,390
344,167,85,273,406
344,167,85,273
344,167,387,391,397
344,167,387,391
344,167,86,274,410
344,167,86,274
344,167,362,393,414
344,167,362,393
344,257,83,271,403
344,257,83,271
344,257,83,274,410
344,257,83,274
344,257,361,184
344,257,84,272,408
344,257,84,272
344,257,386,390,394
344,257,386,390
344,257,85,273,406
344,257,85,273
344,257,387,391,397
344,257,387,391
344,257,86,274,410
344,257,86,274
344,170,85,273,406
344,170,85,273
344,170,387,391,397
344,170,387,391
344,170,86,274,410
344,170,86,274
344,170,362,393,414
344,170,362,393
344,258,84,272,408
344,258,84,272
344,258,386,390,394
344,258,386,390
344,258,85,273,406
344,258,85,273
344,258,387,391,397
344,258,387,391
344,258,86,274,410
344,258,86,274
344,171,84,272,408
344,171,84,272
344,171,386,390,394
344,171,386,390
344,171,85,273,406
344,171,85,273
344,171,387,391,397
344,171,387,391
344,171,86,274,410
344,171,86,274
344,171,362,393,414
344,171,362,393
344,172,85,273,406
344,172,85,273
344,172,387,391,397
344,172,387,391
344,172,86,274,410
344,172,86,274
344,172,362,393,414
344,172,362,393
344,259,84,272,408
344,259,84,272
344,259,386,390,394
344,259,386,390
344,259,85,273,406
344,259,85,273
344,259,387,391,397
344,259,387,391
344,259,86,274,410
344,259,86,274
344,173,387,391,397
344,173,387,391
344,173,86,274,410
344,173,86,274
344,173,362,393,414
344,173,362,393
344,260,85,273,406
344,260,85,273
344,260,387,391,397
344,260,387,391
344,260,86,274,410
344,260,86,274
344,174,362,393,414
344,174,362,393
344,261,86,274,410
344,261,86,274
66,255,81,272,408
66,255,81,272
66,255,81,273,406
66,255,81,273
66,255,81,393,414
66,255,81,393
66,255,81,274,410
66,255,81,274
66,255,360,272,408
66,255,360,272
66,255,360,273,406
66,255,360,273
66,255,360,393,414
66,255,360,393
66,255,360,274,410
66,255,360,274
66,255,82,273,406
66,255,82,273
66,255,82,393,414
66,255,82,393
66,255,82,274,410
66,255,82,274
66,255,83,274,410
66,255,83,274
66,255,361,273,406
66,255,361,273
66,255,361,393,414
66,255,361,393
66,255,361,274,410
66,255,361,274
66,255,84,272,408
66,255,84,272
66,255,386,390,394
66,255,386,390
66,255,85,273,406
66,255,85,273
66,255,387,391,397
66,255,387,391
66,255,86,274,410
66,255,86,274
66,255,362,393,414
66,255,362,393
66,258,84,272,408
66,258,84,272
66,258,386,390,394
66,258,386,390
66,258,85,273,406
66,258,85,273
66,258,387,391,397
66,258,387,391
66,258,86,274,410
66,258,86,274
66,258,362,393,414
66,258,362,393
66,171,86,274,410
66,171,86,274
66,171,86,275,417
66,171,86,275
66,171,362,393,414
66,171,362,393
66,171,89,275,417
66,171,89,275
66,172,89,275,417
66,172,89,275
66,259,84,272,408
66,259,84,272
66,259,386,390,394
66,259,386,390
66,259,85,273,406
66,259,85,273
66,259,387,391,397
66,259,387,391
66,259,86,274,410
66,259,86,274
66,259,362,393,414
66,259,362,393
66,173,387,391,397
66,173,387,391
66,173,86,274,410
66,173,86,274
66,173,86,275,417
66,173,86,275
66,173,362,393,414
66,173,362,393
66,173,89,275,417
66,173,89,275
66,260,85,273,406
66,260,85,273
66,260,387,391,397
66,260,387,391
66,260,86,274,410
66,260,86,274
66,260,362,393,414
66,260,362,393
66,174,362,393,414
66,174,362,393
66,174,89,275,417
66,174,89,275
66,261,86,274,410
66,261,86,274
66,261,362,393,414
66,261,362,393
66,175,89,275,417
66,175,89,275
66,176,89,275,417
66,176,89,275
162,350,176,91,415
162,350,176,91
162,350,176,392
162,350,176,395
162,350,176,399
162,350,263,85,413
162,350,263,85,415
162,350,263,90,413
162,350,263,90
162,350,263,91,415
162,350,263,91
162,350,263,392
162,350,263,395
162,350,177,362,415
162,350,177,392
162,350,177,395
162,350,177,399
162,350,264,86,415
162,350,264,91,415
162,350,264,91
162,350,264,392
162,350,264,395
162,350,178,91,415
162,350,178,91
162,350,178,392
162,350,178,395
162,350,178,399
162,350,265,90,413
162,350,265,90
162,350,265,91,415
162,350,265,91
162,350,265,392
162,350,265,395
162,350,179,363,415
162,350,179,392
162,350,179,395
162,350,179,399
162,350,266,91,415
162,350,266,91
162,350,266,392
162,350,266,395
162,350,180,395
162,350,180,399
162,350,267,395
162,350,268,90,413
162,350,268,90
162,350,181,392
162,350,269,91,415
162,350,269,91
162,350,182,395
162,350,183,399
162,350,389
162,353,268,90,413
162,353,268,90
162,353,181,392
162,353,269,91,415
162,353,269,91
162,353,182,395
162,353,183,399
162,353,389
162,75,269,91,415
162,75,269,91
162,75,182,395
162,75,183,399
162,75,389
162,75,184,404
162,354,181,392
162,354,269,91,415
162,354,269,91
162,354,182,395
162,354,183,399
162,354,389
162,76,183,399
162,76,389
162,76,184,404
162,355,268,90,413
162,355,268,90
162,355,181,392
162,355,269,91,415
162,355,269,91
162,355,182,395
162,355,183,399
162,355,389
162,77,269,91,415
162,77,269,91
162,77,182,395
162,77,183,399
162,77,389
162,77,184,404
162,356,181,392
162,356,269,91,415
162,356,269,91
162,356,182,395
162,356,183,399
162,356,389
162,78,183,399
162,78,389
162,78,184,404
162,357,182,395
162,357,183,399
162,357,389
162,79,389
162,79,184,404
162,80,184,404
249,71,265,87,413
249,71,265,87,415
249,71,265,90,413
249,71,265,90
249,71,265,91,415
249,71,265,91
249,71,265,392
249,71,265,395
249,71,265,399
249,71,179,363,415
249,71,179,392
249,71,179,395
249,71,179,399
249,71,266,88,415
249,71,266,91,415
249,71,266,91
249,71,266,392
249,71,266,395
249,71,266,399
249,71,180,395
249,71,180,399
249,71,267,395
249,71,267,399
249,71,268,90,413
249,71,268,90
249,71,268,399
249,71,181,392
249,71,269,91,415
249,71,269,91
249,71,182,395
249,71,183,399
249,71,389
249,71,184,404
249,74,268,90,413
249,74,268,90
249,74,268,399
249,74,181,392
249,74,269,91,415
249,74,269,91
249,74,182,395
249,74,183,399
249,74,389
249,74,184,404
249,353,268,90,413
249,353,268,90
249,353,181,392
249,353,269,91,415
249,353,269,91
249,353,182,395
249,353,183,399
249,75,269,91,415
249,75,269,91
249,75,182,395
249,75,183,399
249,75,389
249,75,184,404
249,354,181,392
249,354,269,91,415
249,354,269,91
249,354,182,395
249,354,183,399
249,76,268,90,413
249,76,268,90
249,76,268,399
249,76,181,392
249,76,269,91,415
249,76,269,91
249,76,182,395
249,76,183,399
249,76,389
249,76,184,404
249,355,268,90,413
249,355,268,90
249,355,181,392
249,355,269,91,415
249,355,269,91
249,355,182,395
249,355,183,399
249,77,269,91,415
249,77,269,91
249,77,182,395
249,77,183,399
249,77,389
249,77,184,404
249,356,181,392
249,356,269,91,415
249,356,269,91
249,356,182,395
249,356,183,399
249,78,183,399
249,78,389
249,78,184,404
249,357,182,395
249,357,183,399
249,79,389
249,79,184,404
249,80,184,404
345,168,358,272,408
345,168,358,272
345,168,358,273,406
345,168,358,273
345,168,358,393,414
345,168,358,393
345,168,358,274,410
345,168,358,274
345,168,359,273,406
345,168,359,273
345,168,359,393,414
345,168,359,393
345,168,359,274,410
345,168,359,274
345,168,81,274,410
345,168,81,274
345,168,360,272,408
345,168,360,272
345,168,360,273,406
345,168,360,273
345,168,360,393,414
345,168,360,393
345,168,360,274,410
345,168,360,274
345,168,82,273,406
345,168,82,273
345,168,82,393,414
345,168,82,393
345,168,82,274,410
345,168,82,274
345,168,83,274,410
345,168,83,274
345,168,361,273,406
345,168,361,273
345,168,361,393,414
345,168,361,393
345,168,361,274,410
345,168,361,274
345,168,386,390,408
345,168,85,273,406
345,168,85,273
345,168,387,391,397
345,168,387,391
345,168,86,274,410
345,168,86,274
345,168,362,393,414
345,168,362,393
345,170,85,273,406
345,170,85,273
345,170,387,391,397
345,170,387,391
345,170,86,274,410
345,170,86,274
345,170,362,393,414
345,170,362,393
345,258,84,272,408
345,258,84,272
345,258,386,390,394
345,258,386,390
345,258,85,273,406
345,258,85,273
345,258,387,391,397
345,258,387,391
345,258,86,274,410
345,258,86,274
345,258,362,393,414
345,258,362,393
345,171,86,274,410
345,171,86,274
345,171,362,393,414
345,171,362,393
345,172,85,273,406
345,172,85,273
345,172,387,391,397
345,172,387,391
345,172,86,274,410
345,172,86,274
345,172,362,393,414
345,172,362,393
345,259,84,272,408
345,259,84,272
345,259,386,390,394
345,259,386,390
345,259,85,273,406
345,259,85,273
345,259,387,391,397
345,259,387,391
345,259,86,274,410
345,259,86,274
345,259,362,393,414
345,259,362,393
345,173,387,391,397
345,173,387,391
345,173,86,274,410
345,173,86,274
345,173,362,393,414
345,173,362,393
345,260,85,273,406
345,260,85,273
345,260,387,391,397
345,260,387,391
345,260,86,274,410
345,260,86,274
345,260,362,393,414
345,260,362,393
345,174,362,393,414
345,174,362,393
345,261,86,274,410
345,261,86,274
345,261,362,393,414
345,261,362,393
67,256,82,273,406
67,256,82,273
67,256,82,393,414
67,256,82,393
67,256,82,274,410
67,256,82,274
67,256,82,275
67,256,83,274,410
67,256,83,274
67,256,83,275
67,256,361,273,406
67,256,361,273
67,256,361,393,414
67,256,361,393
67,256,361,274,410
67,256,361,274
67,256,84,275
67,256,386,390,408
67,256,85,273,406
67,256,85,273
67,256,85,275
67,256,387,391,397
67,256,387,391
67,256,86,274,410
67,256,86,274
67,256,86,275
67,256,362,393,414
67,256,362,393
67,259,86,274,410
67,259,86,274
67,259,86,275
67,259,362,393,414
67,259,362,393
67,260,85,273,406
67,260,85,273
67,260,85,275
67,260,387,391,397
67,260,387,391
67,260,86,274,410
67,260,86,274
67,260,86,275
67,260,362,393,414
67,260,362,393
67,174,362,393,414
67,174,362,393
67,174,362,275
67,261,86,274,410
67,261,86,274
67,261,86,275
67,261,362,393,414
67,261,362,393
163,351,177,362,415
163,351,177,392
163,351,177,395
163,351,177,399
163,351,177,404
163,351,264,86,415
163,351,264,91,415
163,351,264,91
163,351,264,392
163,351,264,395
163,351,264,399
163,351,178,395
163,351,178,399
163,351,178,404
163,351,265,395
163,351,265,399
163,351,179,363,415
163,351,179,392
163,351,179,395
163,351,179,399
163,351,179,404
163,351,266,91,415
163,351,266,91
163,351,266,392
163,351,266,395
163,351,266,399
163,351,180,395
163,351,180,399
163,351,180,404
163,351,267,395
163,351,267,399
163,351,268,399
163,351,181,392
163,351,181,404
163,351,269,91,415
163,351,269,91
163,351,182,395
163,351,183,399
163,351,389
163,354,181,392
163,354,181,404
163,354,269,91,415
163,354,269,91
163,354,182,395
163,354,183,399
163,354,389
163,76,183,399
163,76,389
163,355,182,395
163,355,183,399
163,355,389
163,77,389
163,356,181,392
163,356,181,404
163,356,269,91,415
163,356,269,91
163,356,182,395
163,356,183,399
163,356,389
163,78,183,399
163,78,389
163,357,182,395
163,357,183,399
163,357,389
163,79,389
250,72,266,88,415
250,72,266,91,415
250,72,266,91
250,72,266,392
250,72,266,395
250,72,266,399
250,72,180,395
250,72,180,399
250,72,180,404
250,72,267,395
250,72,267,399
250,72,268,399
250,72,181,404
250,72,269,91,415
250,72,269,91
250,72,182,395
250,72,183,399
250,72,389
250,72,184,404
250,75,269,91,415
250,75,269,91
250,75,182,395
250,75,183,399
250,75,389
250,75,184,404
250,354,181,392
250,354,269,91,415
250,354,269,91
250,354,182,395
250,354,183,399
250,354,389
250,76,183,399
250,76,389
250,76,184,404
250,355,182,395
250,355,183,399
250,355,389
250,77,269,91,415
250,77,269,91
250,77,182,395
250,77,183,399
250,77,389
250,77,184,404
250,356,181,392
250,356,269,91,415
250,356,269,91
250,356,182,395
250,356,183,399
250,356,389
250,78,183,399
250,78,389
250,78,184,404
250,357,182,395
250,357,183,399
250,357,389
250,79,389
250,79,184,404
250,80,184,404
346,169,359,273,406
346,169,359,273
346,169,359,393,414
346,169,359,393
346,169,359,274,410
346,169,359,274
346,169,81,274,410
346,169,81,274
346,169,81,275,417
346,169,81,275
346,169,360,274,410
346,169,360,274
346,169,82,275,417
346,169,82,275
346,169,83,274,410
346,169,83,274
346,169,83,275,417
346,169,83,275
346,169,361,273,406
346,169,361,273
346,169,361,393,414
346,169,361,393
346,169,361,274,410
346,169,361,274
346,169,84,275,417
346,169,84,275
346,169,386,390,408
346,169,85,275,417
346,169,85,275
346,169,86,274,410
346,169,86,274
346,169,86,275,417
346,169,86,275
346,169,362,393,414
346,169,362,393
346,169,89,275,417
346,169,89,275
346,171,86,274,410
346,171,86,274
346,171,86,275,417
346,171,86,275
346,171,362,393,414
346,171,362,393
346,171,89,275,417
346,171,89,275
346,172,89,275,417
346,172,89,275
346,259,86,274,410
346,259,86,274
346,259,362,393,414
346,259,362,393
346,173,89,275,417
346,173,89,275
346,260,85,273,406
346,260,85,273
346,260,387,391,397
346,260,387,391
346,260,86,274,410
346,260,86,274
346,260,362,393,414
346,260,362,393
346,174,362,393,414
346,174,362,393
346,174,89,275,417
346,174,89,275
346,261,86,274,410
346,261,86,274
346,261,362,393,414
346,261,362,393
346,175,89,275,417
346,175,89,275
346,176,89,275,417
346,176,89,275
68,257,83,274,410
68,257,83,274
68,257,83,275,417
68,257,83,275
68,257,361,273,406
68,257,361,273
68,257,361,393,414
68,257,361,393
68,257,361,274,410
68,257,361,274
68,257,84,275,417
68,257,84,275
68,257,386,390,408
68,257,85,275,417
68,257,85,275
68,257,86,274,410
68,257,86,274
68,257,86,275,417
68,257,86,275
68,257,362,393,414
68,257,362,393
68,257,89,275,417
68,257,89,275
68,259,86,274,410
68,259,86,274
68,259,86,275,417
68,259,86,275
68,259,362,393,414
68,259,362,393
68,259,89,275,417
68,259,89,275
68,173,89,275,417
68,173,89,275
68,260,89,275,417
68,260,89,275
68,174,89,275,417
68,174,89,275
68,261,86,274,410
68,261,86,274
68,261,86,275,417
68,261,86,275
68,261,362,393,414
68,261,362,393
68,261,89,275,417
68,261,89,275
68,175,89,275,417
68,175,89,275
68,262,89,275,417
68,262,89,275
68,176,89,275,417
68,176,89,275
68,263,89,275,417
68,263,89,275
68,264,89,275,417
68,264,89,275
164,352,178,395
164,352,178,399
164,352,178,404
164,352,265,395
164,352,265,399
164,352,265,404
164,352,179,399
164,352,179,404
164,352,266,399
164,352,266,404
164,352,180,395
164,352,180,399
164,352,180,404
164,352,267,395
164,352,267,399
164,352,267,404
164,352,268,399
164,352,268,404
164,352,181,404
164,352,269,404
164,352,182,395
164,352,183,399
164,352,389
164,352,184,404
164,355,182,395
164,355,183,399
164,355,389
164,355,184,404
164,77,389
164,77,184,404
164,356,183,399
164,356,389
164,356,184,404
164,78,184,404
164,357,182,395
164,357,183,399
164,357,389
164,357,184,404
164,79,389
164,79,184,404
164,80,184,404
164,358,184,404
251,73,267,395
251,73,267,399
251,73,267,404
251,73,268,399
251,73,268,404
251,73,181,404
251,73,269,404
251,73,183,399
251,73,389
251,73,184,404
251,76,183,399
251,76,389
251,76,184,404
251,355,182,395
251,355,183,399
251,355,389
251,355,184,404
251,77,389
251,77,184,404
251,356,183,399
251,356,389
251,356,184,404
251,78,183,399
251,78,389
251,78,184,404
251,357,182,395
251,357,183,399
251,357,389
251,357,184,404
251,79,389
251,79,184,404
251,80,184,404
251,358,184,404
69,258,84,275,417
69,258,84,275
69,258,386,390,408
69,258,85,275,417
69,258,85,275
69,258,86,275,417
69,258,86,275
69,258,362,275,417
69,258,362,275
69,258,89,275,417
69,258,89,275
69,260,89,275,417
69,260,89,275
69,174,89,275,417
69,174,89,275
69,261,89,275,417
69,261,89,275
69,262,89,275,417
69,262,89,275
69,176,89,275,417
69,176,89,275
69,263,89,275,417
69,263,89,275
69,264,89,275,417
69,264,89,275
165,353,179,399
165,353,179,404
165,353,266,399
165,353,266,404
165,353,180,404
165,353,267,404
165,353,268,399
165,353,268,404
165,353,181,404
165,353,269,404
165,353,183,399
165,353,389
165,353,184,404
165,356,183,399
165,356,389
165,356,184,404
165,78,184,404
165,357,184,404
165,80,184,404
165,358,184,404
252,74,268,399
252,74,268,404
252,74,181,404
252,74,269,404
252,74,389
252,74,184,404
252,77,389
252,77,184,404
252,356,183,399
252,356,389
252,356,184,404
252,78,184,404
252,357,184,404
252,79,389
252,79,184,404
252,80,184,404
252,358,184,404
347,170,83,275,417
347,170,83,275
347,170,361,275,417
347,170,361,275
347,170,84,275,417
347,170,84,275
347,170,85,275,417
347,170,85,275
347,170,86,275,417
347,170,86,275
347,170,362,275,417
347,170,362,275
347,170,89,275,417
347,170,89,275
347,260,89,275,417
347,260,89,275
347,174,89,275,417
347,174,89,275
347,261,89,275,417
347,261,89,275
347,262,89,275,417
347,262,89,275
347,176,89,275,417
347,176,89,275
347,263,89,275,417
347,263,89,275
347,264,89,275,417
347,264,89,275
166,354,180,404
166,354,267,404
166,354,268,404
166,354,181,404
166,354,269,404
166,354,389
166,354,184,404
166,357,184,404
166,358,184,404
253,75,269,404
253,75,389
253,75,184,404
253,78,184,404
253,357,184,404
253,80,184,404
253,358,184,404
348,171,84,275,417
348,171,84,275
348,171,86,275,417
348,171,86,275
348,171,362,275,417
348,171,362,275
348,171,89,275,417
348,171,89,275
348,171,394
348,261,89,275,417
348,261,89,275
348,262,89,275,417
348,262,89,275
348,176,394
348,263,89,275,417
348,263,89,275
348,177,394
348,264,89,275,417
348,264,89,275
348,178,394
348,179,394
70,259,86,275,417
70,259,86,275
70,259,362,275,417
70,259,362,275
70,259,89,275,417
70,259,89,275
70,259,394
70,259,395,411,416
70,259,395,411
70,262,89,275,417
70,262,89,275
70,262,394
70,262,395,411,416
70,262,395,411
70,176,394
70,176,395,411,416
70,176,395,411
70,263,394
70,263,395,411,416
70,263,395,411
70,177,394
70,177,395,411,416
70,177,395,411
70,177,397
70,264,89,275,417
70,264,89,275
70,264,394
70,264,395,411,416
70,264,395,411
70,178,394
70,178,395,411,416
70,178,395,411
70,178,397
70,265,394
70,265,395,411,416
70,265,395,411
70,179,394
70,179,395,411,416
70,179,395,411
70,179,397
70,266,394
70,266,395,411,416
70,266,395,411
70,180,395,411,416
70,180,395,411
70,180,397
70,267,394
70,267,395,411,416
70,267,395,411
167,355,268,404
167,355,389
167,80,398,405,409
167,80,398,405
167,80,398
167,80,400,407
167,80,400
167,81,398,405,409
167,81,398,405
167,81,398
167,81,400,407
167,81,400
167,82,398,405,409
167,82,398,405
167,82,398
167,82,400,407
167,82,400
167,83,398,405,409
167,83,398,405
167,83,398
167,83,400,407
167,83,400
167,84,398,405,409
167,84,398,405
167,84,398
167,84,400,407
167,84,400
254,76,389
254,79,398
254,80,398
254,81,398
254,82,398
254,83,398
254,84,398
349,172,394
349,172,395,411,416
349,172,395,411
349,172,397
349,262,89,275,417
349,262,89,275
349,262,394
349,176,394
349,176,395,411,416
349,176,395,411
349,263,394
349,177,394
349,177,395,411,416
349,177,395,411
349,177,397
349,264,89,275,417
349,264,89,275
349,264,394
349,178,394
349,178,395,411,416
349,178,395,411
349,178,397
349,265,394
349,179,394
349,179,395,411,416
349,179,395,411
349,179,397
349,266,394
349,180,395,411,416
349,180,395,411
349,180,397
349,267,394
71,260,394
71,260,395,411,416
71,260,395,411
71,260,397
71,263,394
71,263,395,411,416
71,263,395,411
71,263,397
71,177,394
71,177,395,411,416
71,177,395,411
71,177,397
71,177,403
71,264,394
71,264,395,411,416
71,264,395,411
71,264,397
71,178,395,411,416
71,178,395,411
71,178,397
71,178,403
71,265,394
71,265,395,411,416
71,265,395,411
71,265,397
71,179,394
71,179,395,411,416
71,179,395,411
71,179,397
71,179,403
71,266,394
71,266,395,411,416
71,266,395,411
71,266,397
71,180,395,411,416
71,180,395,411
71,180,397
71,180,403
71,267,394
71,267,395,411,416
71,267,395,411
71,267,397
71,268,397
71,181,403
168,356,389
168,356,398,405,409
168,356,398,405
168,356,398
168,358,398,405,409
168,358,398,405
168,358,398
168,358,400
168,359,398,405,409
168,359,398,405
168,359,398
168,359,400
168,81,398,405,409
168,81,398,405
168,81,398
168,81,400
168,81,401
168,81,402,412
168,81,402
168,360,398,405,409
168,360,398,405
168,360,398
168,360,400
168,82,398,405,409
168,82,398,405
168,82,398
168,82,400
168,82,401
168,82,402,412
168,82,402
168,83,398,405,409
168,83,398,405
168,83,398
168,83,400
168,83,401
168,83,402,412
168,83,402
168,361,398,405,409
168,361,398,405
168,361,398
168,361,400
168,84,398,405,409
168,84,398,405
168,84,398
168,84,400
168,84,401
168,84,402,412
168,84,402
168,85,401
168,85,402,412
168,85,402
350,173,394
350,173,395,411,416
350,173,395,411
350,173,397
350,176,394
350,176,395,411,416
350,176,395,411
350,263,394
350,263,395,411,416
350,263,395,411
350,263,397
350,177,394
350,177,395,411,416
350,177,395,411
350,177,397
350,264,394
350,264,395,411,416
350,264,395,411
350,264,397
350,178,394
350,178,395,411,416
350,178,395,411
350,178,397
350,265,394
350,265,395,411,416
350,265,395,411
350,265,397
350,179,394
350,179,395,411,416
350,179,395,411
350,179,397
350,266,394
350,266,395,411,416
350,266,395,411
350,266,397
350,180,395,411,416
350,180,395,411
350,180,397
350,267,394
350,267,395,411,416
350,267,395,411
350,267,397
350,268,397
255,77,389
255,77,398,405,409
255,77,398,405
255,77,398
255,77,400,407
255,77,400
255,80,398,405,409
255,80,398,405
255,80,398
255,80,400,407
255,80,400
255,80,401
255,81,398,405,409
255,81,398,405
255,81,398
255,81,400,407
255,81,400
255,81,401
255,82,398,405,409
255,82,398,405
255,82,398
255,82,400,407
255,82,400
255,82,401
255,83,398,405,409
255,83,398,405
255,83,398
255,83,400,407
255,83,400
255,83,401
255,84,398,405,409
255,84,398,405
255,84,398
255,84,400,407
255,84,400
255,84,401
255,85,401
72,261,394
72,261,395,411,416
72,261,395,411
72,261,397
72,264,394
72,264,395,411,416
72,264,395,411
72,264,397
72,264,403
72,178,395,411,416
72,178,395,411
72,178,397
72,178,403
72,178,408
72,265,394
72,265,395,411,416
72,265,395,411
72,265,397
72,265,403
72,179,403
72,179,408
72,266,394
72,266,395,411,416
72,266,395,411
72,266,397
72,266,403
72,180,395,411,416
72,180,395,411
72,180,397
72,180,403
72,180,408
72,267,394
72,267,395,411,416
72,267,395,411
72,267,397
72,267,403
72,268,397
72,268,403
72,181,403
72,181,408
72,269,403
72,182,408
169,357,398,405,409
169,357,398,405
169,357,398
169,357,400,407
169,357,400
169,357,401
169,359,398,405,409
169,359,398,405
169,359,398
169,359,400,407
169,359,400
169,359,401
169,359,402
169,81,398,405,409
169,81,398,405
169,81,398
169,81,400,407
169,81,400
169,81,401
169,81,402
169,360,398,405,409
169,360,398,405
169,360,398
169,360,400,407
169,360,400
169,360,401
169,360,402
169,82,398,405,409
169,82,398,405
169,82,398
169,82,400,407
169,82,400
169,82,401
169,82,402
169,83,398,405,409
169,83,398,405
169,83,398
169,83,400,407
169,83,400
169,83,401
169,83,402
169,361,398,405,409
169,361,398,405
169,361,398
169,361,400,407
169,361,400
169,361,401
169,361,402
169,84,398,405,409
169,84,398,405
169,84,398
169,84,400,407
169,84,400
169,84,401
169,84,402
169,85,401
169,85,402
351,174,394
351,174,395,411,416
351,174,395,411
351,174,397
351,174,403
351,177,394
351,177,395,411,416
351,177,395,411
351,177,397
351,177,403
351,264,394
351,264,395,411,416
351,264,395,411
351,264,397
351,178,395,411,416
351,178,395,411
351,178,397
351,178,403
351,265,394
351,265,395,411,416
351,265,395,411
351,265,397
351,179,394
351,179,395,411,416
351,179,395,411
351,179,397
351,179,403
351,266,394
351,266,395,411,416
351,266,395,411
351,266,397
351,180,395,411,416
351,180,395,411
351,180,397
351,180,403
351,267,394
351,267,395,411,416
351,267,395,411
351,267,397
351,268,397
351,181,403
256,78,398,405,409
256,78,398,405
256,78,398
256,78,400,407
256,78,400
256,78,401
256,78,402,412
256,78,402
256,359,398,405,409
256,359,398,405
256,359,398
256,359,400,407
256,359,400
256,81,398,405,409
256,81,398,405
256,81,398
256,81,400,407
256,81,400
256,81,401
256,81,402,412
256,81,402
256,360,398,405,409
256,360,398,405
256,360,398
256,360,400,407
256,360,400
256,82,398,405,409
256,82,398,405
256,82,398
256,82,400,407
256,82,400
256,82,401
256,82,402,412
256,82,402
256,83,398,405,409
256,83,398,405
256,83,398
256,83,400,407
256,83,400
256,83,401
256,83,402,412
256,83,402
256,361,398,405,409
256,361,398,405
256,361,398
256,361,400,407
256,361,400
256,84,398,405,409
256,84,398,405
256,84,398
256,84,400,407
256,84,400
256,84,401
256,84,402,412
256,84,402
256,85,401
256,85,402,412
256,85,402
73,262,394
73,262,395,411,416
73,262,395,411
73,262,397
73,262,403
73,265,394
73,265,395,411,416
73,265,395,411
73,265,397
73,265,403
73,265,408
73,179,403
73,179,408
73,266,397
73,266,403
73,266,408
73,180,403
73,180,408
73,267,394
73,267,395,411,416
73,267,395,411
73,267,397
73,267,403
73,267,408
73,268,397
73,268,403
73,268,408
73,181,403
73,181,408
73,269,403
73,269,408
73,182,408
352,175,395,411,416
352,175,395,411
352,175,397
352,175,403
352,175,408
352,178,395,411,416
352,178,395,411
352,178,397
352,178,403
352,178,408
352,265,394
352,265,395,411,416
352,265,395,411
352,265,397
352,265,403
352,179,403
352,179,408
352,266,397
352,266,403
352,180,395,411,416
352,180,395,411
352,180,397
352,180,403
352,180,408
352,267,394
352,267,395,411,416
352,267,395,411
352,267,397
352,267,403
352,268,397
352,268,403
352,181,403
352,181,408
352,269,403
352,182,408
257,79,398,405,409
257,79,398,405
257,79,398
257,79,400,407
257,79,400
257,79,401
257,79,402,412
257,79,402
257,81,398,405,409
257,81,398,405
257,81,398
257,81,400,407
257,81,400
257,81,401
257,81,402,412
257,81,402
257,81,413
257,360,398,405,409
257,360,398,405
257,360,398
257,360,400,407
257,360,400
257,360,401
257,360,402,412
257,360,402
257,82,398,405,409
257,82,398,405
257,82,398
257,82,400,407
257,82,400
257,82,401
257,82,402,412
257,82,402
257,82,413
257,83,398,405,409
257,83,398,405
257,83,398
257,83,400,407
257,83,400
257,83,401
257,83,402,412
257,83,402
257,83,413
257,361,398,405,409
257,361,398,405
257,361,398
257,361,400,407
257,361,400
257,361,401
257,361,402,412
257,361,402
257,84,398,405,409
257,84,398,405
257,84,398
257,84,400,407
257,84,400
257,84,401
257,84,402,412
257,84,402
257,84,413
257,85,401
257,85,402,412
257,85,402
257,85,413
257,86,413
257,87,413
74,263,394
74,263,397
74,263,403
74,263,408
74,266,397
74,266,403
74,266,408
74,180,403
74,180,408
74,267,403
74,267,408
74,268,397
74,268,403
74,268,408
74,181,403
74,181,408
74,269,403
74,269,408
74,182,408
170,358,398,405,409
170,358,398,405
170,358,398
170,358,400,407
170,358,400
170,358,401
170,358,402,412
170,358,402
170,358,413
170,83,401
170,83,402,412
170,83,402
170,83,413
170,83,415
170,361,398,405,409
170,361,398,405
170,361,398
170,361,400,407
170,361,400
170,361,401
170,361,402,412
170,361,402
170,361,413
170,84,413
170,84,415
170,85,401
170,85,402,412
170,85,402
170,85,413
170,85,415
170,86,413
170,86,415
170,362,413
170,87,413
170,87,415
170,88,415
353,176,394
353,176,395,411
353,176,403
353,176,408
353,179,403
353,179,408
353,266,397
353,266,403
353,266,408
353,180,403
353,180,408
353,267,403
353,267,408
353,268,397
353,268,403
353,268,408
353,181,403
353,181,408
353,269,403
353,269,408
353,182,408
258,80,398,405,409
258,80,398,405
258,80,398
258,80,400,407
258,80,400
258,80,401
258,80,402,412
258,80,402
258,80,413
258,82,398,405,409
258,82,398,405
258,82,398
258,82,400,407
258,82,400
258,82,401
258,82,402,412
258,82,402
258,82,413
258,82,415
258,83,401
258,83,402,412
258,83,402
258,83,413
258,83,415
258,361,398,405,409
258,361,398,405
258,361,398
258,361,400,407
258,361,400
258,361,401
258,361,402,412
258,361,402
258,84,398,405,409
258,84,398,405
258,84,398
258,84,400,407
258,84,400
258,84,401
258,84,402,412
258,84,402
258,84,413
258,84,415
258,85,401
258,85,402,412
258,85,402
258,85,413
258,85,415
258,86,413
258,86,415
258,87,413
258,87,415
258,88,415
75,264,394
75,264,397
75,264,403
75,264,408
75,267,403
75,267,408
75,268,403
75,268,408
75,269,403
75,269,408
75,182,408
171,359,398,405,409
171,359,398,405
171,359,398
171,359,400,407
171,359,400
171,359,401
171,359,402,412
171,359,402
171,359,413
171,359,415
171,84,413
171,84,415
171,85,413
171,85,415
171,86,413
171,86,415
171,362,413
171,362,415
171,87,413
171,87,415
171,88,415
171,363,415
354,177,394
354,177,395,411
354,177,397
354,177,403
354,177,408
354,180,403
354,180,408
354,267,403
354,267,408
354,268,403
354,268,408
354,181,403
354,181,408
354,269,403
354,269,408
354,182,408
76,265,394
76,265,397
76,265,403
76,265,408
76,268,403
76,268,408
76,269,408
172,360,398,405,409
172,360,398,405
172,360,398
172,360,400,407
172,360,400
172,360,401
172,360,402,412
172,360,402
172,360,413
172,360,415
172,85,413
172,85,415
172,86,415
172,362,415
172,87,413
172,87,415
172,88,415
172,363,415
259,81,398,405,409
259,81,398,405
259,81,398
259,81,400,407
259,81,400
259,81,401
259,81,402,412
259,81,402
259,81,413
259,81,415
259,84,413
259,84,415
259,85,413
259,85,415
259,86,413
259,86,415
259,362,413
259,362,415
259,87,413
259,87,415
259,88,415
259,363,415
355,178,395,411
355,178,397
355,178,403
355,178,408
355,268,403
355,268,408
355,269,408
355,182,408
173,86,415
173,362,415
173,88,415
173,363,415
77,266,397
77,266,403
77,266,408
77,269,408
260,82,398,405,409
260,82,398,405
260,82,398
260,82,400,407
260,82,400
260,82,401
260,82,402,412
260,82,402
260,82,413
260,82,415
260,85,413
260,85,415
260,86,415
260,362,415
260,87,413
260,87,415
260,88,415
260,363,415
356,179,403
356,179,408
356,269,408
174,361,398,405,409
174,361,398,405
174,361,398
174,361,400,407
174,361,400
174,361,401
174,361,402,412
174,361,402
174,361,413
174,361,415
174,362,415
174,363,415
78,267,403
78,267,408
261,83,401
261,83,402,412
261,83,402
261,83,413
261,83,415
261,86,415
261,362,415
261,88,415
261,363,415
357,180,403
357,180,408
79,268,403
79,268,408
262,84,413
262,84,415
80,269,408
263,85,413
263,85,415
177,362,415
264,86,415
