98639
Solving Model
Environment: User provided options:
  problem_file = /tmp/tmpe7mj99p_.pyomo.nl
  ampl = 1
  branch_dir = 1
  threads = 4
  brancher = maxvio
  set_lp_method = 0
  sppheur = 1
  log_level = 3
  obj_gap_percent = 5
Environment: End of user provided options.

Bnb: Minotaur version 0.4 patch 1 git revision v0.4-103-ga3bd53de
Bnb: NLP based Branch-and-bound algorithm for convex MINLP
AMPLInterface: reading file /tmp/tmpe7mj99p_.pyomo.nl
AMPLInterface: problem type is MILP
Solver: time used in reading instance = 0.15
-----------------------------------------
|Constraint Statistics                  |
|---------------------------------------|
|Aggregation constraint       |       0 |
|Precedence constraint        |       0 |
|Variable Bound constraint    |       0 |
|Partitioning constraint      |       0 |
|Set Packing constraint       |       0 |
|Set Covering constraint      |       0 |
|Cardinality constraint       |       0 |
|Invariant Knapsack constraint|       0 |
|Equation Knapsack constraint |       0 |
|Bin Packing constraint       |       0 |
|Knapsack constraint          |       0 |
|Integer Knapsack constraint  |       0 |
|Mixed Binary constraint      |       0 |
|No specific structure        |    1066 |
-----------------------------------------
---------------------------------------------------
|Model Statistics                                 |
|-------------------------------------------------|
| # variables                               99172 |
| # binary variables                            0 |
| # general integer variables               98639 |
| # continuous variables                      533 |
| # fixed variables                             0 |
| # constraints                              1066 |
| # linear constraints                       1066 |
| # SOS1 constraints                            0 |
| # SOS2 constraints                            0 |
| # quadratic constraints                       0 |
| # nonlinear constraints                       0 |
| # constraints with linear terms            1066 |
| # constraints with bilinear terms             0 |
| # constraints with quadratic terms            0 |
| # linear terms in constraints            517642 |
| # bilinear terms in constraints               0 |
| # square terms in constraints                 0 |
| # quadratic terms in constraints              0 |
| # objectives                                  1 |
| # linear terms in objective               98639 |
| # quadratic terms in objective                0 |
| Type of objective:                       linear |
---------------------------------------------------
Bnb: objective sense: minimize
Bnb: handlers used in presolve:
Bnb: LinearHandler (Handling linear constraints)
Presolver: Presolving ... 
Presolver: Finished presolving.
LinearHandler: Statistics for presolve by Linear Handler:
LinearHandler: Number of iterations           = 2
LinearHandler: Time taken in initial presolve = 0.06
LinearHandler: Time taken in node presolves   = 0.00
LinearHandler: Number of variables deleted    = 533
LinearHandler: Number of constraints deleted  = 533
LinearHandler: Number of vars set to binary   = 0
LinearHandler: Number of vars set to integer  = 0
LinearHandler: Times variables tightened      = 533
LinearHandler: Times constraints tightened    = 0
LinearHandler: Times coefficients improved    = 0
LinearHandler: Times binary variable relaxed  = 0
LinearHandler: Changes in nodes               = 0
Presolver: ERROR: code to modify debug sol after presolve not available
---------------------------------------------------
|Model Statistics                                 |
|-------------------------------------------------|
| # variables                               98639 |
| # binary variables                        98639 |
| # general integer variables                   0 |
| # continuous variables                        0 |
| # fixed variables                             0 |
| # constraints                               533 |
| # linear constraints                        533 |
| # SOS1 constraints                            0 |
| # SOS2 constraints                            0 |
| # quadratic constraints                       0 |
| # nonlinear constraints                       0 |
| # constraints with linear terms             533 |
| # constraints with bilinear terms             0 |
| # constraints with quadratic terms            0 |
| # linear terms in constraints            516576 |
| # bilinear terms in constraints               0 |
| # square terms in constraints                 0 |
| # quadratic terms in constraints              0 |
| # objectives                                  1 |
| # linear terms in objective               98639 |
| # quadratic terms in objective                0 |
| Type of objective:                       linear |
---------------------------------------------------
-----------------------------------------
|Constraint Statistics                  |
|---------------------------------------|
|Aggregation constraint       |       0 |
|Precedence constraint        |       0 |
|Variable Bound constraint    |       0 |
|Partitioning constraint      |     533 |
|Set Packing constraint       |       0 |
|Set Covering constraint      |       0 |
|Cardinality constraint       |       0 |
|Invariant Knapsack constraint|       0 |
|Equation Knapsack constraint |       0 |
|Bin Packing constraint       |       0 |
|Knapsack constraint          |       0 |
|Integer Knapsack constraint  |       0 |
|Mixed Binary constraint      |       0 |
|No specific structure        |       0 |
-----------------------------------------
Bnb: engine used = OsiLP
Bnb: brancher used = MaxVioBrancher
BranchAndBound: starting branch-and-bound
 
----------------------------------------------------------------------------------------------
 Cpu(s)   Wall(s)              LB           UB        Gap%     Nodes-Proc     Nodes-Rem   #Sol
----------------------------------------------------------------------------------------------
     1         1             -inf          inf         inf              0             0      0
     6         6       7.7436e+01          inf         inf              7             8      0
    11        11       7.7436e+01          inf         inf             17            18      0
    16        16       7.7436e+01          inf         inf             37            38      0
    21        21       7.7441e+01          inf         inf             64            63      0
    26        26       7.7441e+01          inf         inf             72            71      0
    31        31       7.7441e+01          inf         inf             85            84      0
    37        37       7.7474e+01          inf         inf            120           117      0
    42        42       7.7474e+01          inf         inf            128           125      0
    47        47       7.7474e+01          inf         inf            141           138      0
    53        53       7.7506e+01   9.1000e+01    1.48e+01            181           176      1
    58        58       7.7506e+01   9.1000e+01    1.48e+01            190           185      1
    63        63       7.7506e+01   9.1000e+01    1.48e+01            204           199      1
    69        69       7.7506e+01   8.6000e+01    9.88e+00            239           232      2
    81        81       7.7506e+01   8.6000e+01    9.88e+00            242           235      2
    86        86       7.7506e+01   8.6000e+01    9.88e+00            251           244      2
    91        92       7.7506e+01   8.6000e+01    9.88e+00            269           262      2
    97        97       7.7508e+01   8.6000e+01    9.87e+00            293           284      2
   102       102       7.7508e+01   8.6000e+01    9.87e+00            302           293      2
   107       107       7.7508e+01   8.6000e+01    9.87e+00            318           309      2
   113       113       7.7511e+01   8.6000e+01    9.87e+00            351           340      2
   118       118       7.7511e+01   8.6000e+01    9.87e+00            359           348      2
   123       123       7.7511e+01   8.6000e+01    9.87e+00            372           361      2
   128       128       7.7519e+01   8.5000e+01    8.80e+00            402           389      3
   133       133       7.7519e+01   8.5000e+01    8.80e+00            410           397      3
   138       139       7.7519e+01   8.5000e+01    8.80e+00            425           412      3
   144       144       7.7533e+01   8.5000e+01    8.78e+00            452           437      3
   149       149       7.7533e+01   8.5000e+01    8.78e+00            460           445      3
   154       155       7.7533e+01   8.5000e+01    8.78e+00            472           457      3
   160       160       7.7534e+01   8.5000e+01    8.78e+00            499           482      3
   165       165       7.7534e+01   8.5000e+01    8.78e+00            507           490      3
   170       170       7.7534e+01   8.5000e+01    8.78e+00            521           504      3
   176       176       7.7534e+01   8.5000e+01    8.78e+00            548           529      3
   181       181       7.7534e+01   8.5000e+01    8.78e+00            556           537      3
   186       186       7.7534e+01   8.5000e+01    8.78e+00            569           550      3
   191       192       7.7543e+01   8.5000e+01    8.77e+00            600           579      3
   196       197       7.7543e+01   8.5000e+01    8.77e+00            608           587      3
   202       202       7.7543e+01   8.5000e+01    8.77e+00            621           600      3
   207       207       7.7543e+01   8.5000e+01    8.77e+00            646           623      3
   212       212       7.7543e+01   8.5000e+01    8.77e+00            655           632      3
   217       217       7.7543e+01   8.5000e+01    8.77e+00            673           650      3
   223       223       7.7546e+01   8.5000e+01    8.77e+00            702           677      3
   228       229       7.7546e+01   8.5000e+01    8.77e+00            711           686      3
   234       234       7.7546e+01   8.5000e+01    8.77e+00            726           701      3
   239       239       7.7560e+01   8.4000e+01    7.67e+00            751           724      4
   245       245       7.7560e+01   8.4000e+01    7.67e+00            760           733      4
   250       250       7.7560e+01   8.4000e+01    7.67e+00            776           749      4
   255       256       7.7561e+01   8.4000e+01    7.67e+00            804           775      4
   260       261       7.7561e+01   8.4000e+01    7.67e+00            813           784      4
   266       266       7.7561e+01   8.4000e+01    7.67e+00            830           801      4
   271       271       7.7562e+01   8.4000e+01    7.66e+00            854           823      4
   276       276       7.7562e+01   8.4000e+01    7.66e+00            864           833      4
   281       281       7.7562e+01   8.4000e+01    7.66e+00            882           851      4
   287       287       7.7563e+01   8.4000e+01    7.66e+00            901           868      4
   292       292       7.7563e+01   8.4000e+01    7.66e+00            911           878      4
   297       297       7.7563e+01   8.4000e+01    7.66e+00            937           904      4
   302       302       7.7564e+01   8.4000e+01    7.66e+00            948           913      4
   307       308       7.7564e+01   8.4000e+01    7.66e+00            961           926      4
   313       313       7.7565e+01   8.4000e+01    7.66e+00            988           951      4
   318       318       7.7565e+01   8.4000e+01    7.66e+00            996           959      4
   323       323       7.7565e+01   8.4000e+01    7.66e+00           1008           971      4
   328       328       7.7565e+01   8.4000e+01    7.66e+00           1036           997      4
   334       334       7.7565e+01   8.4000e+01    7.66e+00           1044          1005      4
   339       339       7.7565e+01   8.4000e+01    7.66e+00           1057          1018      4
   344       344       7.7566e+01   8.4000e+01    7.66e+00           1089          1048      4
   349       350       7.7566e+01   8.4000e+01    7.66e+00           1097          1056      4
   354       355       7.7566e+01   8.4000e+01    7.66e+00           1111          1070      4
   360       360       7.7566e+01   8.4000e+01    7.66e+00           1143          1100      4
   365       366       7.7566e+01   8.4000e+01    7.66e+00           1152          1109      4
   370       371       7.7566e+01   8.4000e+01    7.66e+00           1165          1122      4
   376       376       7.7569e+01   8.4000e+01    7.66e+00           1189          1144      4
   381       381       7.7569e+01   8.4000e+01    7.66e+00           1198          1153      4
   386       386       7.7569e+01   8.4000e+01    7.66e+00           1217          1172      4
   391       391       7.7569e+01   8.4000e+01    7.66e+00           1236          1189      4
   396       397       7.7569e+01   8.4000e+01    7.66e+00           1246          1199      4
   401       402       7.7569e+01   8.4000e+01    7.66e+00           1267          1220      4
   407       407       7.7569e+01   8.4000e+01    7.66e+00           1283          1234      4
   412       412       7.7569e+01   8.4000e+01    7.66e+00           1293          1244      4
   417       417       7.7569e+01   8.4000e+01    7.66e+00           1314          1265      4
   422       422       7.7570e+01   8.4000e+01    7.65e+00           1332          1281      4
   427       427       7.7570e+01   8.4000e+01    7.65e+00           1343          1292      4
   433       433       7.7570e+01   8.4000e+01    7.65e+00           1374          1321      4
   438       438       7.7570e+01   8.4000e+01    7.65e+00           1382          1329      4
   443       444       7.7570e+01   8.4000e+01    7.65e+00           1396          1343      4
   449       449       7.7571e+01   8.4000e+01    7.65e+00           1418          1363      4
   454       454       7.7571e+01   8.4000e+01    7.65e+00           1428          1373      4
   459       460       7.7571e+01   8.4000e+01    7.65e+00           1446          1391      4
   464       465       7.7574e+01   8.4000e+01    7.65e+00           1466          1409      4
   470       470       7.7574e+01   8.4000e+01    7.65e+00           1476          1419      4
   475       475       7.7574e+01   8.4000e+01    7.65e+00           1497          1440      4
   480       480       7.7575e+01   8.4000e+01    7.65e+00           1506          1447      4
   485       486       7.7575e+01   8.4000e+01    7.65e+00           1517          1458      4
   490       491       7.7577e+01   8.4000e+01    7.65e+00           1544          1483      4
   496       496       7.7577e+01   8.4000e+01    7.65e+00           1552          1491      4
   501       501       7.7577e+01   8.4000e+01    7.65e+00           1563          1502      4
   507       507       7.7577e+01   8.4000e+01    7.65e+00           1593          1530      4
   512       513       7.7577e+01   8.4000e+01    7.65e+00           1601          1538      4
   517       518       7.7577e+01   8.4000e+01    7.65e+00           1614          1551      4
   523       523       7.7577e+01   8.4000e+01    7.65e+00           1643          1578      4
   528       529       7.7577e+01   8.4000e+01    7.65e+00           1651          1586      4
   533       534       7.7577e+01   8.4000e+01    7.65e+00           1665          1600      4
   539       539       7.7578e+01   8.4000e+01    7.65e+00           1691          1624      4
   544       544       7.7578e+01   8.4000e+01    7.65e+00           1700          1633      4
   549       549       7.7578e+01   8.4000e+01    7.65e+00           1717          1650      4
   555       555       7.7579e+01   8.4000e+01    7.64e+00           1740          1671      4
   560       560       7.7579e+01   8.4000e+01    7.64e+00           1749          1680      4
   565       565       7.7579e+01   8.4000e+01    7.64e+00           1765          1696      4
   570       571       7.7580e+01   8.4000e+01    7.64e+00           1790          1719      4
   576       576       7.7580e+01   8.4000e+01    7.64e+00           1800          1729      4
   581       581       7.7580e+01   8.4000e+01    7.64e+00           1819          1748      4
   586       587       7.7582e+01   8.4000e+01    7.64e+00           1843          1770      4
   591       592       7.7582e+01   8.4000e+01    7.64e+00           1852          1779      4
   597       597       7.7582e+01   8.4000e+01    7.64e+00           1868          1795      4
   602       602       7.7583e+01   8.4000e+01    7.64e+00           1893          1818      4
   607       607       7.7583e+01   8.4000e+01    7.64e+00           1902          1827      4
   612       612       7.7583e+01   8.4000e+01    7.64e+00           1921          1846      4
   617       618       7.7583e+01   8.4000e+01    7.64e+00           1938          1861      4
   623       623       7.7583e+01   8.4000e+01    7.64e+00           1948          1871      4
   628       628       7.7583e+01   8.4000e+01    7.64e+00           1973          1896      4
   633       633       7.7585e+01   8.4000e+01    7.64e+00           1988          1909      4
   638       639       7.7585e+01   8.4000e+01    7.64e+00           1998          1919      4
   643       644       7.7585e+01   8.4000e+01    7.64e+00           2019          1940      4
   649       649       7.7590e+01   8.4000e+01    7.63e+00           2035          1954      4
   654       654       7.7590e+01   8.4000e+01    7.63e+00           2047          1966      4
   660       660       7.7590e+01   8.4000e+01    7.63e+00           2073          1990      4
   665       665       7.7590e+01   8.4000e+01    7.63e+00           2081          1998      4
   670       670       7.7590e+01   8.4000e+01    7.63e+00           2093          2010      4
   675       675       7.7590e+01   8.4000e+01    7.63e+00           2109          2026      4
   680       681       7.7590e+01   8.4000e+01    7.63e+00           2128          2043      4
   686       686       7.7590e+01   8.4000e+01    7.63e+00           2139          2054      4
   691       692       7.7590e+01   8.4000e+01    7.63e+00           2171          2084      4
   697       697       7.7590e+01   8.4000e+01    7.63e+00           2179          2092      4
   702       702       7.7590e+01   8.4000e+01    7.63e+00           2192          2105      4
   707       708       7.7590e+01   8.4000e+01    7.63e+00           2219          2130      4
   712       713       7.7590e+01   8.4000e+01    7.63e+00           2228          2139      4
   717       718       7.7590e+01   8.4000e+01    7.63e+00           2246          2157      4
   723       723       7.7593e+01   8.4000e+01    7.63e+00           2270          2179      4
   728       728       7.7593e+01   8.4000e+01    7.63e+00           2279          2188      4
   733       734       7.7593e+01   8.4000e+01    7.63e+00           2293          2202      4
   738       739       7.7594e+01   8.4000e+01    7.63e+00           2323          2230      4
   743       744       7.7594e+01   8.4000e+01    7.63e+00           2331          2238      4
   748       749       7.7594e+01   8.4000e+01    7.63e+00           2343          2250      4
   754       755       7.7596e+01   8.4000e+01    7.62e+00           2372          2277      4
   759       760       7.7596e+01   8.4000e+01    7.62e+00           2380          2285      4
   764       765       7.7596e+01   8.4000e+01    7.62e+00           2393          2298      4
   770       771       7.7596e+01   8.4000e+01    7.62e+00           2420          2323      4
   776       776       7.7596e+01   8.4000e+01    7.62e+00           2429          2332      4
   781       781       7.7596e+01   8.4000e+01    7.62e+00           2444          2347      4
   786       787       7.7596e+01   8.4000e+01    7.62e+00           2471          2372      4
   791       792       7.7596e+01   8.4000e+01    7.62e+00           2479          2380      4
   796       797       7.7596e+01   8.4000e+01    7.62e+00           2492          2393      4
   802       802       7.7597e+01   8.4000e+01    7.62e+00           2520          2419      4
   807       808       7.7597e+01   8.4000e+01    7.62e+00           2528          2427      4
   812       813       7.7597e+01   8.4000e+01    7.62e+00           2543          2442      4
   818       818       7.7597e+01   8.4000e+01    7.62e+00           2571          2468      4
   823       824       7.7597e+01   8.4000e+01    7.62e+00           2580          2477      4
   828       829       7.7597e+01   8.4000e+01    7.62e+00           2597          2494      4
   834       834       7.7598e+01   8.4000e+01    7.62e+00           2616          2511      4
   839       839       7.7598e+01   8.4000e+01    7.62e+00           2626          2521      4
   844       844       7.7598e+01   8.4000e+01    7.62e+00           2647          2542      4
   849       850       7.7598e+01   8.4000e+01    7.62e+00           2666          2559      4
   855       855       7.7598e+01   8.4000e+01    7.62e+00           2676          2569      4
   860       860       7.7598e+01   8.4000e+01    7.62e+00           2693          2586      4
   865       865       7.7598e+01   8.4000e+01    7.62e+00           2717          2608      4
   870       870       7.7598e+01   8.4000e+01    7.62e+00           2726          2617      4
   875       876       7.7598e+01   8.4000e+01    7.62e+00           2743          2634      4
   880       881       7.7598e+01   8.4000e+01    7.62e+00           2759          2648      4
   885       886       7.7598e+01   8.4000e+01    7.62e+00           2769          2658      4
   891       891       7.7598e+01   8.4000e+01    7.62e+00           2788          2677      4
   896       897       7.7598e+01   8.4000e+01    7.62e+00           2807          2694      4
   901       902       7.7598e+01   8.4000e+01    7.62e+00           2818          2705      4
   906       907       7.7598e+01   8.4000e+01    7.62e+00           2843          2730      4
   912       912       7.7599e+01   8.4000e+01    7.62e+00           2854          2739      4
   917       917       7.7599e+01   8.4000e+01    7.62e+00           2865          2750      4
   922       922       7.7599e+01   8.4000e+01    7.62e+00           2892          2777      4
   927       928       7.7603e+01   8.4000e+01    7.62e+00           2902          2785      4
   932       933       7.7603e+01   8.4000e+01    7.62e+00           2913          2796      4
   938       938       7.7603e+01   8.4000e+01    7.62e+00           2940          2821      4
   943       943       7.7603e+01   8.4000e+01    7.62e+00           2948          2829      4
   948       949       7.7603e+01   8.4000e+01    7.62e+00           2962          2843      4
   953       954       7.7603e+01   8.4000e+01    7.62e+00           2984          2863      4
   959       959       7.7603e+01   8.4000e+01    7.62e+00           2993          2872      4
   964       964       7.7603e+01   8.4000e+01    7.62e+00           3010          2889      4
   969       970       7.7603e+01   8.4000e+01    7.62e+00           3032          2909      4
   974       975       7.7603e+01   8.4000e+01    7.62e+00           3042          2919      4
   980       980       7.7603e+01   8.4000e+01    7.62e+00           3063          2940      4
   985       985       7.7603e+01   8.4000e+01    7.62e+00           3082          2957      4
   990       990       7.7603e+01   8.4000e+01    7.62e+00           3093          2968      4
   995       996       7.7603e+01   8.4000e+01    7.62e+00           3120          2993      4
  1004      1004       7.7603e+01   8.4000e+01    7.62e+00           3123          2996      4
  1009      1010       7.7603e+01   8.4000e+01    7.62e+00           3133          3006      4
  1014      1015       7.7603e+01   8.4000e+01    7.62e+00           3150          3023      4
  1019      1020       7.7603e+01   8.4000e+01    7.62e+00           3167          3038      4
  1024      1025       7.7603e+01   8.4000e+01    7.62e+00           3177          3048      4
  1029      1030       7.7603e+01   8.4000e+01    7.62e+00           3197          3068      4
  1035      1036       7.7603e+01   8.4000e+01    7.62e+00           3214          3083      4
  1040      1041       7.7603e+01   8.4000e+01    7.62e+00           3224          3093      4
  1045      1046       7.7603e+01   8.4000e+01    7.62e+00           3246          3115      4
  1050      1051       7.7604e+01   8.4000e+01    7.61e+00           3262          3129      4
  1056      1056       7.7604e+01   8.4000e+01    7.61e+00           3272          3139      4
  1061      1061       7.7604e+01   8.4000e+01    7.61e+00           3294          3161      4
  1066      1067       7.7605e+01   8.4000e+01    7.61e+00           3315          3180      4
  1071      1072       7.7605e+01   8.4000e+01    7.61e+00           3324          3189      4
  1076      1077       7.7605e+01   8.4000e+01    7.61e+00           3340          3205      4
  1082      1082       7.7605e+01   8.4000e+01    7.61e+00           3363          3226      4
  1087      1088       7.7605e+01   8.4000e+01    7.61e+00           3374          3237      4
  1092      1093       7.7605e+01   8.4000e+01    7.61e+00           3400          3263      4
  1097      1098       7.7606e+01   8.4000e+01    7.61e+00           3411          3272      4
  1102      1103       7.7606e+01   8.4000e+01    7.61e+00           3422          3283      4
  1107      1108       7.7606e+01   8.4000e+01    7.61e+00           3453          3312      4
  1112      1113       7.7606e+01   8.4000e+01    7.61e+00           3460          3319      4
  1118      1119       7.7606e+01   8.4000e+01    7.61e+00           3470          3329      4
  1123      1124       7.7606e+01   8.4000e+01    7.61e+00           3490          3349      4
  1128      1129       7.7606e+01   8.4000e+01    7.61e+00           3502          3359      4
  1133      1134       7.7606e+01   8.4000e+01    7.61e+00           3512          3369      4
  1138      1139       7.7606e+01   8.4000e+01    7.61e+00           3530          3387      4
  1144      1145       7.7606e+01   8.4000e+01    7.61e+00           3552          3407      4
  1149      1150       7.7606e+01   8.4000e+01    7.61e+00           3562          3415      4
  1155      1156       7.7607e+01   8.4000e+01    7.61e+00           3570          3423      4
  1160      1161       7.7607e+01   8.4000e+01    7.61e+00           3581          3434      4
  1165      1166       7.7607e+01   8.4000e+01    7.61e+00           3609          3460      4
  1170      1171       7.7607e+01   8.4000e+01    7.61e+00           3617          3468      4
  1175      1176       7.7607e+01   8.4000e+01    7.61e+00           3630          3481      4
  1180      1181       7.7607e+01   8.4000e+01    7.61e+00           3659          3508      4
  1186      1187       7.7607e+01   8.4000e+01    7.61e+00           3667          3516      4
  1191      1192       7.7607e+01   8.4000e+01    7.61e+00           3679          3528      4
  1196      1197       7.7607e+01   8.4000e+01    7.61e+00           3707          3554      4
  1201      1202       7.7607e+01   8.4000e+01    7.61e+00           3715          3562      4
  1206      1207       7.7607e+01   8.4000e+01    7.61e+00           3728          3575      4
  1211      1212       7.7607e+01   8.4000e+01    7.61e+00           3752          3597      4
  1217      1218       7.7607e+01   8.4000e+01    7.61e+00           3761          3606      4
  1222      1223       7.7607e+01   8.4000e+01    7.61e+00           3776          3621      4
  1227      1228       7.7608e+01   8.4000e+01    7.61e+00           3801          3644      4
  1232      1233       7.7608e+01   8.4000e+01    7.61e+00           3810          3653      4
  1238      1239       7.7608e+01   8.4000e+01    7.61e+00           3823          3666      4
  1243      1244       7.7608e+01   8.4000e+01    7.61e+00           3850          3691      4
  1248      1249       7.7608e+01   8.4000e+01    7.61e+00           3859          3700      4
  1253      1254       7.7608e+01   8.4000e+01    7.61e+00           3874          3715      4
  1259      1260       7.7608e+01   8.4000e+01    7.61e+00           3894          3733      4
  1264      1265       7.7608e+01   8.4000e+01    7.61e+00           3904          3743      4
  1269      1270       7.7608e+01   8.4000e+01    7.61e+00           3927          3766      4
  1274      1275       7.7609e+01   8.4000e+01    7.61e+00           3945          3782      4
  1279      1280       7.7609e+01   8.4000e+01    7.61e+00           3957          3794      4
  1284      1285       7.7609e+01   8.4000e+01    7.61e+00           3986          3823      4
  1290      1291       7.7610e+01   8.4000e+01    7.61e+00           4000          3835      4
  1295      1296       7.7610e+01   8.4000e+01    7.61e+00           4011          3846      4
  1300      1301       7.7610e+01   8.4000e+01    7.61e+00           4033          3866      4
  1306      1307       7.7610e+01   8.4000e+01    7.61e+00           4041          3874      4
  1311      1312       7.7610e+01   8.4000e+01    7.61e+00           4053          3886      4
  1316      1317       7.7610e+01   8.4000e+01    7.61e+00           4080          3911      4
  1321      1322       7.7610e+01   8.4000e+01    7.61e+00           4088          3919      4
  1326      1327       7.7610e+01   8.4000e+01    7.61e+00           4101          3932      4
  1332      1333       7.7610e+01   8.4000e+01    7.61e+00           4129          3958      4
  1337      1338       7.7610e+01   8.4000e+01    7.61e+00           4137          3966      4
  1342      1343       7.7610e+01   8.4000e+01    7.61e+00           4151          3980      4
  1347      1348       7.7610e+01   8.4000e+01    7.61e+00           4175          4002      4
  1352      1353       7.7610e+01   8.4000e+01    7.61e+00           4184          4011      4
  1357      1359       7.7610e+01   8.4000e+01    7.61e+00           4197          4024      4
  1363      1364       7.7610e+01   8.4000e+01    7.61e+00           4225          4050      4
  1368      1369       7.7610e+01   8.4000e+01    7.61e+00           4234          4059      4
  1373      1374       7.7610e+01   8.4000e+01    7.61e+00           4248          4073      4
  1378      1380       7.7610e+01   8.4000e+01    7.61e+00           4272          4095      4
  1384      1385       7.7610e+01   8.4000e+01    7.61e+00           4281          4104      4
  1389      1390       7.7610e+01   8.4000e+01    7.61e+00           4296          4119      4
  1394      1396       7.7610e+01   8.4000e+01    7.61e+00           4317          4138      4
  1400      1401       7.7610e+01   8.4000e+01    7.61e+00           4326          4147      4
  1405      1406       7.7610e+01   8.4000e+01    7.61e+00           4342          4163      4
  1410      1411       7.7610e+01   8.4000e+01    7.61e+00           4363          4182      4
  1416      1417       7.7610e+01   8.4000e+01    7.61e+00           4374          4193      4
  1421      1422       7.7610e+01   8.4000e+01    7.61e+00           4402          4219      4
  1426      1427       7.7610e+01   8.4000e+01    7.61e+00           4410          4227      4
  1431      1432       7.7610e+01   8.4000e+01    7.61e+00           4422          4239      4
  1437      1438       7.7610e+01   8.4000e+01    7.61e+00           4449          4264      4
  1442      1443       7.7610e+01   8.4000e+01    7.61e+00           4457          4272      4
  1447      1448       7.7610e+01   8.4000e+01    7.61e+00           4472          4287      4
  1452      1453       7.7610e+01   8.4000e+01    7.61e+00           4498          4311      4
  1462      1463       7.7610e+01   8.4000e+01    7.61e+00           4504          4317      4
  1467      1469       7.7610e+01   8.4000e+01    7.61e+00           4517          4330      4
  1473      1474       7.7611e+01   8.4000e+01    7.61e+00           4548          4359      4
  1478      1479       7.7611e+01   8.4000e+01    7.61e+00           4557          4368      4
  1483      1484       7.7611e+01   8.4000e+01    7.61e+00           4574          4385      4
  1488      1489       7.7611e+01   8.4000e+01    7.61e+00           4598          4407      4
  1493      1494       7.7611e+01   8.4000e+01    7.61e+00           4607          4416      4
  1498      1499       7.7611e+01   8.4000e+01    7.61e+00           4622          4431      4
  1503      1504       7.7611e+01   8.4000e+01    7.61e+00           4645          4452      4
  1508      1509       7.7611e+01   8.4000e+01    7.61e+00           4654          4461      4
  1513      1514       7.7611e+01   8.4000e+01    7.61e+00           4674          4481      4
  1518      1520       7.7611e+01   8.2000e+01    5.35e+00           4684          4489      5
  1524      1525       7.7611e+01   8.2000e+01    5.35e+00           4694          4499      5
  1529      1530       7.7611e+01   8.2000e+01    5.35e+00           4716          4521      5
  1534      1535       7.7612e+01   8.2000e+01    5.35e+00           4727          4530      5
  1539      1540       7.7612e+01   8.2000e+01    5.35e+00           4738          4541      5
  1544      1546       7.7612e+01   8.2000e+01    5.35e+00           4756          4557      5
  1550      1551       7.7612e+01   8.2000e+01    5.35e+00           4765          4566      5
  1555      1556       7.7612e+01   8.2000e+01    5.35e+00           4782          4583      5
  1560      1561       7.7612e+01   8.2000e+01    5.35e+00           4796          4595      5
  1565      1566       7.7612e+01   8.2000e+01    5.35e+00           4807          4606      5
  1571      1572       7.7612e+01   8.2000e+01    5.35e+00           4824          4621      5
  1576      1577       7.7612e+01   8.2000e+01    5.35e+00           4833          4630      5
  1581      1582       7.7612e+01   8.2000e+01    5.35e+00           4848          4645      5
  1587      1588       7.7613e+01   8.2000e+01    5.35e+00           4862          4657      5
  1592      1593       7.7613e+01   8.2000e+01    5.35e+00           4873          4668      5
  1597      1598       7.7613e+01   8.2000e+01    5.35e+00           4896          4689      5
  1602      1604       7.7613e+01   8.2000e+01    5.35e+00           4904          4697      5
  1607      1609       7.7613e+01   8.2000e+01    5.35e+00           4917          4710      5
  1613      1614       7.7613e+01   8.2000e+01    5.35e+00           4936          4727      5
  1618      1619       7.7613e+01   8.2000e+01    5.35e+00           4946          4737      5
  1624      1625       7.7613e+01   8.2000e+01    5.35e+00           4969          4758      5
  1629      1630       7.7613e+01   8.2000e+01    5.35e+00           4977          4766      5
  1634      1635       7.7613e+01   8.2000e+01    5.35e+00           4990          4779      5
  1640      1641       7.7613e+01   8.2000e+01    5.35e+00           5013          4800      5
  1645      1646       7.7613e+01   8.2000e+01    5.35e+00           5022          4809      5
  1650      1651       7.7613e+01   8.2000e+01    5.35e+00           5037          4824      5
  1656      1657       7.7613e+01   8.2000e+01    5.35e+00           5052          4837      5
  1661      1662       7.7613e+01   8.2000e+01    5.35e+00           5062          4847      5
  1666      1667       7.7613e+01   8.2000e+01    5.35e+00           5081          4866      5
  1671      1672       7.7614e+01   8.2000e+01    5.35e+00           5093          4876      5
  1676      1677       7.7614e+01   8.2000e+01    5.35e+00           5103          4886      5
  1682      1683       7.7617e+01   8.2000e+01    5.35e+00           5123          4904      5
  1687      1689       7.7617e+01   8.2000e+01    5.35e+00           5132          4913      5
  1692      1694       7.7617e+01   8.2000e+01    5.35e+00           5147          4928      5
  1698      1699       7.7618e+01   8.2000e+01    5.34e+00           5164          4943      5
  1703      1704       7.7618e+01   8.2000e+01    5.34e+00           5174          4953      5
  1708      1710       7.7618e+01   8.2000e+01    5.34e+00           5193          4970      5
  1714      1715       7.7618e+01   8.2000e+01    5.34e+00           5201          4978      5
  1719      1720       7.7618e+01   8.2000e+01    5.34e+00           5216          4993      5
  1724      1725       7.7619e+01   8.2000e+01    5.34e+00           5234          5009      5
  1729      1730       7.7619e+01   8.2000e+01    5.34e+00           5242          5017      5
  1734      1736       7.7619e+01   8.2000e+01    5.34e+00           5254          5029      5
  1740      1741       7.7619e+01   8.2000e+01    5.34e+00           5271          5044      5
  1745      1746       7.7619e+01   8.2000e+01    5.34e+00           5281          5054      5
  1750      1752       7.7619e+01   8.2000e+01    5.34e+00           5301          5072      5
  1756      1757       7.7619e+01   8.2000e+01    5.34e+00           5309          5080      5
  1761      1762       7.7619e+01   8.2000e+01    5.34e+00           5322          5093      5
  1766      1768       7.7619e+01   8.2000e+01    5.34e+00           5342          5111      5
  1771      1773       7.7619e+01   8.2000e+01    5.34e+00           5350          5119      5
  1776      1778       7.7619e+01   8.2000e+01    5.34e+00           5364          5133      5
  1782      1783       7.7620e+01   8.2000e+01    5.34e+00           5380          5147      5
  1787      1788       7.7620e+01   8.2000e+01    5.34e+00           5394          5161      5
  1792      1794       7.7620e+01   8.2000e+01    5.34e+00           5415          5180      5
  1798      1799       7.7620e+01   8.2000e+01    5.34e+00           5425          5190      5
  1803      1804       7.7620e+01   8.2000e+01    5.34e+00           5443          5208      5
  1808      1810       7.7620e+01   8.2000e+01    5.34e+00           5455          5218      5
  1813      1815       7.7620e+01   8.2000e+01    5.34e+00           5466          5229      5
  1819      1820       7.7620e+01   8.2000e+01    5.34e+00           5488          5249      5
  1824      1825       7.7620e+01   8.2000e+01    5.34e+00           5496          5257      5
  1829      1831       7.7620e+01   8.2000e+01    5.34e+00           5509          5270      5
  1835      1836       7.7620e+01   8.2000e+01    5.34e+00           5528          5287      5
  1840      1841       7.7620e+01   8.2000e+01    5.34e+00           5538          5297      5
  1845      1847       7.7620e+01   8.2000e+01    5.34e+00           5557          5316      5
  1851      1852       7.7620e+01   8.2000e+01    5.34e+00           5569          5326      5
  1856      1857       7.7620e+01   8.2000e+01    5.34e+00           5581          5338      5
  1861      1863       7.7620e+01   8.2000e+01    5.34e+00           5598          5353      5
  1867      1868       7.7620e+01   8.2000e+01    5.34e+00           5608          5363      5
  1872      1873       7.7620e+01   8.2000e+01    5.34e+00           5626          5381      5
  1877      1878       7.7620e+01   8.2000e+01    5.34e+00           5634          5387      5
  1882      1883       7.7620e+01   8.2000e+01    5.34e+00           5644          5397      5
  1887      1889       7.7621e+01   8.2000e+01    5.34e+00           5665          5416      5
  1892      1894       7.7621e+01   8.2000e+01    5.34e+00           5673          5424      5
  1898      1899       7.7621e+01   8.2000e+01    5.34e+00           5686          5437      5
  1903      1904       7.7621e+01   8.2000e+01    5.34e+00           5702          5451      5
  1908      1909       7.7621e+01   8.2000e+01    5.34e+00           5710          5459      5
  1913      1914       7.7621e+01   8.2000e+01    5.34e+00           5722          5471      5
  1918      1920       7.7621e+01   8.2000e+01    5.34e+00           5740          5487      5
  1924      1925       7.7621e+01   8.2000e+01    5.34e+00           5751          5498      5
  1929      1930       7.7621e+01   8.2000e+01    5.34e+00           5773          5518      5
  1934      1936       7.7621e+01   8.2000e+01    5.34e+00           5782          5527      5
  1939      1941       7.7621e+01   8.2000e+01    5.34e+00           5798          5543      5
  1945      1946       7.7621e+01   8.2000e+01    5.34e+00           5813          5556      5
  1950      1951       7.7621e+01   8.2000e+01    5.34e+00           5823          5566      5
  1955      1956       7.7621e+01   8.2000e+01    5.34e+00           5841          5584      5
  1960      1961       7.7622e+01   8.2000e+01    5.34e+00           5854          5595      5
  1965      1967       7.7622e+01   8.2000e+01    5.34e+00           5864          5605      5
  1970      1972       7.7622e+01   8.2000e+01    5.34e+00           5882          5623      5
  1976      1977       7.7622e+01   8.2000e+01    5.34e+00           5898          5637      5
  1981      1983       7.7622e+01   8.2000e+01    5.34e+00           5910          5649      5
  1987      1988       7.7622e+01   8.2000e+01    5.34e+00           5933          5670      5
  1992      1993       7.7622e+01   8.2000e+01    5.34e+00           5941          5678      5
  1997      1998       7.7622e+01   8.2000e+01    5.34e+00           5953          5690      5
  2002      2004       7.7622e+01   8.2000e+01    5.34e+00           5971          5706      5
  2008      2009       7.7622e+01   8.2000e+01    5.34e+00           5981          5716      5
  2014      2015       7.7622e+01   8.2000e+01    5.34e+00           6004          5737      5
  2019      2020       7.7622e+01   8.2000e+01    5.34e+00           6012          5745      5
  2024      2025       7.7622e+01   8.2000e+01    5.34e+00           6025          5758      5
  2029      2031       7.7623e+01   8.2000e+01    5.34e+00           6043          5774      5
  2034      2036       7.7623e+01   8.2000e+01    5.34e+00           6053          5784      5
  2039      2041       7.7623e+01   8.2000e+01    5.34e+00           6075          5804      5
  2044      2046       7.7623e+01   8.2000e+01    5.34e+00           6082          5811      5
  2049      2051       7.7623e+01   8.2000e+01    5.34e+00           6092          5821      5
  2055      2056       7.7623e+01   8.2000e+01    5.34e+00           6114          5841      5
  2060      2062       7.7623e+01   8.2000e+01    5.34e+00           6122          5849      5
  2065      2067       7.7623e+01   8.2000e+01    5.34e+00           6135          5862      5
  2071      2073       7.7623e+01   8.2000e+01    5.34e+00           6150          5875      5
  2076      2078       7.7623e+01   8.2000e+01    5.34e+00           6160          5885      5
  2082      2083       7.7623e+01   8.2000e+01    5.34e+00           6183          5906      5
  2087      2089       7.7623e+01   8.2000e+01    5.34e+00           6191          5914      5
  2092      2094       7.7623e+01   8.2000e+01    5.34e+00           6203          5926      5
  2097      2099       7.7623e+01   8.2000e+01    5.34e+00           6216          5937      5
  2102      2104       7.7623e+01   8.2000e+01    5.34e+00           6227          5948      5
  2108      2110       7.7623e+01   8.2000e+01    5.34e+00           6249          5968      5
  2113      2115       7.7623e+01   8.2000e+01    5.34e+00           6258          5977      5
  2118      2120       7.7623e+01   8.2000e+01    5.34e+00           6273          5992      5
  2124      2125       7.7624e+01   8.2000e+01    5.34e+00           6289          6006      5
  2129      2130       7.7624e+01   8.2000e+01    5.34e+00           6299          6016      5
  2134      2136       7.7624e+01   8.2000e+01    5.34e+00           6318          6033      5
  2139      2141       7.7624e+01   8.2000e+01    5.34e+00           6326          6041      5
  2145      2146       7.7624e+01   8.2000e+01    5.34e+00           6340          6055      5
  2150      2152       7.7625e+01   8.2000e+01    5.34e+00           6358          6071      5
  2156      2157       7.7625e+01   8.2000e+01    5.34e+00           6367          6080      5
  2161      2162       7.7625e+01   8.2000e+01    5.34e+00           6383          6096      5
  2166      2168       7.7625e+01   8.2000e+01    5.34e+00           6397          6108      5
  2171      2173       7.7625e+01   8.2000e+01    5.34e+00           6408          6119      5
  2177      2178       7.7625e+01   8.2000e+01    5.33e+00           6426          6135      5
  2182      2183       7.7625e+01   8.2000e+01    5.33e+00           6435          6144      5
  2187      2188       7.7625e+01   8.2000e+01    5.33e+00           6452          6161      5
  2192      2194       7.7626e+01   8.2000e+01    5.33e+00           6465          6172      5
  2198      2199       7.7626e+01   8.2000e+01    5.33e+00           6476          6183      5
  2203      2205       7.7626e+01   8.2000e+01    5.33e+00           6497          6202      5
  2208      2210       7.7626e+01   8.2000e+01    5.33e+00           6506          6211      5
  2214      2215       7.7626e+01   8.2000e+01    5.33e+00           6520          6225      5
  2219      2221       7.7626e+01   8.2000e+01    5.33e+00           6539          6242      5
  2224      2226       7.7626e+01   8.2000e+01    5.33e+00           6549          6252      5
  2230      2232       7.7627e+01   8.2000e+01    5.33e+00           6569          6270      5
  2235      2237       7.7627e+01   8.2000e+01    5.33e+00           6577          6278      5
  2240      2242       7.7627e+01   8.2000e+01    5.33e+00           6591          6292      5
  2245      2247       7.7627e+01   8.2000e+01    5.33e+00           6608          6307      5
  2251      2252       7.7627e+01   8.2000e+01    5.33e+00           6617          6316      5
  2256      2258       7.7627e+01   8.2000e+01    5.33e+00           6632          6331      5
  2261      2263       7.7627e+01   8.2000e+01    5.33e+00           6651          6348      5
  2267      2268       7.7627e+01   8.2000e+01    5.33e+00           6661          6358      5
  2272      2274       7.7627e+01   8.2000e+01    5.33e+00           6681          6378      5
  2277      2279       7.7627e+01   8.2000e+01    5.33e+00           6696          6391      5
  2283      2284       7.7627e+01   8.2000e+01    5.33e+00           6708          6403      5
  2288      2289       7.7627e+01   8.2000e+01    5.33e+00           6728          6421      5
  2293      2294       7.7627e+01   8.2000e+01    5.33e+00           6736          6429      5
  2298      2300       7.7627e+01   8.2000e+01    5.33e+00           6749          6442      5
  2303      2305       7.7627e+01   8.2000e+01    5.33e+00           6771          6462      5
  2308      2310       7.7627e+01   8.2000e+01    5.33e+00           6780          6471      5
  2313      2315       7.7627e+01   8.2000e+01    5.33e+00           6797          6488      5
  2319      2321       7.7628e+01   8.2000e+01    5.33e+00           6815          6504      5
  2324      2326       7.7628e+01   8.2000e+01    5.33e+00           6825          6514      5
  2330      2332       7.7628e+01   8.2000e+01    5.33e+00           6846          6533      5
  2335      2337       7.7628e+01   8.2000e+01    5.33e+00           6854          6541      5
  2340      2342       7.7628e+01   8.2000e+01    5.33e+00           6867          6554      5
  2346      2348       7.7629e+01   8.2000e+01    5.33e+00           6886          6571      5
  2351      2353       7.7629e+01   8.2000e+01    5.33e+00           6896          6581      5
  2356      2358       7.7629e+01   8.2000e+01    5.33e+00           6916          6601      5
  2362      2363       7.7629e+01   8.2000e+01    5.33e+00           6928          6611      5
  2367      2369       7.7629e+01   8.2000e+01    5.33e+00           6943          6626      5
  2372      2374       7.7629e+01   8.2000e+01    5.33e+00           6961          6642      5
  2377      2379       7.7629e+01   8.2000e+01    5.33e+00           6971          6652      5
  2382      2384       7.7629e+01   8.2000e+01    5.33e+00           6994          6675      5
  2387      2389       7.7630e+01   8.2000e+01    5.33e+00           7004          6683      5
  2393      2395       7.7630e+01   8.2000e+01    5.33e+00           7016          6695      5
  2398      2400       7.7630e+01   8.2000e+01    5.33e+00           7035          6712      5
  2403      2405       7.7630e+01   8.2000e+01    5.33e+00           7045          6722      5
  2409      2411       7.7630e+01   8.2000e+01    5.33e+00           7067          6742      5
  2414      2416       7.7630e+01   8.2000e+01    5.33e+00           7076          6751      5
  2420      2421       7.7630e+01   8.2000e+01    5.33e+00           7092          6767      5
  2425      2427       7.7630e+01   8.2000e+01    5.33e+00           7108          6781      5
  2430      2432       7.7630e+01   8.2000e+01    5.33e+00           7118          6791      5
  2435      2437       7.7630e+01   8.2000e+01    5.33e+00           7141          6812      5
  2440      2442       7.7630e+01   8.2000e+01    5.33e+00           7149          6820      5
  2446      2447       7.7630e+01   8.2000e+01    5.33e+00           7162          6833      5
  2451      2453       7.7631e+01   8.2000e+01    5.33e+00           7182          6851      5
  2456      2458       7.7631e+01   8.2000e+01    5.33e+00           7191          6860      5
  2461      2463       7.7631e+01   8.2000e+01    5.33e+00           7208          6877      5
  2466      2468       7.7631e+01   8.2000e+01    5.33e+00           7221          6888      5
  2471      2473       7.7631e+01   8.2000e+01    5.33e+00           7231          6898      5
  2476      2478       7.7631e+01   8.2000e+01    5.33e+00           7255          6920      5
  2481      2483       7.7632e+01   8.2000e+01    5.33e+00           7263          6928      5
  2486      2488       7.7632e+01   8.2000e+01    5.33e+00           7275          6940      5
  2492      2494       7.7632e+01   8.2000e+01    5.33e+00           7296          6959      5
  2497      2499       7.7632e+01   8.2000e+01    5.33e+00           7306          6969      5
  2502      2504       7.7632e+01   8.2000e+01    5.33e+00           7330          6991      5
  2507      2509       7.7632e+01   8.2000e+01    5.33e+00           7339          7000      5
  2512      2514       7.7632e+01   8.2000e+01    5.33e+00           7356          7017      5
  2518      2519       7.7632e+01   8.2000e+01    5.33e+00           7368          7027      5
  2523      2525       7.7632e+01   8.2000e+01    5.33e+00           7378          7037      5
  2528      2530       7.7633e+01   8.2000e+01    5.33e+00           7401          7058      5
  2534      2536       7.7633e+01   8.2000e+01    5.33e+00           7409          7066      5
  2539      2541       7.7633e+01   8.2000e+01    5.33e+00           7421          7078      5
  2545      2547       7.7633e+01   8.2000e+01    5.33e+00           7441          7096      5
  2550      2552       7.7633e+01   8.2000e+01    5.33e+00           7451          7106      5
  2555      2557       7.7633e+01   8.2000e+01    5.33e+00           7470          7125      5
  2560      2562       7.7633e+01   8.2000e+01    5.33e+00           7482          7135      5
  2565      2567       7.7633e+01   8.2000e+01    5.33e+00           7494          7147      5
  2571      2573       7.7633e+01   8.2000e+01    5.33e+00           7514          7165      5
  2576      2578       7.7633e+01   8.2000e+01    5.33e+00           7524          7175      5
  2581      2583       7.7633e+01   8.2000e+01    5.33e+00           7547          7198      5
  2587      2589       7.7633e+01   8.2000e+01    5.33e+00           7558          7207      5
  2592      2594       7.7633e+01   8.2000e+01    5.33e+00           7571          7220      5
  2597      2599       7.7634e+01   8.2000e+01    5.32e+00           7588          7235      5
  2602      2604       7.7634e+01   8.2000e+01    5.32e+00           7598          7245      5
  2608      2610       7.7634e+01   8.2000e+01    5.32e+00           7617          7264      5
  2613      2615       7.7634e+01   8.2000e+01    5.32e+00           7630          7275      5
  2618      2620       7.7634e+01   8.2000e+01    5.32e+00           7644          7289      5
  2623      2625       7.7634e+01   8.2000e+01    5.32e+00           7659          7302      5
  2628      2630       7.7634e+01   8.2000e+01    5.32e+00           7671          7314      5
  2634      2636       7.7634e+01   8.2000e+01    5.32e+00           7694          7335      5
  2639      2641       7.7634e+01   8.2000e+01    5.32e+00           7703          7344      5
  2644      2646       7.7634e+01   8.2000e+01    5.32e+00           7717          7358      5
  2649      2651       7.7634e+01   8.2000e+01    5.32e+00           7736          7375      5
  2655      2657       7.7634e+01   8.2000e+01    5.32e+00           7746          7385      5
  2660      2662       7.7634e+01   8.2000e+01    5.32e+00           7767          7404      5
  2665      2667       7.7634e+01   8.2000e+01    5.32e+00           7775          7412      5
  2670      2672       7.7634e+01   8.2000e+01    5.32e+00           7787          7424      5
  2676      2678       7.7634e+01   8.2000e+01    5.32e+00           7802          7437      5
  2681      2683       7.7634e+01   8.2000e+01    5.32e+00           7812          7447      5
  2686      2688       7.7634e+01   8.2000e+01    5.32e+00           7830          7465      5
  2691      2693       7.7634e+01   8.2000e+01    5.32e+00           7844          7477      5
  2697      2699       7.7634e+01   8.2000e+01    5.32e+00           7856          7489      5
  2702      2704       7.7634e+01   8.2000e+01    5.32e+00           7877          7508      5
  2707      2709       7.7634e+01   8.2000e+01    5.32e+00           7887          7518      5
  2712      2714       7.7634e+01   8.2000e+01    5.32e+00           7905          7536      5
  2717      2720       7.7634e+01   8.2000e+01    5.32e+00           7922          7551      5
  2723      2725       7.7634e+01   8.2000e+01    5.32e+00           7933          7562      5
  2728      2730       7.7634e+01   8.2000e+01    5.32e+00           7953          7580      5
  2733      2736       7.7634e+01   8.2000e+01    5.32e+00           7962          7589      5
  2739      2741       7.7634e+01   8.2000e+01    5.32e+00           7979          7606      5
  2744      2746       7.7634e+01   8.2000e+01    5.32e+00           7994          7619      5
  2749      2751       7.7634e+01   8.2000e+01    5.32e+00           8004          7629      5
  2754      2757       7.7634e+01   8.2000e+01    5.32e+00           8029          7652      5
  2760      2762       7.7634e+01   8.2000e+01    5.32e+00           8038          7661      5
  2765      2767       7.7634e+01   8.2000e+01    5.32e+00           8053          7676      5
  2770      2772       7.7635e+01   8.2000e+01    5.32e+00           8071          7692      5
  2775      2777       7.7635e+01   8.2000e+01    5.32e+00           8080          7701      5
  2780      2782       7.7635e+01   8.2000e+01    5.32e+00           8100          7721      5
  2786      2788       7.7635e+01   8.2000e+01    5.32e+00           8113          7732      5
  2791      2793       7.7635e+01   8.2000e+01    5.32e+00           8125          7744      5
  2797      2799       7.7635e+01   8.2000e+01    5.32e+00           8148          7765      5
  2802      2804       7.7635e+01   8.2000e+01    5.32e+00           8157          7774      5
  2807      2809       7.7635e+01   8.2000e+01    5.32e+00           8172          7789      5
  2812      2815       7.7636e+01   8.2000e+01    5.32e+00           8190          7805      5
  2818      2820       7.7636e+01   8.2000e+01    5.32e+00           8200          7815      5
  2823      2825       7.7636e+01   8.2000e+01    5.32e+00           8220          7833      5
  2828      2830       7.7636e+01   8.2000e+01    5.32e+00           8229          7842      5
  2833      2835       7.7636e+01   8.2000e+01    5.32e+00           8246          7859      5
  2839      2841       7.7636e+01   8.2000e+01    5.32e+00           8258          7869      5
  2844      2846       7.7636e+01   8.2000e+01    5.32e+00           8269          7880      5
  2849      2851       7.7636e+01   8.2000e+01    5.32e+00           8292          7901      5
  2854      2857       7.7636e+01   8.2000e+01    5.32e+00           8300          7909      5
  2860      2862       7.7636e+01   8.2000e+01    5.32e+00           8312          7921      5
  2865      2867       7.7637e+01   8.2000e+01    5.32e+00           8334          7941      5
  2870      2873       7.7637e+01   8.2000e+01    5.32e+00           8344          7951      5
  2876      2878       7.7637e+01   8.2000e+01    5.32e+00           8365          7970      5
  2881      2883       7.7637e+01   8.2000e+01    5.32e+00           8374          7979      5
  2886      2889       7.7637e+01   8.2000e+01    5.32e+00           8390          7995      5
  2892      2894       7.7637e+01   8.2000e+01    5.32e+00           8408          8011      5
  2897      2899       7.7637e+01   8.2000e+01    5.32e+00           8418          8021      5
  2902      2904       7.7637e+01   8.2000e+01    5.32e+00           8438          8041      5
  2908      2910       7.7637e+01   8.2000e+01    5.32e+00           8452          8053      5
  2913      2915       7.7637e+01   8.2000e+01    5.32e+00           8464          8065      5
  2918      2920       7.7637e+01   8.2000e+01    5.32e+00           8483          8082      5
  2923      2925       7.7637e+01   8.2000e+01    5.32e+00           8493          8092      5
  2928      2930       7.7637e+01   8.2000e+01    5.32e+00           8515          8114      5
  2933      2936       7.7637e+01   8.2000e+01    5.32e+00           8524          8121      5
  2939      2941       7.7637e+01   8.2000e+01    5.32e+00           8536          8133      5
  2944      2946       7.7637e+01   8.2000e+01    5.32e+00           8558          8153      5
  2949      2951       7.7637e+01   8.2000e+01    5.32e+00           8567          8162      5
  2954      2956       7.7637e+01   8.2000e+01    5.32e+00           8582          8177      5
  2963      2965       7.7637e+01   8.2000e+01    5.32e+00           8593          8186      5
  2968      2970       7.7637e+01   8.2000e+01    5.32e+00           8601          8194      5
  2973      2976       7.7637e+01   8.2000e+01    5.32e+00           8613          8206      5
  2979      2981       7.7638e+01   8.2000e+01    5.32e+00           8638          8229      5
  2984      2986       7.7638e+01   8.2000e+01    5.32e+00           8647          8238      5
  2989      2991       7.7638e+01   8.2000e+01    5.32e+00           8662          8253      5
  2995      2997       7.7638e+01   8.2000e+01    5.32e+00           8683          8272      5
  3000      3002       7.7638e+01   8.2000e+01    5.32e+00           8693          8282      5
  3005      3007       7.7638e+01   8.2000e+01    5.32e+00           8711          8298      5
  3010      3012       7.7638e+01   8.2000e+01    5.32e+00           8720          8307      5
  3015      3017       7.7638e+01   8.2000e+01    5.32e+00           8736          8323      5
  3020      3023       7.7638e+01   8.2000e+01    5.32e+00           8750          8335      5
  3025      3028       7.7638e+01   8.2000e+01    5.32e+00           8762          8347      5
  3031      3033       7.7638e+01   8.2000e+01    5.32e+00           8783          8366      5
  3036      3038       7.7638e+01   8.2000e+01    5.32e+00           8791          8374      5
  3041      3043       7.7638e+01   8.2000e+01    5.32e+00           8804          8387      5
  3046      3049       7.7638e+01   8.2000e+01    5.32e+00           8820          8401      5
  3052      3054       7.7638e+01   8.2000e+01    5.32e+00           8831          8412      5
  3057      3060       7.7638e+01   8.2000e+01    5.32e+00           8854          8433      5
  3062      3065       7.7638e+01   8.2000e+01    5.32e+00           8863          8442      5
  3068      3070       7.7638e+01   8.2000e+01    5.32e+00           8880          8459      5
  3073      3075       7.7638e+01   8.2000e+01    5.32e+00           8894          8471      5
  3078      3081       7.7638e+01   8.2000e+01    5.32e+00           8905          8482      5
  3083      3086       7.7638e+01   8.2000e+01    5.32e+00           8923          8498      5
  3089      3091       7.7638e+01   8.2000e+01    5.32e+00           8932          8507      5
  3094      3096       7.7638e+01   8.2000e+01    5.32e+00           8952          8527      5
  3099      3101       7.7638e+01   8.2000e+01    5.32e+00           8963          8536      5
  3104      3106       7.7638e+01   8.2000e+01    5.32e+00           8974          8547      5
  3109      3112       7.7638e+01   8.2000e+01    5.32e+00           8999          8570      5
  3114      3117       7.7638e+01   8.2000e+01    5.32e+00           9007          8578      5
  3119      3122       7.7638e+01   8.2000e+01    5.32e+00           9022          8593      5
  3125      3127       7.7638e+01   8.2000e+01    5.32e+00           9037          8606      5
  3130      3132       7.7638e+01   8.2000e+01    5.32e+00           9050          8619      5
  3135      3137       7.7639e+01   8.2000e+01    5.32e+00           9066          8633      5
  3140      3142       7.7639e+01   8.2000e+01    5.32e+00           9076          8643      5
  3145      3148       7.7640e+01   8.2000e+01    5.32e+00           9098          8663      5
  3150      3153       7.7640e+01   8.2000e+01    5.32e+00           9106          8671      5
  3155      3158       7.7640e+01   8.2000e+01    5.32e+00           9121          8686      5
  3161      3163       7.7640e+01   8.2000e+01    5.32e+00           9138          8701      5
  3166      3168       7.7640e+01   8.2000e+01    5.32e+00           9148          8711      5
  3171      3173       7.7640e+01   8.2000e+01    5.32e+00           9168          8729      5
  3176      3179       7.7640e+01   8.2000e+01    5.32e+00           9177          8738      5
  3181      3184       7.7640e+01   8.2000e+01    5.32e+00           9192          8753      5
  3187      3189       7.7640e+01   8.2000e+01    5.32e+00           9204          8763      5
  3192      3194       7.7640e+01   8.2000e+01    5.32e+00           9216          8775      5
  3197      3200       7.7640e+01   8.2000e+01    5.32e+00           9237          8794      5
  3203      3205       7.7640e+01   8.2000e+01    5.32e+00           9247          8804      5
  3208      3211       7.7641e+01   8.2000e+01    5.32e+00           9270          8825      5
  3214      3216       7.7641e+01   8.2000e+01    5.32e+00           9278          8833      5
  3219      3221       7.7641e+01   8.2000e+01    5.32e+00           9290          8845      5
  3224      3227       7.7641e+01   8.2000e+01    5.32e+00           9313          8866      5
  3230      3232       7.7641e+01   8.2000e+01    5.32e+00           9322          8875      5
  3235      3237       7.7641e+01   8.2000e+01    5.32e+00           9337          8890      5
  3241      3243       7.7642e+01   8.2000e+01    5.31e+00           9352          8903      5
  3246      3248       7.7642e+01   8.2000e+01    5.31e+00           9364          8915      5
  3251      3253       7.7642e+01   8.2000e+01    5.31e+00           9384          8933      5
  3256      3259       7.7642e+01   8.2000e+01    5.31e+00           9395          8944      5
  3262      3265       7.7642e+01   8.2000e+01    5.31e+00           9419          8966      5
  3268      3270       7.7642e+01   8.2000e+01    5.31e+00           9428          8975      5
  3273      3275       7.7642e+01   8.2000e+01    5.31e+00           9444          8991      5
  3278      3280       7.7642e+01   8.2000e+01    5.31e+00           9461          9006      5
  3283      3285       7.7642e+01   8.2000e+01    5.31e+00           9472          9017      5
  3288      3290       7.7642e+01   8.2000e+01    5.31e+00           9496          9039      5
  3293      3296       7.7642e+01   8.2000e+01    5.31e+00           9505          9048      5
  3298      3301       7.7642e+01   8.2000e+01    5.31e+00           9523          9066      5
  3303      3306       7.7642e+01   8.2000e+01    5.31e+00           9537          9078      5
  3309      3311       7.7642e+01   8.2000e+01    5.31e+00           9550          9091      5
  3314      3316       7.7642e+01   8.2000e+01    5.31e+00           9565          9104      5
  3319      3321       7.7642e+01   8.2000e+01    5.31e+00           9575          9114      5
  3333      3335       7.7642e+01   8.2000e+01    5.31e+00           9598          9135      5
  3338      3340       7.7642e+01   8.2000e+01    5.31e+00           9606          9143      5
  3343      3346       7.7642e+01   8.2000e+01    5.31e+00           9619          9156      5
  3348      3351       7.7642e+01   8.2000e+01    5.31e+00           9637          9172      5
  3353      3356       7.7642e+01   8.2000e+01    5.31e+00           9647          9182      5
  3359      3361       7.7642e+01   8.2000e+01    5.31e+00           9667          9202      5
  3364      3366       7.7643e+01   8.2000e+01    5.31e+00           9678          9211      5
  3369      3372       7.7643e+01   8.2000e+01    5.31e+00           9691          9224      5
  3375      3377       7.7643e+01   8.2000e+01    5.31e+00           9709          9240      5
  3380      3382       7.7643e+01   8.2000e+01    5.31e+00           9718          9249      5
  3385      3387       7.7643e+01   8.2000e+01    5.31e+00           9736          9267      5
  3390      3392       7.7643e+01   8.2000e+01    5.31e+00           9748          9277      5
  3395      3398       7.7643e+01   8.2000e+01    5.31e+00           9761          9290      5
  3400      3403       7.7643e+01   8.2000e+01    5.31e+00           9779          9306      5
  3406      3408       7.7643e+01   8.2000e+01    5.31e+00           9789          9316      5
  3411      3414       7.7643e+01   8.2000e+01    5.31e+00           9808          9333      5
  3417      3419       7.7643e+01   8.2000e+01    5.31e+00           9817          9342      5
  3422      3424       7.7643e+01   8.2000e+01    5.31e+00           9832          9357      5
  3427      3430       7.7643e+01   8.2000e+01    5.31e+00           9847          9370      5
  3432      3435       7.7643e+01   8.2000e+01    5.31e+00           9857          9380      5
  3437      3440       7.7643e+01   8.2000e+01    5.31e+00           9877          9400      5
  3443      3445       7.7644e+01   8.2000e+01    5.31e+00           9889          9410      5
  3448      3450       7.7644e+01   8.2000e+01    5.31e+00           9901          9422      5
  3454      3456       7.7644e+01   8.2000e+01    5.31e+00           9921          9440      5
  3459      3461       7.7644e+01   8.2000e+01    5.31e+00           9930          9449      5
  3464      3466       7.7644e+01   8.2000e+01    5.31e+00           9946          9465      5
  3469      3472       7.7644e+01   8.2000e+01    5.31e+00           9960          9477      5
  3474      3477       7.7644e+01   8.2000e+01    5.31e+00           9972          9489      5
  3480      3482       7.7644e+01   8.2000e+01    5.31e+00           9991          9506      5
  3485      3487       7.7644e+01   8.2000e+01    5.31e+00          10000          9515      5
  3490      3492       7.7644e+01   8.2000e+01    5.31e+00          10017          9532      5
  3495      3498       7.7644e+01   8.2000e+01    5.31e+00          10030          9543      5
  3500      3503       7.7644e+01   8.2000e+01    5.31e+00          10041          9554      5
  3505      3508       7.7645e+01   8.2000e+01    5.31e+00          10058          9569      5
  3511      3513       7.7645e+01   8.2000e+01    5.31e+00          10067          9578      5
  3516      3518       7.7645e+01   8.2000e+01    5.31e+00          10084          9595      5
  3521      3523       7.7645e+01   8.2000e+01    5.31e+00          10099          9608      5
  3526      3529       7.7645e+01   8.2000e+01    5.31e+00          10111          9620      5
  3531      3534       7.7645e+01   8.2000e+01    5.31e+00          10129          9636      5
  3536      3539       7.7645e+01   8.2000e+01    5.31e+00          10139          9646      5
  3542      3545       7.7645e+01   8.2000e+01    5.31e+00          10164          9669      5
  3547      3550       7.7645e+01   8.2000e+01    5.31e+00          10173          9678      5
  3552      3555       7.7645e+01   8.2000e+01    5.31e+00          10190          9695      5
  3557      3560       7.7645e+01   8.2000e+01    5.31e+00          10202          9705      5
  3562      3565       7.7645e+01   8.2000e+01    5.31e+00          10211          9714      5
  3567      3570       7.7645e+01   8.2000e+01    5.31e+00          10228          9731      5
  3573      3575       7.7645e+01   8.2000e+01    5.31e+00          10243          9744      5
  3578      3581       7.7645e+01   8.2000e+01    5.31e+00          10253          9754      5
  3584      3586       7.7645e+01   8.2000e+01    5.31e+00          10273          9772      5
  3589      3592       7.7645e+01   8.2000e+01    5.31e+00          10281          9780      5
  3594      3597       7.7645e+01   8.2000e+01    5.31e+00          10293          9792      5
  3599      3602       7.7645e+01   8.2000e+01    5.31e+00          10314          9811      5
  3604      3607       7.7645e+01   8.2000e+01    5.31e+00          10323          9820      5
  3609      3612       7.7645e+01   8.2000e+01    5.31e+00          10341          9838      5
  3615      3617       7.7645e+01   8.2000e+01    5.31e+00          10354          9849      5
  3620      3623       7.7645e+01   8.2000e+01    5.31e+00          10368          9863      5
  3625      3628       7.7645e+01   8.2000e+01    5.31e+00          10384          9877      5
  3630      3633       7.7645e+01   8.2000e+01    5.31e+00          10394          9887      5
  3635      3638       7.7645e+01   8.2000e+01    5.31e+00          10414          9905      5
  3641      3643       7.7645e+01   8.2000e+01    5.31e+00          10422          9913      5
  3646      3648       7.7645e+01   8.2000e+01    5.31e+00          10435          9926      5
  3651      3654       7.7646e+01   8.2000e+01    5.31e+00          10456          9945      5
  3656      3659       7.7646e+01   8.2000e+01    5.31e+00          10465          9954      5
  3661      3664       7.7646e+01   8.2000e+01    5.31e+00          10481          9970      5
  3667      3669       7.7646e+01   8.2000e+01    5.31e+00          10497          9984      5
  3672      3674       7.7646e+01   8.2000e+01    5.31e+00          10508          9995      5
  3677      3680       7.7646e+01   8.2000e+01    5.31e+00          10531         10016      5
  3682      3685       7.7646e+01   8.2000e+01    5.31e+00          10539         10024      5
  3687      3690       7.7646e+01   8.2000e+01    5.31e+00          10552         10037      5
  3692      3695       7.7646e+01   8.2000e+01    5.31e+00          10570         10053      5
  3698      3700       7.7646e+01   8.2000e+01    5.31e+00          10581         10064      5
  3703      3706       7.7646e+01   8.2000e+01    5.31e+00          10606         10087      5
  3709      3711       7.7646e+01   8.2000e+01    5.31e+00          10614         10095      5
  3714      3717       7.7646e+01   8.2000e+01    5.31e+00          10628         10109      5
  3719      3722       7.7646e+01   8.2000e+01    5.31e+00          10648         10127      5
  3725      3727       7.7646e+01   8.2000e+01    5.31e+00          10658         10137      5
  3730      3733       7.7646e+01   8.2000e+01    5.31e+00          10677         10154      5
  3736      3738       7.7646e+01   8.2000e+01    5.31e+00          10686         10163      5
  3741      3744       7.7646e+01   8.2000e+01    5.31e+00          10701         10178      5
  3746      3749       7.7646e+01   8.2000e+01    5.31e+00          10719         10194      5
  3751      3754       7.7646e+01   8.2000e+01    5.31e+00          10729         10204      5
  3757      3760       7.7647e+01   8.2000e+01    5.31e+00          10751         10224      5
  3762      3765       7.7647e+01   8.2000e+01    5.31e+00          10761         10234      5
  3767      3770       7.7647e+01   8.2000e+01    5.31e+00          10778         10251      5
  3773      3775       7.7647e+01   8.2000e+01    5.31e+00          10792         10263      5
  3778      3780       7.7647e+01   8.2000e+01    5.31e+00          10804         10275      5
  3783      3786       7.7647e+01   8.2000e+01    5.31e+00          10825         10294      5
  3788      3791       7.7647e+01   8.2000e+01    5.31e+00          10834         10303      5
  3793      3796       7.7647e+01   8.2000e+01    5.31e+00          10853         10322      5
  3799      3801       7.7647e+01   8.2000e+01    5.31e+00          10864         10331      5
  3804      3807       7.7647e+01   8.2000e+01    5.31e+00          10875         10342      5
  3809      3812       7.7647e+01   8.2000e+01    5.31e+00          10897         10362      5
  3814      3817       7.7647e+01   8.2000e+01    5.31e+00          10906         10371      5
  3820      3822       7.7647e+01   8.2000e+01    5.31e+00          10923         10388      5
  3825      3828       7.7647e+01   8.2000e+01    5.31e+00          10940         10403      5
  3830      3833       7.7647e+01   8.2000e+01    5.31e+00          10952         10415      5
  3836      3839       7.7647e+01   8.2000e+01    5.31e+00          10973         10434      5
  3841      3844       7.7647e+01   8.2000e+01    5.31e+00          10982         10443      5
  3846      3849       7.7647e+01   8.2000e+01    5.31e+00          10999         10460      5
  3851      3854       7.7647e+01   8.2000e+01    5.31e+00          11010         10469      5
  3856      3859       7.7647e+01   8.2000e+01    5.31e+00          11021         10480      5
  3861      3864       7.7647e+01   8.2000e+01    5.31e+00          11042         10499      5
  3867      3870       7.7647e+01   8.2000e+01    5.31e+00          11051         10508      5
  3872      3875       7.7647e+01   8.2000e+01    5.31e+00          11067         10524      5
  3877      3880       7.7648e+01   8.2000e+01    5.31e+00          11081         10536      5
  3883      3886       7.7648e+01   8.2000e+01    5.31e+00          11091         10546      5
  3888      3891       7.7648e+01   8.2000e+01    5.31e+00          11111         10566      5
  3893      3896       7.7648e+01   8.2000e+01    5.31e+00          11124         10577      5
  3898      3901       7.7648e+01   8.2000e+01    5.31e+00          11136         10589      5
  3903      3906       7.7648e+01   8.2000e+01    5.31e+00          11157         10608      5
  3909      3912       7.7648e+01   8.2000e+01    5.31e+00          11165         10616      5
  3914      3917       7.7648e+01   8.2000e+01    5.31e+00          11178         10629      5
  3920      3922       7.7648e+01   8.2000e+01    5.31e+00          11199         10648      5
  3925      3928       7.7648e+01   8.2000e+01    5.31e+00          11208         10657      5
  3930      3933       7.7648e+01   8.2000e+01    5.31e+00          11224         10673      5
  3935      3938       7.7648e+01   8.2000e+01    5.31e+00          11241         10688      5
  3940      3943       7.7648e+01   8.2000e+01    5.31e+00          11250         10697      5
  3946      3948       7.7648e+01   8.2000e+01    5.31e+00          11270         10717      5
  3951      3954       7.7648e+01   8.2000e+01    5.31e+00          11279         10724      5
  3956      3959       7.7648e+01   8.2000e+01    5.31e+00          11289         10734      5
  3961      3964       7.7648e+01   8.2000e+01    5.31e+00          11310         10755      5
  3966      3969       7.7649e+01   8.2000e+01    5.31e+00          11321         10764      5
  3971      3974       7.7649e+01   8.2000e+01    5.31e+00          11333         10776      5
  3976      3979       7.7649e+01   8.2000e+01    5.31e+00          11352         10793      5
  3982      3985       7.7649e+01   8.2000e+01    5.31e+00          11361         10802      5
  3987      3990       7.7649e+01   8.2000e+01    5.31e+00          11376         10817      5
  3992      3995       7.7649e+01   8.2000e+01    5.31e+00          11394         10833      5
  3998      4001       7.7649e+01   8.2000e+01    5.31e+00          11404         10843      5
  4003      4006       7.7649e+01   8.2000e+01    5.31e+00          11422         10859      5
  4008      4011       7.7649e+01   8.2000e+01    5.31e+00          11431         10868      5
  4013      4016       7.7649e+01   8.2000e+01    5.31e+00          11445         10882      5
  4019      4022       7.7649e+01   8.2000e+01    5.31e+00          11460         10895      5
  4024      4027       7.7649e+01   8.2000e+01    5.31e+00          11469         10904      5
  4029      4032       7.7649e+01   8.2000e+01    5.31e+00          11483         10918      5
  4035      4038       7.7649e+01   8.2000e+01    5.31e+00          11503         10936      5
  4040      4043       7.7649e+01   8.2000e+01    5.31e+00          11512         10945      5
  4045      4048       7.7649e+01   8.2000e+01    5.31e+00          11527         10960      5
  4051      4054       7.7649e+01   8.2000e+01    5.31e+00          11544         10975      5
  4056      4059       7.7649e+01   8.2000e+01    5.31e+00          11553         10984      5
  4061      4064       7.7649e+01   8.2000e+01    5.31e+00          11570         11001      5
  4066      4069       7.7649e+01   8.2000e+01    5.31e+00          11582         11011      5
  4071      4074       7.7649e+01   8.2000e+01    5.31e+00          11592         11021      5
  4077      4080       7.7649e+01   8.2000e+01    5.31e+00          11609         11036      5
  4082      4085       7.7649e+01   8.2000e+01    5.31e+00          11617         11044      5
  4087      4090       7.7649e+01   8.2000e+01    5.31e+00          11629         11056      5
  4093      4096       7.7649e+01   8.2000e+01    5.31e+00          11649         11074      5
  4098      4101       7.7649e+01   8.2000e+01    5.31e+00          11657         11082      5
  4103      4106       7.7649e+01   8.2000e+01    5.31e+00          11671         11096      5
  4109      4112       7.7649e+01   8.2000e+01    5.31e+00          11688         11111      5
  4114      4117       7.7649e+01   8.2000e+01    5.31e+00          11697         11120      5
  4119      4122       7.7649e+01   8.2000e+01    5.31e+00          11719         11140      5
  4124      4127       7.7650e+01   8.2000e+01    5.31e+00          11726         11147      5
  4129      4132       7.7650e+01   8.2000e+01    5.31e+00          11738         11159      5
  4134      4137       7.7650e+01   8.2000e+01    5.31e+00          11756         11175      5
  4140      4143       7.7650e+01   8.2000e+01    5.31e+00          11765         11184      5
  4145      4148       7.7650e+01   8.2000e+01    5.31e+00          11781         11200      5
  4150      4153       7.7650e+01   8.2000e+01    5.31e+00          11800         11217      5
  4155      4158       7.7650e+01   8.2000e+01    5.31e+00          11811         11228      5
  4161      4164       7.7650e+01   8.2000e+01    5.30e+00          11832         11247      5
  4166      4169       7.7650e+01   8.2000e+01    5.30e+00          11840         11255      5
  4171      4174       7.7650e+01   8.2000e+01    5.30e+00          11853         11268      5
  4176      4179       7.7650e+01   8.2000e+01    5.30e+00          11870         11283      5
  4181      4184       7.7650e+01   8.2000e+01    5.30e+00          11878         11291      5
  4187      4190       7.7650e+01   8.2000e+01    5.30e+00          11892         11305      5
  4192      4195       7.7650e+01   8.2000e+01    5.30e+00          11910         11321      5
  4197      4200       7.7650e+01   8.2000e+01    5.30e+00          11919         11330      5
  4202      4205       7.7650e+01   8.2000e+01    5.30e+00          11933         11344      5
  4207      4211       7.7651e+01   8.2000e+01    5.30e+00          11947         11356      5
  4213      4216       7.7651e+01   8.2000e+01    5.30e+00          11956         11365      5
  4218      4221       7.7651e+01   8.2000e+01    5.30e+00          11971         11380      5
  4223      4226       7.7651e+01   8.2000e+01    5.30e+00          11987         11394      5
  4228      4231       7.7651e+01   8.2000e+01    5.30e+00          11997         11404      5
  4233      4236       7.7651e+01   8.2000e+01    5.30e+00          12019         11424      5
  4238      4241       7.7651e+01   8.2000e+01    5.30e+00          12027         11432      5
  4243      4247       7.7651e+01   8.2000e+01    5.30e+00          12040         11445      5
  4249      4252       7.7651e+01   8.2000e+01    5.30e+00          12062         11465      5
  4254      4257       7.7651e+01   8.2000e+01    5.30e+00          12071         11474      5
  4260      4263       7.7651e+01   8.2000e+01    5.30e+00          12085         11488      5
  4265      4268       7.7651e+01   8.2000e+01    5.30e+00          12101         11502      5
  4270      4273       7.7651e+01   8.2000e+01    5.30e+00          12110         11511      5
  4275      4278       7.7651e+01   8.2000e+01    5.30e+00          12126         11527      5
  4280      4283       7.7651e+01   8.2000e+01    5.30e+00          12141         11540      5
  4285      4289       7.7651e+01   8.2000e+01    5.30e+00          12153         11552      5
  4291      4294       7.7651e+01   8.2000e+01    5.30e+00          12174         11571      5
  4296      4299       7.7651e+01   8.2000e+01    5.30e+00          12183         11580      5
  4301      4304       7.7651e+01   8.2000e+01    5.30e+00          12199         11596      5
  4307      4310       7.7651e+01   8.2000e+01    5.30e+00          12215         11610      5
  4312      4315       7.7651e+01   8.2000e+01    5.30e+00          12226         11621      5
  4317      4320       7.7651e+01   8.2000e+01    5.30e+00          12245         11638      5
  4323      4326       7.7651e+01   8.2000e+01    5.30e+00          12255         11648      5
  4328      4331       7.7651e+01   8.2000e+01    5.30e+00          12274         11667      5
  4333      4336       7.7652e+01   8.2000e+01    5.30e+00          12289         11680      5
  4338      4341       7.7652e+01   8.2000e+01    5.30e+00          12301         11692      5
  4343      4347       7.7652e+01   8.2000e+01    5.30e+00          12323         11712      5
  4349      4352       7.7652e+01   8.2000e+01    5.30e+00          12333         11722      5
  4354      4357       7.7652e+01   8.2000e+01    5.30e+00          12351         11740      5
  4359      4362       7.7652e+01   8.2000e+01    5.30e+00          12361         11748      5
  4364      4367       7.7652e+01   8.2000e+01    5.30e+00          12375         11762      5
  4369      4373       7.7652e+01   8.2000e+01    5.30e+00          12396         11781      5
  4375      4378       7.7652e+01   8.2000e+01    5.30e+00          12408         11793      5
  4380      4383       7.7653e+01   8.2000e+01    5.30e+00          12432         11815      5
  4385      4388       7.7653e+01   8.2000e+01    5.30e+00          12441         11824      5
  4390      4393       7.7653e+01   8.2000e+01    5.30e+00          12460         11843      5
  4396      4399       7.7653e+01   8.2000e+01    5.30e+00          12473         11854      5
  4401      4404       7.7653e+01   8.2000e+01    5.30e+00          12485         11866      5
  4406      4410       7.7653e+01   8.2000e+01    5.30e+00          12507         11886      5
  4412      4415       7.7653e+01   8.2000e+01    5.30e+00          12516         11895      5
  4417      4420       7.7653e+01   8.2000e+01    5.30e+00          12539         11918      5
  4422      4425       7.7654e+01   8.2000e+01    5.30e+00          12549         11926      5
  4427      4430       7.7654e+01   8.2000e+01    5.30e+00          12564         11941      5
  4432      4436       7.7654e+01   8.2000e+01    5.30e+00          12582         11957      5
  4437      4441       7.7654e+01   8.2000e+01    5.30e+00          12592         11967      5
  4442      4446       7.7654e+01   8.2000e+01    5.30e+00          12614         11989      5
  4448      4451       7.7654e+01   8.2000e+01    5.30e+00          12626         11999      5
  4453      4456       7.7654e+01   8.2000e+01    5.30e+00          12638         12011      5
  4458      4461       7.7654e+01   8.2000e+01    5.30e+00          12659         12030      5
  4463      4466       7.7654e+01   8.2000e+01    5.30e+00          12667         12038      5
  4468      4471       7.7654e+01   8.2000e+01    5.30e+00          12680         12051      5
  4473      4477       7.7654e+01   8.2000e+01    5.30e+00          12697         12066      5
  4478      4482       7.7654e+01   8.2000e+01    5.30e+00          12706         12075      5
  4484      4487       7.7655e+01   8.2000e+01    5.30e+00          12728         12095      5
  4489      4493       7.7655e+01   8.2000e+01    5.30e+00          12736         12103      5
  4494      4498       7.7655e+01   8.2000e+01    5.30e+00          12749         12116      5
  4500      4503       7.7655e+01   8.2000e+01    5.30e+00          12766         12131      5
  4505      4508       7.7655e+01   8.2000e+01    5.30e+00          12777         12142      5
  4510      4513       7.7655e+01   8.2000e+01    5.30e+00          12798         12161      5
  4515      4519       7.7655e+01   8.2000e+01    5.30e+00          12807         12170      5
  4520      4524       7.7655e+01   8.2000e+01    5.30e+00          12823         12186      5
  4526      4529       7.7655e+01   8.2000e+01    5.30e+00          12842         12203      5
  4531      4534       7.7655e+01   8.2000e+01    5.30e+00          12852         12213      5
  4536      4539       7.7655e+01   8.2000e+01    5.30e+00          12873         12234      5
  4541      4544       7.7656e+01   8.2000e+01    5.30e+00          12883         12242      5
  4546      4549       7.7656e+01   8.2000e+01    5.30e+00          12896         12255      5
  4551      4555       7.7656e+01   8.2000e+01    5.30e+00          12910         12267      5
  4557      4560       7.7656e+01   8.2000e+01    5.30e+00          12921         12278      5
  4562      4565       7.7656e+01   8.2000e+01    5.30e+00          12944         12299      5
  4567      4571       7.7656e+01   8.2000e+01    5.30e+00          12952         12307      5
  4573      4576       7.7656e+01   8.2000e+01    5.30e+00          12965         12320      5
  4578      4581       7.7656e+01   8.2000e+01    5.30e+00          12981         12334      5
  4583      4587       7.7656e+01   8.2000e+01    5.30e+00          12991         12344      5
  4588      4592       7.7656e+01   8.2000e+01    5.30e+00          13009         12362      5
  4593      4597       7.7656e+01   8.2000e+01    5.30e+00          13021         12372      5
  4599      4602       7.7656e+01   8.2000e+01    5.30e+00          13032         12383      5
  4604      4607       7.7656e+01   8.2000e+01    5.30e+00          13053         12402      5
  4609      4613       7.7656e+01   8.2000e+01    5.30e+00          13062         12411      5
  4614      4618       7.7656e+01   8.2000e+01    5.30e+00          13077         12426      5
  4620      4623       7.7657e+01   8.2000e+01    5.30e+00          13092         12439      5
  4625      4628       7.7657e+01   8.2000e+01    5.30e+00          13102         12449      5
  4630      4634       7.7657e+01   8.2000e+01    5.30e+00          13122         12467      5
  4636      4639       7.7657e+01   8.2000e+01    5.30e+00          13131         12476      5
  4641      4644       7.7657e+01   8.2000e+01    5.30e+00          13145         12490      5
  4646      4650       7.7657e+01   8.2000e+01    5.30e+00          13161         12504      5
  4652      4655       7.7657e+01   8.2000e+01    5.30e+00          13171         12514      5
  4657      4660       7.7657e+01   8.2000e+01    5.30e+00          13192         12535      5
  4662      4666       7.7657e+01   8.2000e+01    5.30e+00          13201         12542      5
  4667      4671       7.7657e+01   8.2000e+01    5.30e+00          13213         12554      5
  4673      4676       7.7657e+01   8.2000e+01    5.30e+00          13229         12568      5
  4678      4681       7.7657e+01   8.2000e+01    5.30e+00          13239         12578      5
  4684      4687       7.7657e+01   8.2000e+01    5.30e+00          13263         12600      5
  4689      4692       7.7657e+01   8.2000e+01    5.30e+00          13271         12608      5
  4694      4697       7.7657e+01   8.2000e+01    5.30e+00          13282         12619      5
  4699      4702       7.7657e+01   8.2000e+01    5.30e+00          13303         12638      5
  4704      4708       7.7657e+01   8.2000e+01    5.30e+00          13312         12647      5
  4709      4713       7.7657e+01   8.2000e+01    5.30e+00          13328         12663      5
  4720      4723       7.7657e+01   8.2000e+01    5.30e+00          13333         12666      5
  4725      4728       7.7657e+01   8.2000e+01    5.30e+00          13341         12674      5
  4730      4734       7.7657e+01   8.2000e+01    5.30e+00          13353         12686      5
  4736      4739       7.7657e+01   8.2000e+01    5.30e+00          13375         12706      5
  4741      4745       7.7657e+01   8.2000e+01    5.30e+00          13384         12715      5
  4746      4750       7.7657e+01   8.2000e+01    5.30e+00          13398         12729      5
  4752      4755       7.7657e+01   8.2000e+01    5.30e+00          13414         12743      5
  4757      4760       7.7657e+01   8.2000e+01    5.30e+00          13424         12753      5
  4762      4766       7.7657e+01   8.2000e+01    5.30e+00          13445         12772      5
  4768      4771       7.7657e+01   8.2000e+01    5.30e+00          13453         12780      5
  4773      4776       7.7657e+01   8.2000e+01    5.30e+00          13465         12792      5
  4778      4782       7.7658e+01   8.2000e+01    5.30e+00          13488         12813      5
  4783      4787       7.7658e+01   8.2000e+01    5.30e+00          13497         12822      5
  4788      4792       7.7658e+01   8.2000e+01    5.30e+00          13517         12842      5
  4794      4797       7.7658e+01   8.2000e+01    5.30e+00          13526         12849      5
  4799      4803       7.7658e+01   8.2000e+01    5.30e+00          13538         12861      5
  4804      4808       7.7658e+01   8.2000e+01    5.30e+00          13557         12878      5
  4810      4813       7.7658e+01   8.2000e+01    5.30e+00          13566         12887      5
  4815      4819       7.7658e+01   8.2000e+01    5.30e+00          13581         12902      5
  4821      4824       7.7658e+01   8.2000e+01    5.30e+00          13595         12914      5
  4826      4829       7.7658e+01   8.2000e+01    5.30e+00          13605         12924      5
  4831      4835       7.7658e+01   8.2000e+01    5.29e+00          13626         12943      5
  4836      4840       7.7658e+01   8.2000e+01    5.29e+00          13635         12952      5
  4841      4845       7.7658e+01   8.2000e+01    5.29e+00          13650         12967      5
  4847      4850       7.7658e+01   8.2000e+01    5.29e+00          13670         12985      5
  4852      4855       7.7658e+01   8.2000e+01    5.29e+00          13680         12995      5
  4858      4861       7.7658e+01   8.2000e+01    5.29e+00          13700         13013      5
  4863      4866       7.7658e+01   8.2000e+01    5.29e+00          13708         13021      5
  4868      4871       7.7658e+01   8.2000e+01    5.29e+00          13720         13033      5
  4873      4877       7.7658e+01   8.2000e+01    5.29e+00          13740         13051      5
  4878      4882       7.7658e+01   8.2000e+01    5.29e+00          13749         13060      5
  4883      4887       7.7658e+01   8.2000e+01    5.29e+00          13767         13078      5
  4889      4893       7.7658e+01   8.2000e+01    5.29e+00          13780         13089      5
  4894      4898       7.7658e+01   8.2000e+01    5.29e+00          13791         13100      5
  4900      4903       7.7659e+01   8.2000e+01    5.29e+00          13815         13122      5
  4905      4909       7.7659e+01   8.2000e+01    5.29e+00          13824         13131      5
  4910      4914       7.7659e+01   8.2000e+01    5.29e+00          13840         13147      5
  4915      4919       7.7659e+01   8.2000e+01    5.29e+00          13853         13158      5
  4921      4924       7.7659e+01   8.2000e+01    5.29e+00          13863         13168      5
  4926      4929       7.7659e+01   8.2000e+01    5.29e+00          13881         13184      5
  4931      4935       7.7659e+01   8.2000e+01    5.29e+00          13889         13192      5
  4936      4940       7.7659e+01   8.2000e+01    5.29e+00          13901         13204      5
  4942      4945       7.7659e+01   8.2000e+01    5.29e+00          13922         13223      5
  4947      4950       7.7659e+01   8.2000e+01    5.29e+00          13932         13233      5
  4952      4956       7.7659e+01   8.2000e+01    5.29e+00          13951         13252      5
  4957      4961       7.7659e+01   8.2000e+01    5.29e+00          13962         13261      5
  4963      4966       7.7659e+01   8.2000e+01    5.29e+00          13974         13273      5
  4968      4971       7.7659e+01   8.2000e+01    5.29e+00          13992         13289      5
  4973      4977       7.7659e+01   8.2000e+01    5.29e+00          14001         13298      5
  4978      4982       7.7659e+01   8.2000e+01    5.29e+00          14016         13313      5
  4984      4987       7.7659e+01   8.2000e+01    5.29e+00          14032         13327      5
  4989      4992       7.7659e+01   8.2000e+01    5.29e+00          14042         13337      5
  4994      4997       7.7659e+01   8.2000e+01    5.29e+00          14063         13358      5
  4999      5003       7.7659e+01   8.2000e+01    5.29e+00          14073         13366      5
  5004      5008       7.7659e+01   8.2000e+01    5.29e+00          14083         13376      5
  5010      5013       7.7659e+01   8.2000e+01    5.29e+00          14103         13394      5
  5015      5019       7.7659e+01   8.2000e+01    5.29e+00          14111         13402      5
  5020      5024       7.7659e+01   8.2000e+01    5.29e+00          14123         13414      5
  5026      5029       7.7659e+01   8.2000e+01    5.29e+00          14143         13432      5
  5031      5034       7.7659e+01   8.2000e+01    5.29e+00          14152         13441      5
  5036      5039       7.7659e+01   8.2000e+01    5.29e+00          14170         13459      5
  5041      5045       7.7659e+01   8.2000e+01    5.29e+00          14184         13471      5
  5046      5050       7.7659e+01   8.2000e+01    5.29e+00          14195         13482      5
  5052      5055       7.7659e+01   8.2000e+01    5.29e+00          14214         13499      5
  5057      5060       7.7659e+01   8.2000e+01    5.29e+00          14224         13509      5
  5062      5066       7.7659e+01   8.2000e+01    5.29e+00          14247         13530      5
  5067      5071       7.7659e+01   8.2000e+01    5.29e+00          14256         13539      5
  5072      5076       7.7659e+01   8.2000e+01    5.29e+00          14275         13558      5
  5078      5081       7.7659e+01   8.2000e+01    5.29e+00          14288         13569      5
  5083      5087       7.7659e+01   8.2000e+01    5.29e+00          14302         13583      5
  5088      5092       7.7659e+01   8.2000e+01    5.29e+00          14324         13603      5
  5093      5097       7.7659e+01   8.2000e+01    5.29e+00          14334         13613      5
  5099      5102       7.7659e+01   8.2000e+01    5.29e+00          14357         13634      5
  5104      5108       7.7659e+01   8.2000e+01    5.29e+00          14366         13643      5
  5109      5113       7.7659e+01   8.2000e+01    5.29e+00          14380         13657      5
  5114      5118       7.7660e+01   8.2000e+01    5.29e+00          14395         13670      5
  5119      5123       7.7660e+01   8.2000e+01    5.29e+00          14406         13681      5
  5125      5129       7.7660e+01   8.2000e+01    5.29e+00          14426         13699      5
  5130      5134       7.7660e+01   8.2000e+01    5.29e+00          14435         13708      5
  5135      5139       7.7660e+01   8.2000e+01    5.29e+00          14450         13723      5
  5141      5144       7.7660e+01   8.2000e+01    5.29e+00          14465         13736      5
  5146      5150       7.7660e+01   8.2000e+01    5.29e+00          14476         13747      5
  5151      5155       7.7660e+01   8.2000e+01    5.29e+00          14497         13766      5
  5156      5160       7.7660e+01   8.2000e+01    5.29e+00          14505         13774      5
  5161      5165       7.7660e+01   8.2000e+01    5.29e+00          14518         13787      5
  5167      5170       7.7660e+01   8.2000e+01    5.29e+00          14538         13805      5
  5172      5176       7.7660e+01   8.2000e+01    5.29e+00          14547         13814      5
  5177      5181       7.7660e+01   8.2000e+01    5.29e+00          14565         13832      5
  5182      5186       7.7660e+01   8.2000e+01    5.29e+00          14578         13843      5
  5187      5191       7.7660e+01   8.2000e+01    5.29e+00          14589         13854      5
  5193      5196       7.7661e+01   8.2000e+01    5.29e+00          14609         13872      5
  5198      5201       7.7661e+01   8.2000e+01    5.29e+00          14617         13880      5
  5203      5206       7.7661e+01   8.2000e+01    5.29e+00          14632         13895      5
  5208      5212       7.7661e+01   8.2000e+01    5.29e+00          14648         13909      5
  5213      5217       7.7661e+01   8.2000e+01    5.29e+00          14658         13919      5
  5218      5222       7.7661e+01   8.2000e+01    5.29e+00          14677         13938      5
  5224      5227       7.7661e+01   8.2000e+01    5.29e+00          14694         13953      5
  5229      5232       7.7661e+01   8.2000e+01    5.29e+00          14705         13964      5
  5234      5238       7.7661e+01   8.2000e+01    5.29e+00          14729         13986      5
  5239      5243       7.7661e+01   8.2000e+01    5.29e+00          14738         13995      5
  5244      5248       7.7661e+01   8.2000e+01    5.29e+00          14753         14010      5
  5250      5253       7.7661e+01   8.2000e+01    5.29e+00          14768         14023      5
  5255      5258       7.7661e+01   8.2000e+01    5.29e+00          14780         14035      5
  5260      5264       7.7661e+01   8.2000e+01    5.29e+00          14799         14052      5
  5265      5269       7.7661e+01   8.2000e+01    5.29e+00          14807         14060      5
  5271      5274       7.7661e+01   8.2000e+01    5.29e+00          14821         14074      5
  5276      5280       7.7661e+01   8.2000e+01    5.29e+00          14839         14090      5
  5281      5285       7.7661e+01   8.2000e+01    5.29e+00          14849         14100      5
  5286      5290       7.7661e+01   8.2000e+01    5.29e+00          14868         14119      5
  5291      5295       7.7661e+01   8.2000e+01    5.29e+00          14878         14127      5
  5297      5301       7.7661e+01   8.2000e+01    5.29e+00          14890         14139      5
  5302      5306       7.7661e+01   8.2000e+01    5.29e+00          14911         14158      5
  5307      5311       7.7661e+01   8.2000e+01    5.29e+00          14920         14167      5
  5312      5316       7.7661e+01   8.2000e+01    5.29e+00          14936         14183      5
  5317      5321       7.7661e+01   8.2000e+01    5.29e+00          14949         14194      5
  5323      5326       7.7661e+01   8.2000e+01    5.29e+00          14961         14206      5
  5328      5332       7.7662e+01   8.2000e+01    5.29e+00          14981         14224      5
  5333      5337       7.7662e+01   8.2000e+01    5.29e+00          14990         14233      5
  5338      5342       7.7662e+01   8.2000e+01    5.29e+00          15007         14250      5
  5344      5347       7.7662e+01   8.2000e+01    5.29e+00          15026         14267      5
  5349      5353       7.7662e+01   8.2000e+01    5.29e+00          15036         14277      5
  5354      5358       7.7662e+01   8.2000e+01    5.29e+00          15052         14293      5
  5359      5363       7.7662e+01   8.2000e+01    5.29e+00          15066         14305      5
  5365      5368       7.7662e+01   8.2000e+01    5.29e+00          15078         14317      5
  5370      5374       7.7662e+01   8.2000e+01    5.29e+00          15099         14336      5
  5375      5379       7.7662e+01   8.2000e+01    5.29e+00          15108         14345      5
  5380      5384       7.7662e+01   8.2000e+01    5.29e+00          15124         14361      5
  5385      5389       7.7662e+01   8.2000e+01    5.29e+00          15137         14372      5
  5391      5395       7.7662e+01   8.2000e+01    5.29e+00          15147         14382      5
  5396      5400       7.7662e+01   8.2000e+01    5.29e+00          15167         14400      5
  5402      5406       7.7662e+01   8.2000e+01    5.29e+00          15175         14408      5
  5407      5411       7.7662e+01   8.2000e+01    5.29e+00          15186         14419      5
  5412      5416       7.7662e+01   8.2000e+01    5.29e+00          15206         14437      5
  5418      5422       7.7662e+01   8.2000e+01    5.29e+00          15215         14446      5
  5423      5427       7.7662e+01   8.2000e+01    5.29e+00          15231         14462      5
  5428      5432       7.7662e+01   8.2000e+01    5.29e+00          15249         14478      5
  5433      5437       7.7662e+01   8.2000e+01    5.29e+00          15259         14488      5
  5438      5442       7.7662e+01   8.2000e+01    5.29e+00          15279         14508      5
  5443      5447       7.7662e+01   8.2000e+01    5.29e+00          15288         14515      5
  5449      5453       7.7662e+01   8.2000e+01    5.29e+00          15301         14528      5
  5454      5458       7.7662e+01   8.2000e+01    5.29e+00          15320         14545      5
  5459      5463       7.7662e+01   8.2000e+01    5.29e+00          15331         14556      5
  5464      5468       7.7662e+01   8.2000e+01    5.29e+00          15352         14577      5
  5470      5474       7.7662e+01   8.2000e+01    5.29e+00          15363         14586      5
  5475      5479       7.7662e+01   8.2000e+01    5.29e+00          15375         14598      5
  5480      5484       7.7662e+01   8.2000e+01    5.29e+00          15400         14621      5
  5486      5490       7.7662e+01   8.2000e+01    5.29e+00          15409         14630      5
  5491      5495       7.7662e+01   8.2000e+01    5.29e+00          15424         14645      5
  5496      5500       7.7663e+01   8.2000e+01    5.29e+00          15442         14661      5
  5501      5505       7.7663e+01   8.2000e+01    5.29e+00          15453         14672      5
  5507      5511       7.7663e+01   8.2000e+01    5.29e+00          15473         14690      5
  5512      5516       7.7663e+01   8.2000e+01    5.29e+00          15483         14700      5
  5518      5522       7.7663e+01   8.2000e+01    5.29e+00          15507         14722      5
  5523      5527       7.7663e+01   8.2000e+01    5.29e+00          15516         14731      5
  5528      5532       7.7663e+01   8.2000e+01    5.29e+00          15531         14746      5
  5534      5538       7.7663e+01   8.2000e+01    5.29e+00          15547         14760      5
  5539      5543       7.7663e+01   8.2000e+01    5.29e+00          15556         14769      5
  5544      5548       7.7663e+01   8.2000e+01    5.29e+00          15572         14785      5
  5549      5553       7.7663e+01   8.2000e+01    5.29e+00          15585         14796      5
  5554      5558       7.7663e+01   8.2000e+01    5.29e+00          15596         14807      5
  5559      5564       7.7663e+01   8.2000e+01    5.29e+00          15617         14826      5
  5565      5569       7.7663e+01   8.2000e+01    5.29e+00          15627         14836      5
  5570      5574       7.7663e+01   8.2000e+01    5.29e+00          15647         14856      5
  5575      5579       7.7663e+01   8.2000e+01    5.29e+00          15660         14867      5
  5580      5584       7.7663e+01   8.2000e+01    5.29e+00          15673         14880      5
  5585      5589       7.7664e+01   8.2000e+01    5.29e+00          15694         14899      5
  5591      5595       7.7664e+01   8.2000e+01    5.29e+00          15704         14909      5
  5596      5600       7.7664e+01   8.2000e+01    5.29e+00          15727         14930      5
  5601      5605       7.7664e+01   8.2000e+01    5.29e+00          15735         14938      5
  5606      5611       7.7664e+01   8.2000e+01    5.29e+00          15746         14949      5
  5612      5616       7.7664e+01   8.2000e+01    5.29e+00          15765         14966      5
  5617      5621       7.7664e+01   8.2000e+01    5.29e+00          15775         14976      5
  5622      5626       7.7664e+01   8.2000e+01    5.29e+00          15793         14994      5
  5627      5631       7.7664e+01   8.2000e+01    5.29e+00          15809         15008      5
  5632      5636       7.7664e+01   8.2000e+01    5.29e+00          15819         15018      5
  5637      5641       7.7664e+01   8.2000e+01    5.29e+00          15839         15038      5
  5643      5647       7.7664e+01   8.2000e+01    5.29e+00          15851         15048      5
  5648      5652       7.7664e+01   8.2000e+01    5.29e+00          15865         15062      5
  5653      5657       7.7664e+01   8.2000e+01    5.29e+00          15885         15080      5
  5658      5662       7.7664e+01   8.2000e+01    5.29e+00          15895         15090      5
  5663      5667       7.7664e+01   8.2000e+01    5.29e+00          15915         15110      5
  5668      5673       7.7664e+01   8.2000e+01    5.29e+00          15925         15118      5
  5674      5678       7.7664e+01   8.2000e+01    5.29e+00          15939         15132      5
  5679      5683       7.7664e+01   8.2000e+01    5.29e+00          15963         15154      5
  5684      5688       7.7664e+01   8.2000e+01    5.29e+00          15973         15164      5
  5690      5694       7.7664e+01   8.2000e+01    5.29e+00          15996         15185      5
  5695      5699       7.7664e+01   8.2000e+01    5.29e+00          16005         15194      5
  5700      5704       7.7664e+01   8.2000e+01    5.29e+00          16020         15209      5
  5705      5710       7.7664e+01   8.2000e+01    5.29e+00          16036         15223      5
  5710      5715       7.7664e+01   8.2000e+01    5.29e+00          16047         15234      5
  5716      5720       7.7664e+01   8.2000e+01    5.29e+00          16068         15253      5
  5721      5725       7.7664e+01   8.2000e+01    5.29e+00          16077         15262      5
  5726      5730       7.7664e+01   8.2000e+01    5.29e+00          16095         15280      5
  5731      5735       7.7664e+01   8.2000e+01    5.29e+00          16107         15290      5
  5736      5740       7.7664e+01   8.2000e+01    5.29e+00          16118         15301      5
  5742      5746       7.7664e+01   8.2000e+01    5.29e+00          16139         15320      5
  5747      5751       7.7664e+01   8.2000e+01    5.29e+00          16149         15330      5
  5752      5757       7.7664e+01   8.2000e+01    5.29e+00          16172         15351      5
  5758      5762       7.7664e+01   8.2000e+01    5.29e+00          16181         15360      5
  5763      5767       7.7664e+01   8.2000e+01    5.29e+00          16198         15377      5
  5768      5773       7.7665e+01   8.2000e+01    5.29e+00          16210         15387      5
  5773      5778       7.7665e+01   8.2000e+01    5.29e+00          16222         15399      5
  5779      5783       7.7665e+01   8.2000e+01    5.29e+00          16244         15419      5
  5784      5788       7.7665e+01   8.2000e+01    5.29e+00          16254         15429      5
  5789      5793       7.7665e+01   8.2000e+01    5.29e+00          16271         15446      5
  5794      5799       7.7665e+01   8.2000e+01    5.29e+00          16282         15455      5
  5800      5804       7.7665e+01   8.2000e+01    5.29e+00          16297         15470      5
  5805      5809       7.7665e+01   8.2000e+01    5.29e+00          16316         15487      5
  5810      5815       7.7665e+01   8.2000e+01    5.29e+00          16328         15499      5
  5816      5820       7.7665e+01   8.2000e+01    5.29e+00          16350         15519      5
  5821      5825       7.7665e+01   8.2000e+01    5.29e+00          16360         15529      5
  5826      5830       7.7665e+01   8.2000e+01    5.29e+00          16378         15547      5
  5832      5836       7.7665e+01   8.2000e+01    5.29e+00          16391         15558      5
  5837      5841       7.7665e+01   8.2000e+01    5.29e+00          16404         15571      5
  5842      5847       7.7665e+01   8.2000e+01    5.29e+00          16425         15590      5
  5847      5852       7.7665e+01   8.2000e+01    5.29e+00          16435         15600      5
  5853      5857       7.7665e+01   8.2000e+01    5.29e+00          16456         15619      5
  5858      5863       7.7665e+01   8.2000e+01    5.29e+00          16465         15628      5
  5864      5868       7.7665e+01   8.2000e+01    5.29e+00          16480         15643      5
  5869      5873       7.7665e+01   8.2000e+01    5.29e+00          16497         15658      5
  5874      5879       7.7665e+01   8.2000e+01    5.29e+00          16509         15670      5
  5880      5884       7.7665e+01   8.2000e+01    5.29e+00          16533         15692      5
  5885      5889       7.7665e+01   8.2000e+01    5.29e+00          16541         15700      5
  5890      5895       7.7665e+01   8.2000e+01    5.29e+00          16554         15713      5
  5895      5900       7.7665e+01   8.2000e+01    5.29e+00          16573         15730      5
  5900      5905       7.7665e+01   8.2000e+01    5.29e+00          16581         15738      5
  5906      5910       7.7665e+01   8.2000e+01    5.29e+00          16595         15752      5
  5911      5915       7.7665e+01   8.2000e+01    5.29e+00          16616         15771      5
  5916      5921       7.7665e+01   8.2000e+01    5.29e+00          16627         15782      5
  5921      5926       7.7665e+01   8.2000e+01    5.29e+00          16650         15803      5
  5927      5931       7.7665e+01   8.2000e+01    5.29e+00          16659         15812      5
  5932      5936       7.7665e+01   8.2000e+01    5.29e+00          16673         15826      5
  5937      5942       7.7665e+01   8.2000e+01    5.29e+00          16694         15845      5
  5942      5947       7.7665e+01   8.2000e+01    5.29e+00          16704         15855      5
  5947      5952       7.7665e+01   8.2000e+01    5.29e+00          16725         15876      5
  5953      5957       7.7665e+01   8.2000e+01    5.29e+00          16737         15886      5
  5958      5962       7.7665e+01   8.2000e+01    5.29e+00          16749         15898      5
  5963      5967       7.7665e+01   8.2000e+01    5.29e+00          16768         15915      5
  5968      5972       7.7665e+01   8.2000e+01    5.29e+00          16777         15924      5
  5973      5978       7.7665e+01   8.2000e+01    5.29e+00          16794         15941      5
  5978      5983       7.7665e+01   8.2000e+01    5.29e+00          16810         15955      5
  5984      5988       7.7665e+01   8.2000e+01    5.29e+00          16821         15966      5
  5989      5993       7.7665e+01   8.2000e+01    5.29e+00          16842         15985      5
  5994      5999       7.7665e+01   8.2000e+01    5.29e+00          16851         15994      5
  5999      6004       7.7665e+01   8.2000e+01    5.29e+00          16866         16009      5
  6005      6009       7.7665e+01   8.2000e+01    5.29e+00          16878         16019      5
  6010      6014       7.7665e+01   8.2000e+01    5.29e+00          16888         16029      5
  6015      6019       7.7666e+01   8.2000e+01    5.29e+00          16910         16049      5
  6020      6025       7.7666e+01   8.2000e+01    5.29e+00          16918         16057      5
  6025      6030       7.7666e+01   8.2000e+01    5.29e+00          16930         16069      5
  6031      6035       7.7666e+01   8.2000e+01    5.29e+00          16948         16085      5
  6036      6040       7.7666e+01   8.2000e+01    5.29e+00          16957         16094      5
  6041      6045       7.7666e+01   8.2000e+01    5.29e+00          16978         16115      5
  6046      6051       7.7666e+01   8.2000e+01    5.29e+00          16988         16123      5
  6052      6056       7.7666e+01   8.2000e+01    5.29e+00          17001         16136      5
  6057      6061       7.7666e+01   8.2000e+01    5.29e+00          17023         16156      5
  6062      6067       7.7666e+01   8.2000e+01    5.29e+00          17032         16165      5
  6068      6072       7.7666e+01   8.2000e+01    5.29e+00          17049         16182      5
  6073      6078       7.7666e+01   8.2000e+01    5.29e+00          17068         16199      5
  6078      6083       7.7666e+01   8.2000e+01    5.29e+00          17081         16212      5
  6084      6088       7.7666e+01   8.2000e+01    5.29e+00          17101         16230      5
  6089      6093       7.7666e+01   8.2000e+01    5.29e+00          17111         16240      5
  6094      6099       7.7666e+01   8.2000e+01    5.29e+00          17131         16258      5
  6099      6104       7.7666e+01   8.2000e+01    5.29e+00          17139         16266      5
  6104      6109       7.7666e+01   8.2000e+01    5.29e+00          17153         16280      5
  6110      6114       7.7666e+01   8.2000e+01    5.29e+00          17174         16299      5
  6115      6119       7.7666e+01   8.2000e+01    5.29e+00          17186         16311      5
  6120      6125       7.7666e+01   8.2000e+01    5.29e+00          17207         16330      5
  6126      6130       7.7666e+01   8.2000e+01    5.29e+00          17216         16339      5
  6131      6135       7.7666e+01   8.2000e+01    5.29e+00          17231         16354      5
  6136      6141       7.7666e+01   8.2000e+01    5.29e+00          17248         16369      5
  6141      6146       7.7666e+01   8.2000e+01    5.29e+00          17260         16381      5
  6147      6151       7.7666e+01   8.2000e+01    5.29e+00          17282         16401      5
  6152      6157       7.7666e+01   8.2000e+01    5.29e+00          17291         16410      5
  6157      6162       7.7666e+01   8.2000e+01    5.29e+00          17306         16425      5
  6162      6167       7.7666e+01   8.2000e+01    5.28e+00          17319         16436      5
  6167      6172       7.7666e+01   8.2000e+01    5.28e+00          17331         16448      5
  6173      6177       7.7667e+01   8.2000e+01    5.28e+00          17354         16469      5
  6178      6183       7.7667e+01   8.2000e+01    5.28e+00          17364         16479      5
  6184      6188       7.7667e+01   8.2000e+01    5.28e+00          17386         16499      5
  6189      6193       7.7667e+01   8.2000e+01    5.28e+00          17394         16507      5
  6194      6198       7.7667e+01   8.2000e+01    5.28e+00          17408         16521      5
  6199      6203       7.7667e+01   8.2000e+01    5.28e+00          17429         16540      5
  6204      6209       7.7667e+01   8.2000e+01    5.28e+00          17440         16551      5
  6209      6214       7.7667e+01   8.2000e+01    5.28e+00          17460         16569      5
  6215      6219       7.7667e+01   8.2000e+01    5.28e+00          17469         16578      5
  6220      6224       7.7667e+01   8.2000e+01    5.28e+00          17484         16593      5
  6225      6229       7.7667e+01   8.2000e+01    5.28e+00          17499         16606      5
  6230      6234       7.7667e+01   8.2000e+01    5.28e+00          17509         16616      5
  6235      6240       7.7667e+01   8.2000e+01    5.28e+00          17533         16638      5
  6241      6245       7.7667e+01   8.2000e+01    5.28e+00          17542         16647      5
  6246      6250       7.7667e+01   8.2000e+01    5.28e+00          17556         16661      5
  6252      6256       7.7667e+01   8.2000e+01    5.28e+00          17573         16676      5
  6257      6261       7.7667e+01   8.2000e+01    5.28e+00          17583         16686      5
  6262      6266       7.7668e+01   8.2000e+01    5.28e+00          17603         16704      5
  6267      6271       7.7668e+01   8.2000e+01    5.28e+00          17611         16712      5
  6272      6277       7.7668e+01   8.2000e+01    5.28e+00          17625         16726      5
  6277      6282       7.7668e+01   8.2000e+01    5.28e+00          17643         16742      5
  6283      6287       7.7668e+01   8.2000e+01    5.28e+00          17653         16752      5
  6288      6292       7.7668e+01   8.2000e+01    5.28e+00          17673         16772      5
  6293      6298       7.7668e+01   8.2000e+01    5.28e+00          17684         16781      5
  6298      6303       7.7668e+01   8.2000e+01    5.28e+00          17702         16799      5
  6303      6308       7.7668e+01   8.2000e+01    5.28e+00          17719         16814      5
  6309      6313       7.7668e+01   8.2000e+01    5.28e+00          17733         16828      5
  6314      6318       7.7669e+01   8.2000e+01    5.28e+00          17752         16845      5
  6319      6323       7.7669e+01   8.2000e+01    5.28e+00          17763         16856      5
  6324      6329       7.7669e+01   8.2000e+01    5.28e+00          17786         16877      5
  6329      6334       7.7669e+01   8.2000e+01    5.28e+00          17794         16885      5
  6334      6339       7.7669e+01   8.2000e+01    5.28e+00          17807         16898      5
  6340      6344       7.7669e+01   8.2000e+01    5.28e+00          17827         16916      5
  6345      6350       7.7669e+01   8.2000e+01    5.28e+00          17837         16926      5
  6350      6355       7.7669e+01   8.2000e+01    5.28e+00          17848         16937      5
  6355      6360       7.7669e+01   8.2000e+01    5.28e+00          17867         16954      5
  6360      6365       7.7669e+01   8.2000e+01    5.28e+00          17878         16965      5
  6366      6370       7.7669e+01   8.2000e+01    5.28e+00          17899         16984      5
  6371      6375       7.7669e+01   8.2000e+01    5.28e+00          17908         16993      5
  6376      6380       7.7669e+01   8.2000e+01    5.28e+00          17925         17010      5
  6381      6386       7.7669e+01   8.2000e+01    5.28e+00          17939         17022      5
  6386      6391       7.7669e+01   8.2000e+01    5.28e+00          17951         17034      5
  6392      6396       7.7669e+01   8.2000e+01    5.28e+00          17975         17056      5
  6397      6402       7.7669e+01   8.2000e+01    5.28e+00          17984         17065      5
  6402      6407       7.7669e+01   8.2000e+01    5.28e+00          18000         17081      5
  6407      6412       7.7669e+01   8.2000e+01    5.28e+00          18015         17094      5
  6413      6417       7.7669e+01   8.2000e+01    5.28e+00          18027         17106      5
  6418      6423       7.7669e+01   8.2000e+01    5.28e+00          18046         17123      5
  6423      6428       7.7669e+01   8.2000e+01    5.28e+00          18055         17132      5
  6428      6433       7.7669e+01   8.2000e+01    5.28e+00          18073         17150      5
  6433      6438       7.7669e+01   8.2000e+01    5.28e+00          18087         17162      5
  6438      6443       7.7669e+01   8.2000e+01    5.28e+00          18098         17173      5
  6444      6449       7.7669e+01   8.2000e+01    5.28e+00          18119         17192      5
  6449      6454       7.7669e+01   8.2000e+01    5.28e+00          18127         17200      5
  6454      6459       7.7669e+01   8.2000e+01    5.28e+00          18143         17216      5
  6460      6464       7.7669e+01   8.2000e+01    5.28e+00          18160         17231      5
  6465      6470       7.7669e+01   8.2000e+01    5.28e+00          18170         17241      5
  6470      6475       7.7669e+01   8.2000e+01    5.28e+00          18192         17263      5
  6475      6480       7.7670e+01   8.2000e+01    5.28e+00          18201         17270      5
  6480      6485       7.7670e+01   8.2000e+01    5.28e+00          18215         17284      5
  6486      6490       7.7670e+01   8.2000e+01    5.28e+00          18237         17304      5
  6491      6495       7.7670e+01   8.2000e+01    5.28e+00          18246         17313      5
  6496      6501       7.7670e+01   8.2000e+01    5.28e+00          18261         17328      5
  6501      6506       7.7670e+01   8.2000e+01    5.28e+00          18277         17342      5
  6506      6511       7.7670e+01   8.2000e+01    5.28e+00          18287         17352      5
  6511      6516       7.7670e+01   8.2000e+01    5.28e+00          18307         17372      5
  6517      6521       7.7670e+01   8.2000e+01    5.28e+00          18319         17382      5
  6522      6527       7.7670e+01   8.2000e+01    5.28e+00          18332         17395      5
  6527      6532       7.7670e+01   8.2000e+01    5.28e+00          18350         17411      5
  6532      6537       7.7670e+01   8.2000e+01    5.28e+00          18359         17420      5
